tender_id,fetched_at,tender_value,tender_purpose,standstill_period,expected_award_date_raw,expected_award_date,work_start_date_raw,work_start_date,offer_submission_location,offer_opening_location,execution_location,classification
929936,2026-08-15T23:04:08.381550+00:00,150.00,إعادة تأهيل الأسوار الخرسانية بالمنطقة السكنية بقاعدة الملك عبدالعزيز الجوية بالقطاع الشرقي,5,"التاريخ: 15/04/1448
الموافق: 27/09/2026",27/09/2026,"التاريخ: 22/04/1448
الموافق: 04/10/2026",04/10/2026,,لجنة فتح العروض بقيادة القوات الجوية الجناح الشرقي,داخل المملكة,المباني الخرسانية
995193,2026-08-15T19:54:48.049535+00:00,0.00,توريد قطع غيار كهربائية لوحدة انتاج الليث  - 60018563 ELE LIT,5,"التاريخ: 07/03/1448
الموافق: 20/08/2026",20/08/2026,"التاريخ: 09/04/1448
الموافق: 21/09/2026",21/09/2026,,المؤسسة العامة لتحلية المياه المالحة – الرياض – العليا – طريق الملك فهد الدور الرابع لجنة فتح المظاريف,داخل المملكة,
1010057,2026-08-15T18:58:00.016092+00:00,500.00,تحديث وتطوير أنظمة إدارة الفيديو الخاصة بمركز العمليات (911) لربط كاميرات المراقبة الأمنية بالمشاعر المقدسة ومكة المكرمة,5,"التاريخ: 04/05/1448
الموافق: 15/10/2026",15/10/2026,"التاريخ: 18/05/1448
الموافق: 29/10/2026",29/10/2026,,الإدارة العامة للمشتريات والعقود,داخل المملكة,
1015332,2026-08-15T22:52:04.162371+00:00,300.00,تأمين زيوت ومشتقاتها لعام 1446هـ  - 1447هـ,10,"التاريخ: 07/03/1448
الموافق: 20/08/2026",20/08/2026,"التاريخ: 05/04/1448
الموافق: 17/09/2026",17/09/2026,,الرياض,داخل المملكة,
1019564,2026-08-15T22:43:05.422467+00:00,200.00,ترغب وزارة الداخلية بتجهيز البنية التحتية لأعمال التخلص من مياه الصرف الصحي بالصهاريج وتأمين المياه لإصلاحية الدمام بالمنطقة الشرقية,5,"التاريخ: 03/03/1448
الموافق: 16/08/2026",16/08/2026,"التاريخ: 03/04/1448
الموافق: 15/09/2026",15/09/2026,,الرياض - ديوان وزارة الداخلية - الطابق الثاني - (لجنة فتح العروض )- وقت تسليم ساعة 12 ظهراً,داخل المملكة,المبـــاني
1028166,2026-08-15T21:09:38.533169+00:00,500.00,ترغب الهيئة السعودية للبيانات والذكاء الاصطناعي بالتعاقد مع احد الشركات لتطوير نظام استعادة معلومات خادم النسخ الاحتياطي للبيانات وذلك بتجديد وتوسعة الاجهزة القديمة بالاضافة الى تجديد الرخص و توفير  متطلبات مراكز البيانات و الشبكة,5,"التاريخ: 03/04/1448
الموافق: 15/09/2026",15/09/2026,"التاريخ: 02/05/1448
الموافق: 13/10/2026",13/10/2026,,الخدمات المشتركة - لجنة فتح العروض,داخل المملكة,
1030163,2026-08-15T22:54:40.199203+00:00,500.00,يهدف المشروع إلى تحقيق الأمن والسلامة لمرتادي الجهات العدلية، سواء كانوا موظفين أو مراجعين، في جميع المقرات العدلية التي تشمل المحاكم والمباني الإدارية والعدلية التابعة للفروع وديوان الوزارة. كما يسعى إلى حماية الممتلكات وتوفير الحراسة الأمنية اللازمة لمواقع المشاريع التي صدرت لها قرارات سحب ونقل ملكيتها إلى الوزارة، نظرًا لأهميتها واحتوائها على مواد وأجهزة تحتاج إلى حماية خاصة لضمان الحفاظ عليها. بالإضافة إلى ذلك، يهدف المشروع إلى توسيع نطاق خدمات الحماية الأمنية من خلال التعاون مع شركات مختصة بالحراسات الأمنية، بما يضمن توفير الحراسة اللازمة وتنفيذ جميع الإجراءات المرتبطة بها، وفقًا لما نص عليه نظام الحراسة الأمنية المدنية الخاصة. الصادر بالمرسوم الملكي (م/24) وتاريخ 08/07/1426هـ ولائحته التنفيذية الصادرة بالقرار الوزاري رقم (170/ح/د) وتاريخ 5/5/1427ه وما طرأ عليهما من تعديلات.,5,"التاريخ: 06/02/1448
الموافق: 21/07/2026",21/07/2026,"التاريخ: 20/02/1448
الموافق: 04/08/2026",04/08/2026,,الرياض,داخل المملكة,
1033292,2026-08-15T19:28:40.333954+00:00,500.00,تقديم خدمات إ‘اشة لمنسوبي قاعدة الأمير سلطان الجوية بالقطاع الأوسط والمواقع التابعة لها,5,"التاريخ: 03/03/1448
الموافق: 16/08/2026",16/08/2026,"التاريخ: 10/03/1448
الموافق: 23/08/2026",23/08/2026,,قيادة القوات الجوية/ فتح المظاريف,داخل المملكة,تخديم و تأمين الإعاشة للأفراد
1035416,2026-08-15T21:23:57.625061+00:00,0.00,"تأمين مواد لمستشفيات الملك سلمان للقوات المسلحة بالمنطقة ,,الشمالية الغربية بتبوكـــــــ",,"التاريخ: 28/02/1448
الموافق: 12/08/2026",12/08/2026,"التاريخ: 02/05/1448
الموافق: 13/10/2026",13/10/2026,,لا يوجد,داخل المملكة,
1037952,2026-08-15T20:28:05.350417+00:00,500.00,"تقديم خدمات التغذية لمستشفيات:
الملك عبدالعزيز بمكة /مستشفى جبل الرحمة /مستشفى شرق عرفات /مستشفى نمرة /المستشفيات الميدانية/ مجمع الدوائر الحكومية مبنى 20 / مبنى 34",5,"التاريخ: 04/03/1448
الموافق: 17/08/2026",17/08/2026,"التاريخ: 08/05/1448
الموافق: 19/10/2026",19/10/2026,,ادارة المشتريات بالتجمع الصحي بمكة المكرمة,داخل المملكة,
1039522,2026-08-15T19:29:43.574522+00:00,500.00,صيانة وتطوير طريق خادم الحرمين الشريفين 2026,5,"التاريخ: 25/03/1448
الموافق: 07/09/2026",07/09/2026,"التاريخ: 01/05/1448
الموافق: 12/10/2026",12/10/2026,,منصة اعتماد,داخل المملكة,"صيانة الطرق, الطــــرق"
1039561,2026-08-15T18:13:13.014487+00:00,500.00,صيانة طريق الحزام الشمالي بلدية محافظة بيشة,5,"التاريخ: 20/03/1448
الموافق: 02/09/2026",02/09/2026,"التاريخ: 01/05/1448
الموافق: 12/10/2026",12/10/2026,,منصة اعتماد,داخل المملكة,"صيانة الطرق, الطــــرق"
1040230,2026-08-15T18:56:21.474203+00:00,300.00,توريد قطع غيار المولدات بما يتوافق مع المواصفات الفنية المطلوبة ونظام المشتريات الحكومية متوافقة .,5,"التاريخ: 04/02/1448
الموافق: 19/07/2026",19/07/2026,"التاريخ: 18/02/1448
الموافق: 02/08/2026",02/08/2026,,قوة الصواريخ الإستراتيجية / الادارة الهندسية والاشغال / العقود والمشتريات,داخل المملكة,
1041944,2026-08-15T20:23:59.779504+00:00,0.00,"REQUIRED SPARE PART, USED FOR Amalgamators (LINEA TAC S.R.L)",,"التاريخ: 23/08/1448
الموافق: 31/01/2027",31/01/2027,"التاريخ: 27/08/1448
الموافق: 04/02/2027",04/02/2027,,لا يوجد,داخل المملكة,
1045230,2026-08-15T20:22:47.527165+00:00,500.00,تهدف هذه المنافسة الى تصميم وتنفيذ برنامج وطني لرفع جاهزية القيادات الحكومية في المملكة العربية السعودية لتبني تقنيات الذكاء الاصطناعي بشكل استراتيجي ومسؤول، بما يمكن القيادات من توظيف هذه التقنيات في دعم اتخاذ القرار، وصياغة السياسات، وتحسين الإنتاجية في القطاعات الحكومية، وبما يدعم مستهدفات الاستراتيجية الوطنية للبيانات والذكاء الاصطناعي.,5,"التاريخ: 17/03/1448
الموافق: 30/08/2026",30/08/2026,"التاريخ: 18/04/1448
الموافق: 30/09/2026",30/09/2026,,الخدمات المشتركة - لجنة فتح العروض,داخل المملكة,
1045597,2026-08-15T23:10:07.707139+00:00,500.00,نظافة محافظة المجمعة والمراكز التابعة لها,5,"التاريخ: 17/02/1448
الموافق: 01/08/2026",01/08/2026,"التاريخ: 10/09/1448
الموافق: 16/02/2027",16/02/2027,,بلدية محافظة المجمعة,داخل المملكة,نظافة المدن والتخلص من مقالب النفايات وردمها
1046914,2026-08-15T18:33:47.627035+00:00,300.00,نقل طالبات الجامعة بمجمع الريان من وإلى منازل الطالبات والجامعة و بين مرافق الجامعة وللمواقع التدريبية والفعاليات الاخرى وفقاً للشروط والمواصفات في الكراسة,5,"التاريخ: 12/03/1448
الموافق: 25/08/2026",25/08/2026,"التاريخ: 09/07/1448
الموافق: 18/12/2026",18/12/2026,,المدينة الجامعية الحرم الشرقي   مبنى D1    الدور الأرضي    الإدارة العامة للمشتريات والمناقصات – مكتب المناقصات,داخل المملكة,
1047425,2026-08-15T22:54:47.590201+00:00,500.00,تهدف هذه المنافسة إلى تشغيل وإدارة مركز الاتصال الموحد لصندوق تنمية الموارد البشرية والمنصة الوطنية الموحدة للتوظيف جدارات، من خلال تقديم خدمات دعم متكاملة تشمل استقبال ومعالجة الاستفسارات وتذاكر الاستفسار بالإضافة الى التواصل مع المستفيدين عبر جميع قنوات التواصل المعتمدة. وتسعى المنافسة إلى ضمان تقديم خدمة احترافية موحدة ذات جودة عالية تعزز تجربة المستفيد وترفع مستوى الرضا عن الخدمات المقدمة,5,"التاريخ: 06/02/1448
الموافق: 21/07/2026",21/07/2026,"التاريخ: 15/02/1448
الموافق: 30/07/2026",30/07/2026,,مقر الصندوق بالرياض شارع الامير محمد بن عبدالعزيز ، ابراج العليا ، برج رقم A الدور 27 القاعة رقم 16,داخل المملكة,
1051906,2026-08-15T20:56:25.797922+00:00,500.00,- توريد احتياج وزارة الحرس الوطني للاطارات,5,"التاريخ: 11/04/1448
الموافق: 23/09/2026",23/09/2026,"التاريخ: 24/04/1448
الموافق: 06/10/2026",06/10/2026,,المبنى الرئيسي - الدور الرابع - قاعة رقم 4066,داخل المملكة,
1053291,2026-08-15T19:22:14.799407+00:00,300.00,الغرض من المنافسة هو تقديم خدمات التشغيل والصيانة العامة للمدينة الطبية الاكاديمية بجامعة الامام عبد الرحمن بن فيصل على اساس 24 ساعة يومياً ولمدة 7 أيام في الأسبوع وطبقاً للمواصفات الموضحة في هذه الكراسة,5,"التاريخ: 28/02/1448
الموافق: 12/08/2026",12/08/2026,"التاريخ: 08/08/1448
الموافق: 16/01/2027",16/01/2027,,الحرم الشرقي  المدينة الجامعية  مبنى D1  الدور الأرضي  الإدارة العامة للمشتريات والمناقصات  قسم المناقصات,داخل المملكة,"صيانة وتشغيل الأعمال الميكانيكيـة, صيانة وتشغيل الأعمال الاكترونية, صيانة وتشغيل الأعمال الكهربائية"
1053483,2026-08-15T22:10:43.494623+00:00,500.00,القــيـام بأعمــال الصيانــة والنظــافـــة والتشغيل الغيــر طبــي لمستشفى خيبر العام بمنطقة المدينة المنورة ويشمل ذلك تقديم المواد والمعدات والعمال وجميع الأشياء اللازمة وفقاً لشروط العقد ووثائقه,5,"التاريخ: 04/04/1448
الموافق: 16/09/2026",16/09/2026,"التاريخ: 07/11/1449
الموافق: 01/04/2028",01/04/2028,,لجنة فتح العروض بالتجمع الصحي بالمدينة,داخل المملكة,صيانة المـراكـز الطبيــة
1053893,2026-08-15T20:44:25.436047+00:00,0.00,"توريد وتركيب وتشغيل وتدريب وتقديم الضمان للمعدات العلمية، والمخبرية، وورش العمل، 
بالجودة العالية وخدمات متكاملة تلبي متطلبات المعهد في مباني المعهد الجديدة الواقعة في حديقة الملك سلمان بمدينة الرياض،",5,"التاريخ: 10/03/1448
الموافق: 23/08/2026",23/08/2026,"التاريخ: 24/03/1448
الموافق: 06/09/2026",06/09/2026,,مقر المعهد الملكي للفنون التقليدية بحي الفوطة,داخل المملكة,
1054613,2026-08-15T18:59:49.115746+00:00,500.00,عملية إزالة وإعادة توريد وتركيب عازل مائي لمبنى المحكمة وكتابة العدل بمحافظة الغاط بكامل الاعمال المعمارية والميكانيكية وجميع ما يلزم حسب الحاجة وحسب المواصفات الخاصة المذكورة في جدول الكميات.,5,"التاريخ: 05/03/1448
الموافق: 18/08/2026",18/08/2026,"التاريخ: 12/03/1448
الموافق: 25/08/2026",25/08/2026,,الرياض,داخل المملكة,
1058483,2026-08-15T21:52:48.185156+00:00,500.00,اعمال الصيانة والنظافة والتشغيل لعدد (150) مسجد بمنطقة مكة المكرمة,5,"التاريخ: 23/05/1448
الموافق: 03/11/2026",03/11/2026,"التاريخ: 23/06/1448
الموافق: 03/12/2026",03/12/2026,,الرياض طريق الملك فهد,داخل المملكة,
1058491,2026-08-15T22:24:10.502866+00:00,500.00,اعمال الصيانة والنظافة والتشغيل لعدد (300) مسجد بمنطقة مكة المكرمة,5,"التاريخ: 17/04/1448
الموافق: 29/09/2026",29/09/2026,"التاريخ: 15/05/1448
الموافق: 26/10/2026",26/10/2026,,الرياض طريق الملك فهد,داخل المملكة,
1058518,2026-08-15T21:40:11.379250+00:00,500.00,دعم وصيانة لجميع التطبيقات المستخدمة في جهاز القارئ اليدوي PDA لأتمتة الإجراءات السريرية بالإضافة لتقديم الدعم الفني الشامل لمضخات المحاليل والحقن الوريدية وربطها الالكتروني للأجهزة المذكورة بجدول الكميات,5,"التاريخ: 15/02/1448
الموافق: 30/07/2026",30/07/2026,"التاريخ: 25/02/1448
الموافق: 09/08/2026",09/08/2026,,ادارة المشتريات - المبنى الاداري بوابة رقم 1,داخل المملكة,
1060584,2026-08-15T19:29:50.682913+00:00,0.00,توريد صمام تصريف الضغط لمنظومة انتاج الخبر 60019798,,"التاريخ: 07/03/1448
الموافق: 20/08/2026",20/08/2026,"التاريخ: 24/03/1448
الموافق: 06/09/2026",06/09/2026,,لا يوجد,داخل المملكة,
1061612,2026-08-15T19:19:51.584193+00:00,500.00,"يهدف المشروع من خلال هذه المنافسة إلى توقيع اتفاقية إطارية (مفتوحة) لتوريد مواد إعادة التمعدن، والمتمثلة في الحجر الجيري (Limestone – كربونات الكالسيوم) و الجير المطفأ (Hydrated Lime – هيدروكسيد الكالسيوم)، المستخدمة في معالجة وإعادة تمعدن وضبط جودة المياه المنتجة من منظومات تحلية المياه بالساحلين الشرقي والغربي، وذلك لمدة أربع (4) سنوات.
وتُعد هذه المواد من المواد الأساسية والضرورية في عمليات المعالجة اللاحقة لمياه التحلية، لما لها من تأثير مباشر على ضبط القلوية ودرجة الحموضة (pH) وتحسين الخصائص الكيميائية وجودة مياه الشرب المنتجة، وبما يضمن استمرارية الإمداد المائي ويدعم الأمن المائي لمختلف مناطق المملكة.",5,"التاريخ: 04/04/1448
الموافق: 16/09/2026",16/09/2026,"التاريخ: 07/05/1448
الموافق: 18/10/2026",18/10/2026,,المؤسسة العامة لتحلية المياه المالحة – الرياض – العليا – طريق الملك فهد  الدور الرابع لجنة فتح المظاريف,داخل المملكة,
1061652,2026-08-15T19:16:58.626264+00:00,500.00,تأمين سرير ودولاب حديد للقوات الجوية الملكية السعودية,10,"التاريخ: 29/02/1448
الموافق: 13/08/2026",13/08/2026,"التاريخ: 28/03/1448
الموافق: 10/09/2026",10/09/2026,,لجنة فتح العروض بقيادة القوات الجوية بالمبنى الشرقي,داخل المملكة,
1061763,2026-08-15T19:19:59.000840+00:00,1000.00,"تعتزم هيئة حقوق الإنسان التعاقد مع جهة متخصصة لتنفيذ مشروع تأمين رخص تقنية والامن السيبراني والبيانات وذكاء الاعمال اللازمة لضمان استمرارية الأعمال وتغطية الاحتياجات التقنية، وفقًا لأحدث المواصفات التقنية والمعايير العالمية، وبما يتماشى مع معايير الجودة والكفاءة المحددة في هذه الوثيقة، والالتزام بالإجراءات القانونية لاستخدام الرخص التقنية للجهات الحكومية.
تدعو الهيئة الشركات المتخصصة ذات الخبرة في مجال تأمين الرخص التقنية لتقديم عروضها، بما يتماشى مع المواصفات والمستويات المطلوبة، لتحقيق الالتزام في بيئة العمل واستمرارية الاعمال التقنية بما يتناسب مع أهداف الهيئة وتطلعاتها.",5,"التاريخ: 04/02/1448
الموافق: 19/07/2026",19/07/2026,"التاريخ: 05/02/1448
الموافق: 20/07/2026",20/07/2026,,الكترونيا عبر منصة اعتماد وفي حال التعذر يسلم لمقر الهيئة,داخل المملكة,
1062070,2026-08-15T21:22:29.498093+00:00,500.00,الاتفاقية الاطارية لأعمال الصيانة الوقائية للطرق على مستوى المملكة,5,"التاريخ: 18/02/1448
الموافق: 02/08/2026",02/08/2026,"التاريخ: 19/03/1448
الموافق: 01/09/2026",01/09/2026,,إلكترونياً على منصة اعتماد,داخل المملكة,"صيانة الطرق, الطــــرق, إنشاء الطرق وتشمل (الأعمال الترابية الردم والتسوية والدك)"
1062363,2026-08-15T23:17:16.274676+00:00,500.00,صيانة ونظافة وتشغيل مدينة الملك فهد الرياضية بالطائف,5,"التاريخ: 08/02/1448
الموافق: 23/07/2026",23/07/2026,"التاريخ: 04/04/1448
الموافق: 16/09/2026",16/09/2026,,وزارة الرياضة الملز شارع الجامعة,داخل المملكة,
1062792,2026-08-15T19:28:47.983311+00:00,500.00,تأمين خدمات ورش الخياطة والخياطين بالقوات الجوية,10,"التاريخ: 17/03/1448
الموافق: 30/08/2026",30/08/2026,"التاريخ: 15/04/1448
الموافق: 27/09/2026",27/09/2026,,قيادة القوات الجوية/ فتح المظاريف,داخل المملكة,
1062916,2026-08-15T19:22:22.815392+00:00,500.00,تهدف المنافسة إلى توفير اعمال النظافة ومكافحة الحشرات في منظومات ووحدات انتاج تحلية مياه البحر بالساحلين الشرقي والغربي لمدة 36 شهر ميلادية وتوفر هذه الكراسة المعلومات اللازمة للمتنافسين ليقوموا بتقديم العروض والأسعار ليتم تقديمها إلى الجهات المستفيدة بالهيئة السعودية للمياه وبحسب الاحتياج للجهة المستفيدة مع التقيد الكامل بالعقد وتشغيله بصورة فاعلة.,5,"التاريخ: 01/04/1448
الموافق: 13/09/2026",13/09/2026,"التاريخ: 29/04/1448
الموافق: 11/10/2026",11/10/2026,,الهيئة السعودية للمياه - الرياض - العليا - طريق الملك فهد – الدور الرابع - لجنة فتح العروض,داخل المملكة,
1063133,2026-08-15T23:17:23.185114+00:00,0.00,الحاجة الماسة للبند لمستشفى قوى الأمن بريـــــاض,,"التاريخ: 04/02/1448
الموافق: 19/07/2026",19/07/2026,"التاريخ: 05/02/1448
الموافق: 20/07/2026",20/07/2026,,لا يوجد,داخل المملكة,
1064268,2026-08-15T18:30:14.661397+00:00,300.00,التعاقد مع احد المقاولين المتخصصين في اعمال التشغيل والصيانة بغرض القيام باعمال الصيانة لمبانى ومرافق الجامعة والمركز الترفيهي  لجامعة الامام عبد الرحمن بن فيصل,5,"التاريخ: 29/02/1448
الموافق: 13/08/2026",13/08/2026,"التاريخ: 10/08/1448
الموافق: 18/01/2027",18/01/2027,,المدينة الجامعية الحرم الشرقي   مبنى D1    الدور الأرضي    الإدارة العامة للمشتريات والمناقصات – مكتب المناقصات,داخل المملكة,"صيانة وتشغيل الأعمال الميكانيكيـة, صيانة وتشغيل الأعمال الكهربائية"
1064606,2026-08-15T18:56:14.093043+00:00,500.00,تأمين غلاف أمني للبطاقات وحبر طابعة التصاريح,5,"التاريخ: 10/03/1448
الموافق: 23/08/2026",23/08/2026,"التاريخ: 22/03/1448
الموافق: 04/09/2026",04/09/2026,,الكتروني,داخل المملكة,
1064689,2026-08-15T23:17:29.967176+00:00,1000.00,مشروع الصيانة والنظافة لمبنى الرئاسة العامة والمباني التابعة له,5,"التاريخ: 03/03/1448
الموافق: 16/08/2026",16/08/2026,"التاريخ: 04/03/1448
الموافق: 17/08/2026",17/08/2026,,الرياض الرئاسة العامة لهيئة الأمر بالمعروف والنهي عن المنكر,داخل المملكة,
1064971,2026-08-15T21:29:11.880853+00:00,1000.00,تقديم خدمات التشغيل والصيانة لمعامل المعهد الملكي للفنون التقليدية وفروعه,5,"التاريخ: 11/03/1448
الموافق: 24/08/2026",24/08/2026,"التاريخ: 25/03/1448
الموافق: 07/09/2026",07/09/2026,,مقر المعهد الملكي للفنون التقليدية بحي الفوطة,داخل المملكة,
1065146,2026-08-15T19:51:58.579054+00:00,300.00,توريد وتركيب أنظمة مراقبة تلفزيونية لمقرات سكن الكادر النسائي لأفرع الإدارة المختلفة,5,"التاريخ: 24/12/1447
الموافق: 09/06/2026",09/06/2026,"التاريخ: 01/01/1448
الموافق: 16/06/2026",16/06/2026,,قوة الصواريخ الإستراتيجية / الادارة الهندسية والاشغال / العقود والمشتريات,داخل المملكة,
1065404,2026-08-15T21:11:39.087732+00:00,500.00,تقديم الإعاشة المطهية للطلبة بمراكز تدريب الدفاع المدني لخمس سنوات ميلادية للأعوام (30/29/28/27/26)م,5,"التاريخ: 05/03/1448
الموافق: 18/08/2026",18/08/2026,"التاريخ: 27/03/1448
الموافق: 09/09/2026",09/09/2026,,المديرية العامة للدفاع المدني طريق الدمام مبنى J الدور الاول,داخل المملكة,
1065561,2026-08-15T18:48:18.717567+00:00,0.00,إدارة مشتريات الدمام – توريد  وحدة XY للمجهر لقسم الصيانة الطبية   بمستشفى الامام عبدالرحمن بن فيصل بالدمام التابع للشؤون الصحية بوزارة الحرس الوطني DR221036,,"التاريخ: 28/02/1448
الموافق: 12/08/2026",12/08/2026,"التاريخ: 29/02/1448
الموافق: 13/08/2026",13/08/2026,,لا يوجد,داخل المملكة,
1065594,2026-08-15T23:04:45.074818+00:00,500.00,تهدف المنافسة لتقديم خدمات الدعم الفني والتشغيل والتطوير لنظام معلومات المستشفى (BESTCare) المستخدم حالياً بمستشفى الهيئة الملكية بالجبيل وعيادات الأسرة التابعة لها.,5,"التاريخ: 06/02/1448
الموافق: 21/07/2026",21/07/2026,"التاريخ: 27/02/1448
الموافق: 11/08/2026",11/08/2026,,مبنى العيادات الخارجية برنامج الخدمات الصحية بالهيئة الملكية بالجبيل قاعه رقم 2025,داخل المملكة,
1065927,2026-08-15T20:34:32.583824+00:00,300.00,تأمين ضد الغير للمركبات لعام 1447هـ - 1448هـ,5,"التاريخ: 02/04/1448
الموافق: 14/09/2026",14/09/2026,"التاريخ: 03/05/1448
الموافق: 14/10/2026",14/10/2026,,الرياض,داخل المملكة,
1066036,2026-08-15T23:36:05.225236+00:00,0.00,تأمين أصناف متنوعة لأعمال النجارة بفرع الامداد والتموين بمكة المكرمة,,"التاريخ: 08/01/1448
الموافق: 23/06/2026",23/06/2026,"التاريخ: 14/01/1448
الموافق: 29/06/2026",29/06/2026,,لا يوجد,داخل المملكة,
1066102,2026-08-15T22:32:15.998948+00:00,0.00,صيانة مركبة مدنية مصفحة من نوع مرسيدس بنز موديل 2024م,,"التاريخ: 07/02/1448
الموافق: 22/07/2026",22/07/2026,"التاريخ: 08/02/1448
الموافق: 23/07/2026",23/07/2026,,لا يوجد,داخل المملكة,
1066239,2026-08-15T18:59:55.440682+00:00,500.00,يهدف صندوق التنمية العقارية إلى التعاقد على خدمات أبحاث واستشارات تقنية متخصصة لدعم اتخاذ القرار، ورفع كفاءة التشغيل، ومواءمة التوجهات التقنية مع أهداف الصندوق الاستراتيجية.,5,"التاريخ: 21/03/1448
الموافق: 03/09/2026",03/09/2026,"التاريخ: 01/04/1448
الموافق: 13/09/2026",13/09/2026,,الكتروني,داخل المملكة,
1066666,2026-08-15T23:10:14.778964+00:00,200.00,مشروع عملية إصلاح رخام الواجهات لمبنى ذهبان ورابغ والجموم وأبحر الشمالية بمنطقة مكة المكرمة,5,"التاريخ: 27/01/1448
الموافق: 12/07/2026",12/07/2026,"التاريخ: 28/01/1448
الموافق: 13/07/2026",13/07/2026,,الرياض الرئاسة العامة لهيئة الأمر بالمعروف والنهي عن المنكر,داخل المملكة,
1067617,2026-08-15T18:48:24.973082+00:00,0.00,توريد حساسات لمنظومة انتاج رأس الخير RAK INST 60019746,,"التاريخ: 05/03/1448
الموافق: 18/08/2026",18/08/2026,"التاريخ: 18/03/1448
الموافق: 31/08/2026",31/08/2026,,لا يوجد,داخل المملكة,
1067791,2026-08-15T19:52:05.400359+00:00,300.00,استبدال كابل الجهد المتوسط الرئيسي المغذي لخلايا التوزيع الفرعية بالموقع السكني (Y16),5,"التاريخ: 06/01/1448
الموافق: 21/06/2026",21/06/2026,"التاريخ: 13/01/1448
الموافق: 28/06/2026",28/06/2026,,قوة الصواريخ الإستراتيجية / الادارة الهندسية والاشغال / العقود والمشتريات,داخل المملكة,
1067888,2026-08-15T18:22:07.527676+00:00,0.00,توريد مياه صالحه لشرب في حالات الانقطاع من مصدر المياه التابع لشركة المياه الوطنية لمستشفى الحرس الوطني التابع لوزارة الحرس الوطني  بالأحساء طلب حسب الحاجه  (حتمي),,"التاريخ: 05/03/1448
الموافق: 18/08/2026",18/08/2026,"التاريخ: 07/03/1448
الموافق: 20/08/2026",20/08/2026,,لا يوجد,داخل المملكة,
1068238,2026-08-15T18:30:56.895632+00:00,0.00,توريد مواد  لصالح مدينة الملك عبدالعزيز الطبية بجدة,,"التاريخ: 27/10/1448
الموافق: 04/04/2027",04/04/2027,"التاريخ: 01/11/1448
الموافق: 07/04/2027",07/04/2027,,لا يوجد,داخل المملكة,
1068358,2026-08-15T21:53:43.616236+00:00,500.00,تامين المتطلبات التقنية لتشغيل المركز الطبي بمدينة الامير نايف الامنية,5,"التاريخ: 29/02/1448
الموافق: 13/08/2026",13/08/2026,"التاريخ: 10/03/1448
الموافق: 23/08/2026",23/08/2026,,الكتروني,داخل المملكة,
1068521,2026-08-15T19:09:57.225387+00:00,3000.00,يهدف المشروع إلى تنفيذ أعمال التشغيل والصيانة والنظافة في حديقة الحيوان بالرياض ، بما يشمل تشغيل المرافق، وصيانة الأعمال الزراعية والمدنية والميكانيكية والكهربائية، إضافة إلى إدارة ورعاية الكائنات الفطرية وتقديم الخدمات البيطرية الشاملة، وذلك وفق المواصفات والشروط التشغيلية القياسية المعتمدة.,5,"التاريخ: 25/02/1448
الموافق: 09/08/2026",09/08/2026,"التاريخ: 06/04/1448
الموافق: 18/09/2026",18/09/2026,,منصة إعتماد,داخل المملكة,
1069054,2026-08-15T21:44:33.002897+00:00,1000.00,يهدف طرح هذه المنافسة إلى التعاقد مع جهة متخصصة لتنفيذ مشروع إعادة تهيئة البنية التحتية التقنية، وذلك من خلال إعادة تأهيل مركز البيانات إنشائيًا وفق أعلى المعايير المعتمدة، وإعادة تصميم معمارية الشبكة وآلية ربط المقر الرئيسي بالفروع بما يحقق أعلى مستويات الكفاءة الفنية والأمنية.,5,"التاريخ: 15/04/1448
الموافق: 27/09/2026",27/09/2026,"التاريخ: 15/05/1448
الموافق: 26/10/2026",26/10/2026,,الكترونيا عبر منصة اعتماد,داخل المملكة,"تقنية الاتصالات, تقنية الاتصالات, قدرات الشبكة الأساسية, خدمات اتصالات باستخدام الألياف"
1069250,2026-08-15T20:52:17.234570+00:00,500.00,تقديم خدمات مدارة لإدارة المخاطر تشمل على تحليل المخاطر,5,"التاريخ: 04/03/1448
الموافق: 17/08/2026",17/08/2026,"التاريخ: 08/04/1448
الموافق: 20/09/2026",20/09/2026,,وزارة الطاقة MU01 المدينة الرقمية,داخل المملكة,
1069260,2026-08-15T22:52:16.607977+00:00,500.00,بهدف التيسير على المواطنين والمقيمين وتحسين جودة الخدمات المقدمة لهم أثناء دفن ذويهم وزيارة المقابر ولشأن حرمة الموتى رحمهم الله,5,"التاريخ: 05/02/1448
الموافق: 20/07/2026",20/07/2026,"التاريخ: 19/04/1448
الموافق: 01/10/2026",01/10/2026,,امانة منطقة الرياض إدارة المشتريات,داخل المملكة,
1069461,2026-08-15T19:54:54.988464+00:00,16500.00,تأهيل وصيانة الشوارع الرئيسية وذات الأولوية لعدد 10 قرى تابعة لمحافظة السليمي مرحلة ثانية,5,"التاريخ: 19/02/1448
الموافق: 03/08/2026",03/08/2026,"التاريخ: 20/02/1448
الموافق: 04/08/2026",04/08/2026,,بلدية محافظة السليمي,داخل المملكة,
1069822,2026-08-15T19:43:55.037150+00:00,500.00,احتياجات الإدارة العامة للأدلة الجنائية وفروعها بشرط المناطق من البرامج والرخص لعام 2026 م,5,"التاريخ: 22/03/1448
الموافق: 04/09/2026",04/09/2026,"التاريخ: 29/03/1448
الموافق: 11/09/2026",11/09/2026,,مديرية الأمن العام- الإدارة العامة للمشتريات والعقود,داخل المملكة,
1069834,2026-08-15T23:28:23.207727+00:00,500.00,اعمال تعديلات داخلية في مباني المدينة الجامعية والمحافظات,5,"التاريخ: 29/02/1448
الموافق: 13/08/2026",13/08/2026,"التاريخ: 07/03/1448
الموافق: 20/08/2026",20/08/2026,,إدارة العقود والمشتريات,داخل المملكة,
1069885,2026-08-15T20:52:25.100924+00:00,500.00,توفير منصة متقدمة لإدارة وتحليل معلومات التهديدات السيبرانية (Threat Intelligence Platform) بما يساهم في تحسين القدرة على اكتشاف التهديدات والاستجابة لها بشكل استباقي,5,"التاريخ: 22/04/1448
الموافق: 04/10/2026",04/10/2026,"التاريخ: 23/05/1448
الموافق: 03/11/2026",03/11/2026,,المبنى الرئيسي الرياض,داخل المملكة,
1070084,2026-08-15T20:34:39.817513+00:00,0.00,توريد قطع غيار ميكانيكية لمنظومة انتاج رأس الخير 60020048,5,"التاريخ: 15/02/1448
الموافق: 30/07/2026",30/07/2026,"التاريخ: 06/03/1448
الموافق: 19/08/2026",19/08/2026,,المؤسسة العامة لتحلية المياه المالحة – الرياض – العليا – طريق الملك فهد الدور الرابع لجنة فتح المظاريف,داخل المملكة,
1070466,2026-08-15T21:21:28.211564+00:00,500.00,تطوير وتحسين الخدمات الإلكترونية لمركز الملك عبد العزيز للخيل العربية الأصيلة مع رفع كفاءة التشغيل لهذه الخدمات. من خلال تبسيط الإجراءات، يسعى المشروع إلى رفع كفاءة وفعالية الخدمات في التطبيق بما يحقق أهداف المركز.,5,"التاريخ: 07/02/1448
الموافق: 22/07/2026",22/07/2026,"التاريخ: 18/02/1448
الموافق: 02/08/2026",02/08/2026,,المنصة الالكترونية,داخل المملكة,
1070594,2026-08-15T19:55:01.237878+00:00,500.00,يهدف المشروع  إلى تشغيل ودعم وتحسين نظام تسجيل بيانات المسافرين (API/PNR) والأنظمة المرتبطة به بشكل مستدام وفعّال، وذلك من خلال ضمان استمرارية الخدمات التقنية وتطوير الأداء التشغيلي للنظام بما يتوافق مع أفضل الممارسات والمعايير الفنية والأمنية المعتمدة، ويحقق التكامل مع الجهات الحكومية ذات العلاقة، بما يسهم في رفع كفاءة إدارة بيانات المسافرين وتحسين جودة الخدمات المقدمة.,5,"التاريخ: 11/03/1448
الموافق: 24/08/2026",24/08/2026,"التاريخ: 09/04/1448
الموافق: 21/09/2026",21/09/2026,,الخدمات المشتركة - لجنة فتح العروض,داخل المملكة,
1070596,2026-08-15T22:52:23.427979+00:00,1000.00,تقديم الدعم في أعمال الجائزة ولجانها ويشمل تقديم الخدمات الاستشارية لأمانة الجائزة وتقديم الخدمات الإعلامية والتسويقية بالإضافة إلى  تقديم الخدمات اللوجستية,5,"التاريخ: 01/02/1448
الموافق: 16/07/2026",16/07/2026,"التاريخ: 11/02/1448
الموافق: 26/07/2026",26/07/2026,,الرياض حي النخيل البوابة الرقميه مبني IT02,داخل المملكة,
1070931,2026-08-15T23:17:36.855193+00:00,200.00,صيانة شاملة لأجهزة المعامل الطبية والعلمية التابعة للكليات الصحية والأكاديمية في الجامعة. وتشمل الخدمة جميع المواد والمستهلكات والمعدات وأجهزة الفحص والاختبار والمعايرة والصيانة الدورية والتصحيحية وأطقم الصيانة اللازمة حسب توصيات الشركات الصانعة وذلك من خلال الأيدي العاملة ذات الخبرات الفنية المتخصصة في صيانة أنواع الأجهزة وفقاً لما هو وارد بجدول الكميات والشروط ووثائق المنافسة بهذه الكراسة,5,"التاريخ: 10/03/1448
الموافق: 23/08/2026",23/08/2026,"التاريخ: 27/03/1448
الموافق: 09/09/2026",09/09/2026,,منصة اعتماد,داخل المملكة,
1071137,2026-08-15T23:17:43.830513+00:00,0.00,تامين قطع غيار سيارات لفرع الوزارة بالمنطقة الشرقية,,"التاريخ: 06/02/1448
الموافق: 21/07/2026",21/07/2026,"التاريخ: 20/02/1448
الموافق: 04/08/2026",04/08/2026,,لا يوجد,داخل المملكة,
1071158,2026-08-15T19:55:09.205894+00:00,1000.00,صيانة شبكة تصريف السيول بمحافظة البكيرية,5,"التاريخ: 01/03/1448
الموافق: 14/08/2026",14/08/2026,"التاريخ: 29/03/1448
الموافق: 11/09/2026",11/09/2026,,منصة اعتماد,داخل المملكة,"صيانة الطرق, شبكات تصريف السيول"
1071545,2026-08-15T19:44:01.338905+00:00,500.00,تشغيل وصيانة أنظمة ووسائل السلامة في جميع الفروع بجامعة الملك خالد,5,"التاريخ: 21/02/1448
الموافق: 05/08/2026",05/08/2026,"التاريخ: 01/04/1448
الموافق: 13/09/2026",13/09/2026,,أبها,داخل المملكة,
1071673,2026-08-15T23:28:31.425523+00:00,200.00,"•	تحسين الكفاءة: ضمان استمرارية العمل وكفاءة الأداء من خلال تقديم خدمات دعم فني متخصصة.
•	زيادة الأمان: تعزيز حماية البيانات من خلال تحديثات الأمان الدورية وإصلاح الثغرات.
•	تقليل الأعطال: معالجة المشاكل التقنية بشكل سريع لتقليل فترة الانقطاع وتحسين موثوقية الخدمة.
•	تحديث الأنظمة: ضمان أن الأنظمة البرمجية والأجهزة تعمل بأحدث التقنيات وأفضل الممارسات.
•	دعم التوسع: تمكين مركز الاتصالات وتقنية المعلومات من التوسع بسهولة في المستقبل من خلال بناء قاعدة موثوقة من الدعم التقني.",5,"التاريخ: 25/12/1447
الموافق: 10/06/2026",10/06/2026,"التاريخ: 26/12/1447
الموافق: 11/06/2026",11/06/2026,,الحرم الشرقي  المدينة الجامعية  مبنى D1  الدور الأرضي  الإدارة العامة للمشتريات والمناقصات  قسم المناقصات,داخل المملكة,
1072008,2026-08-15T19:44:07.732004+00:00,0.00,في إطار سعي الهيئة إلى تطوير البنية التحتية التقنية وتعزيز كفاءة وأمان شبكاتها، تعلن الجهة عن طرح هذه المنافسة لتوريد أجهزة الهواتف الشبكية وفقًا لأحدث المعايير والمواصفات الفنية. يهدف المشروع إلى تحسين أداء الشبكة، ضمان استمرارية الخدمات، ودعم التحول الرقمي من خلال تأمين معدات حديثة تلبي احتياجات الهيئة العامة للعناية بشؤون المسجد الحرام والمسجد النبوي الشبكية لضمان استمرارية الأعمال مع غير انقطاع لجميع الخدمات في الهيئة.,5,"التاريخ: 20/02/1448
الموافق: 04/08/2026",04/08/2026,"التاريخ: 21/02/1448
الموافق: 05/08/2026",05/08/2026,,يتم فتح العروض إلكترونيا,داخل المملكة,
1072071,2026-08-15T23:10:22.011047+00:00,2000.00,مشروع تعديل الجهد الكهربائي لشبكة كهرباء الجهد المنخفض بمعهد سلاح الاشارة (المرحلة الثالثة),5,"التاريخ: 04/02/1448
الموافق: 19/07/2026",19/07/2026,"التاريخ: 26/02/1448
الموافق: 10/08/2026",10/08/2026,,قسم المشتريات بإدارة تشغيل وصيانة المنشآت العسكرية بالطائف,داخل المملكة,المبـــاني
1072080,2026-08-15T23:17:50.577591+00:00,0.00,توريد قطع غيار لسيارات فرع الوزارة بمنطقة القصيم,,"التاريخ: 07/02/1448
الموافق: 22/07/2026",22/07/2026,"التاريخ: 21/02/1448
الموافق: 05/08/2026",05/08/2026,,لا يوجد,داخل المملكة,
1072171,2026-08-15T18:48:30.252896+00:00,500.00,صيانة ونظافة والتشغيل  الغير طبي المراكز الصحية بحريملاء و ثادق وساجر  والدرعية,5,"التاريخ: 06/03/1448
الموافق: 19/08/2026",19/08/2026,"التاريخ: 10/03/1448
الموافق: 23/08/2026",23/08/2026,,تجمع الرياض الصحي الثالث,داخل المملكة,
1072176,2026-08-15T22:08:21.385236+00:00,500.00,صيانة وسائل النقل بالتجمع الصحي الثالث بالرياض و تجهيز ورشه في الدوادمي,5,"التاريخ: 24/01/1448
الموافق: 09/07/2026",09/07/2026,"التاريخ: 27/01/1448
الموافق: 12/07/2026",12/07/2026,,تجمع الرياض الصحي الثالث,داخل المملكة,
1072230,2026-08-15T19:44:15.924577+00:00,500.00,اتفاقية اطارية لتأمين المياه المحلاة لشرط المناطق (الرياض ـ المدينة المنورة ـ نجران ـ الحدود الشمالية) والمحافظات التابعة لها لمدة ثلاث سنوات ميلادية (قابلة للتجزئة على مستوى المناطق),5,"التاريخ: 12/03/1448
الموافق: 25/08/2026",25/08/2026,"التاريخ: 19/03/1448
الموافق: 01/09/2026",01/09/2026,,الإدارة العامة للمشتريات والعقود بمجمع الأمن العام الجديد بمدينة التدريب,داخل المملكة,
1072353,2026-08-15T22:54:54.918276+00:00,200.00,توريد مياه صالحة للشرب عن طريق صهريج خاص بسعة 32 متر مكعب وتفريغه في خزانات أماكن تنفيذ الخدمات والأعمال، وسحب مياه الصرف الصحي من خزانات أماكن تنفيذ الخدمات والأعمال أيضاً عن طريق صهريج مخصص بسعة 32 متر مكعب.,5,"التاريخ: 05/03/1448
الموافق: 18/08/2026",18/08/2026,"التاريخ: 03/04/1448
الموافق: 15/09/2026",15/09/2026,,مبنى الرئيسي للهيئة الملكية بمدينة الجبيل,داخل المملكة,
1072401,2026-08-15T20:24:07.299869+00:00,500.00,توفير خدمات الصيانة والنظافة بميناء ينبع التجاري,5,"التاريخ: 13/03/1448
الموافق: 26/08/2026",26/08/2026,"التاريخ: 04/06/1448
الموافق: 14/11/2026",14/11/2026,,الهيئة العامة للموانئ,داخل المملكة,
1072676,2026-08-15T23:15:26.207170+00:00,0.00,"إصلاح لمرة واحدة جهاز فحص الأذن الوسطى ومعايرته ONE-TIME REPAIR/CALIBRATION OF TYMPANOMETER, DIAGNOSTIC, AUTOMATIC لمدينة الملك عبدالعزيز الطبية بالرياض التابعة للشؤون الصحية بوزارة الحرس الوطني",,"التاريخ: 05/12/1447
الموافق: 21/05/2026",21/05/2026,"التاريخ: 12/12/1447
الموافق: 28/05/2026",28/05/2026,,لا يوجد,داخل المملكة,
1072754,2026-08-15T19:55:16.570072+00:00,500.00,مشروع تجهيز المقر الرئيسي لهيئة التأمين في مدينة الرياض,5,"التاريخ: 19/03/1448
الموافق: 01/09/2026",01/09/2026,"التاريخ: 19/04/1448
الموافق: 01/10/2026",01/10/2026,,هيئة التأمين - مركز الملك عبدالله المالي برج تداول الدور 18,داخل المملكة,
1072787,2026-08-15T20:05:58.000023+00:00,0.00,تقديم أعمال الصيانة الكهربائية المتخصصة بالشعيبة 4 بمنظومة تحلية مياه البحر في الشعيبة,7,"التاريخ: 06/01/1448
الموافق: 21/06/2026",21/06/2026,"التاريخ: 13/01/1448
الموافق: 28/06/2026",28/06/2026,,محطات الشعيبة,داخل المملكة,
1072810,2026-08-15T21:53:49.277714+00:00,1000.00,تعزيز نقاط التفتيش التابعة لقوات أمن المنشآت بالتقنيات الحديثة وتطوير نظام مراقبة متنقل يعمل بالطاقة الشمسية مع إمكانية استخدام الطاقة الكهربائية لشحن البطاريات لنقل تصوير حي الى وحدات تحتوي على نماذج لتحليل عميق للصور باستخدام تقنيات الذكاء الاصطناعي .,5,"التاريخ: 07/05/1448
الموافق: 18/10/2026",18/10/2026,"التاريخ: 07/06/1448
الموافق: 17/11/2026",17/11/2026,,الرياض – مبنى قيادة قوات أمن المنشآت الجديد - طريق الدمام,داخل المملكة,
1074029,2026-08-15T18:48:35.208914+00:00,500.00,عملية إصلاح عدد (153) عوارض السيارات والدراجات خلال مهمة الحج 1446هـ,5,"التاريخ: 10/03/1448
الموافق: 23/08/2026",23/08/2026,"التاريخ: 17/03/1448
الموافق: 30/08/2026",30/08/2026,,الإدارة العامة للمشتريات والعقود بمجمع الأمن العام الجديد بمدينة التدريب,داخل المملكة,
1074200,2026-08-15T21:40:26.886491+00:00,500.00,تجديد الدعم الفني والصيانة لأنظمة إدارة الأزمات والربط مع الجهات الحكومية راصد (WebEOC) و(WebFusion) الموجودة حالياً بالوزارة,5,"التاريخ: 03/03/1448
الموافق: 16/08/2026",16/08/2026,"التاريخ: 08/04/1448
الموافق: 20/09/2026",20/09/2026,,وزارة الطاقة MU01 المدينة الرقمية,داخل المملكة,
1074321,2026-08-15T20:56:33.349869+00:00,0.00,AGITATOR                                                                     .,,"التاريخ: 18/02/1448
الموافق: 02/08/2026",02/08/2026,"التاريخ: 19/02/1448
الموافق: 03/08/2026",03/08/2026,,لا يوجد,داخل المملكة,
1074324,2026-08-15T20:56:40.541076+00:00,0.00,PLT INCUBATOR                                                             .,,"التاريخ: 18/02/1448
الموافق: 02/08/2026",02/08/2026,"التاريخ: 19/02/1448
الموافق: 03/08/2026",03/08/2026,,لا يوجد,داخل المملكة,
1074328,2026-08-15T20:28:13.344022+00:00,100.00,لتجديد رخص وضمان الدعم الفني للبنية التحتية لأنظمة ساب,5,"التاريخ: 27/01/1448
الموافق: 12/07/2026",12/07/2026,"التاريخ: 11/02/1448
الموافق: 26/07/2026",26/07/2026,,بالمنصة وعند العطل حسب النظام بالصندوق,داخل المملكة,تقنية الاتصالات
1074330,2026-08-15T20:34:44.950496+00:00,0.00,MB-356 OES FORCEPS VALVE (10X/P) #: 028794                                                  .,,"التاريخ: 18/02/1448
الموافق: 02/08/2026",02/08/2026,"التاريخ: 19/02/1448
الموافق: 03/08/2026",03/08/2026,,لا يوجد,داخل المملكة,
1074334,2026-08-15T20:56:47.083304+00:00,0.00,CAMERA HEAD FOR FLEXIBLE SCOPE OTOPRONT ( #: 05000562 ),,"التاريخ: 11/12/1447
الموافق: 27/05/2026",27/05/2026,"التاريخ: 12/12/1447
الموافق: 28/05/2026",28/05/2026,,لا يوجد,داخل المملكة,
1074335,2026-08-15T20:56:54.350522+00:00,0.00,MICROSCOPE XENON BULB (14V - 180W) SHORT ARC LAMP (#:304977-9035),,"التاريخ: 11/12/1447
الموافق: 27/05/2026",27/05/2026,"التاريخ: 12/12/1447
الموافق: 28/05/2026",28/05/2026,,لا يوجد,داخل المملكة,
1074341,2026-08-15T20:44:30.382766+00:00,0.00,NEW ECG MACHINE 12 LEADS                    .,,"التاريخ: 11/12/1447
الموافق: 27/05/2026",27/05/2026,"التاريخ: 12/12/1447
الموافق: 28/05/2026",28/05/2026,,لا يوجد,داخل المملكة,
1074345,2026-08-15T20:57:01.664520+00:00,0.00,POWER SUPPLY HR900 (110-220V) #: HR900 B2044,,"التاريخ: 11/12/1447
الموافق: 27/05/2026",27/05/2026,"التاريخ: 12/12/1447
الموافق: 28/05/2026",28/05/2026,,لا يوجد,داخل المملكة,
1074370,2026-08-15T21:24:05.452479+00:00,500.00,توريد قطع غيار لورشة البلدية وصيانة للسيارات والمعدات,5,"التاريخ: 14/02/1448
الموافق: 29/07/2026",29/07/2026,"التاريخ: 15/02/1448
الموافق: 30/07/2026",30/07/2026,,بلدية عيون الجواء,داخل المملكة,
1074472,2026-08-15T22:34:06.175830+00:00,0.00,صيانة مكيفات المبنى الرئيسي والمباني والمرافق التابعة ومباني الخدامات والصيانة والتشغيل لبلدية محافظة أحد رفيدة,,"التاريخ: 30/01/1448
الموافق: 15/07/2026",15/07/2026,"التاريخ: 01/02/1448
الموافق: 16/07/2026",16/07/2026,,لا يوجد,داخل المملكة,
1074509,2026-08-15T20:57:08.536731+00:00,500.00,صيانة وتشغيل وتطوير أنظمة الحاسب الآلي في بلدية محافظة الرس,5,"التاريخ: 15/02/1448
الموافق: 30/07/2026",30/07/2026,"التاريخ: 22/02/1448
الموافق: 06/08/2026",06/08/2026,,إدارة المناقصات,داخل المملكة,
1074610,2026-08-15T23:38:43.268914+00:00,0.00,BLUE CLEAN S/N 24908 - (MODEL 2017) WATER PRESSURE CLEANER ONLY HOSE,,"التاريخ: 10/02/1448
الموافق: 25/07/2026",25/07/2026,"التاريخ: 11/02/1448
الموافق: 26/07/2026",26/07/2026,,لا يوجد,داخل المملكة,
1074635,2026-08-15T22:34:14.278555+00:00,500.00,صيانة وتشغيل الآت ومعدات الطباعة بإدارة المطابع المركزية - وزارة الداخلية بالرياض,5,"التاريخ: 08/04/1448
الموافق: 20/09/2026",20/09/2026,"التاريخ: 09/05/1448
الموافق: 20/10/2026",20/10/2026,,الرياض - ديوان وزارة الداخلية - الطابق الثاني - (لجنة فتح العروض )- وقت تسليم ساعة 12 ظهراً,داخل المملكة,"صيانة وتشغيل الأعمال الميكانيكيـة, صيانة وتشغيل الأعمال الكهربائية"
1074655,2026-08-15T21:11:47.470075+00:00,0.00,150 WATTS LED FLOOD LIGHT 220VOLTS 60HZ - IP65 - 3000K,,"التاريخ: 15/02/1448
الموافق: 30/07/2026",30/07/2026,"التاريخ: 16/02/1448
الموافق: 31/07/2026",31/07/2026,,لا يوجد,داخل المملكة,
1074658,2026-08-15T23:04:52.617529+00:00,0.00,"DIGITAL THERMOSTAT FOR AIR TERMINAL UNITS F2000 LV-A02 11020601V2. V-24VAC
MADE IN MEXICO",,"التاريخ: 13/02/1448
الموافق: 28/07/2026",28/07/2026,"التاريخ: 14/02/1448
الموافق: 29/07/2026",29/07/2026,,لا يوجد,داخل المملكة,
1074662,2026-08-15T22:32:23.035099+00:00,0.00,GLASS DOOR'S CLOSER (FITTING ON FLOOR) COMPLETE ACCESSORIES MAS BRAND,,"التاريخ: 13/02/1448
الموافق: 28/07/2026",28/07/2026,"التاريخ: 14/02/1448
الموافق: 29/07/2026",29/07/2026,,لا يوجد,داخل المملكة,
1074672,2026-08-15T19:20:06.016125+00:00,500.00,"إن الغرض من هذا العقد هو القيام بـ تشغيل وصيانة شبكة إنارة الشوارع بقطاع وسط مدينة الرياض الجزء الثاني وتتضمن التالي:- 
أعمال الصيانة الوقائية لشبكة الإنارة.
أعمال الصيانة العلاجية والتصحيحية لشبكة الإنارة.
المحافظة على الكفاءة التشغيلية لجميع عناصر شبكة الإنارة.
معالجة عناصر الشبكة التالفة.
معالجة الإطفاءات.
أعمال التحسينات والتأهيل والترميم والدهان والترقيم والتأريض في شبكة الإنارة.
 بما في ذلك تقديم الخدمات والأفراد والموظفين والمواد وجميع الأشياء اللازمة لتنفيذ الأعمال، تقديم الخدمات المؤقتة والإضافية والتكميلية. ويشمل ذلك تقديم المعدات والتجهيزات وجميع الأشياء اللازمة (ما تتطلبه الشروط والمواصفات الخاصة) وفقاً لشروط المنافسة ووثائقه.",5,"التاريخ: 18/03/1448
الموافق: 31/08/2026",31/08/2026,"التاريخ: 18/04/1448
الموافق: 30/09/2026",30/09/2026,,امانة منطقة الرياض إدارة المشتريات,داخل المملكة,صيانة وتشغيل الأعمال الكهربائية
1074700,2026-08-15T20:14:03.887650+00:00,1500.00,عقد صيانة وتشغيل مباني المحافظات والمراكز,10,"التاريخ: 19/03/1448
الموافق: 01/09/2026",01/09/2026,"التاريخ: 19/05/1448
الموافق: 30/10/2026",30/10/2026,,مبنى الامارة الرئيس ـ لجنة فتح العروض ـ الدور الثاني,داخل المملكة,
1074710,2026-08-15T23:03:02.237300+00:00,5000.00,تقديم وتشغيل مركز خدمة العملاء وخدمات الاستقبال والنقل والتجهيز بإدارة إكرام الموتى,5,"التاريخ: 05/02/1448
الموافق: 20/07/2026",20/07/2026,"التاريخ: 06/03/1448
الموافق: 19/08/2026",19/08/2026,,امانة المدينة ادارة المنافسات والعقود,داخل المملكة,
1074737,2026-08-15T18:21:40.953101+00:00,300.00,توفير الاحتياجات الخاصة لمباني سكن الطلاب,5,"التاريخ: 13/03/1448
الموافق: 26/08/2026",26/08/2026,"التاريخ: 18/03/1448
الموافق: 31/08/2026",31/08/2026,,جامعة جازان البرج الاداري الدور الاول,داخل المملكة,
1074739,2026-08-15T18:13:19.536165+00:00,3000.00,صيانة وتطوير الطرق والشوارع الرئيسية لبلدية محافظة أحد رفيدة,10,"التاريخ: 28/03/1448
الموافق: 10/09/2026",10/09/2026,"التاريخ: 29/03/1448
الموافق: 11/09/2026",11/09/2026,,بلدية محافظة أحدرفيدة,داخل المملكة,
1074766,2026-08-15T22:52:31.662391+00:00,2500.00,تاسيس وتشغيل مكتب إدارة البيانات تم طرح المنافسة بناء على الماده 25 من نظام المشتريات والمنافسات الحكومية,5,"التاريخ: 07/01/1448
الموافق: 22/06/2026",22/06/2026,"التاريخ: 14/01/1448
الموافق: 29/06/2026",29/06/2026,,ديوان امارة منطقة الجوف,داخل المملكة,
1074900,2026-08-15T23:15:32.910187+00:00,0.00,تقديم خدمة صيانة واصلاح وتغيير أنظمة المصعد لمركز الملك عبدالله للغسيل الكلوي بمنطقة حائل التابع للشؤون الصحية بوزارة الحرس الوطني,,"التاريخ: 24/01/1448
الموافق: 09/07/2026",09/07/2026,"التاريخ: 28/01/1448
الموافق: 13/07/2026",13/07/2026,,لا يوجد,داخل المملكة,
1074987,2026-08-15T19:44:23.361979+00:00,1000.00,إنشاء حدائق وممرات مشاة وساحات داخل نطاق بلدية محافظة ابانات,5,"التاريخ: 29/02/1448
الموافق: 13/08/2026",13/08/2026,"التاريخ: 28/03/1448
الموافق: 10/09/2026",10/09/2026,,بلدية محافظة عقلة الصقور,داخل المملكة,"صيــانة الحدائق والمنتزهـات, الحـــدائق"
1075109,2026-08-15T19:22:30.882230+00:00,500.00,إشارة إلى توجيهات الهيئة الوطنية للأمن السيبراني للالتزام بالسياسة الوطنية لمراكز الأمن السيبراني المدارة (MSOC)، ونظرًا لحاجة الهيئة العامة للطيران المدني إلى التقيد بتلك التوجيهات لإسناد وتشغيل مركز عمليات الأمن السيبراني الى مقدم خدمة مرخص من المستوى الأول، وتعزيز الدراية الأمنية لدى الهيئة العامة للطيران المدني على المستوى الوطني، وتمكينها من الحصول على خدمات مركز عمليات الأمن السيبراني المدار، والتي تتسم بالموثوقية والنضج والجودة العالية، وعلى النحو الذي يحقق الغرض منها.,5,"التاريخ: 10/03/1448
الموافق: 23/08/2026",23/08/2026,"التاريخ: 17/03/1448
الموافق: 30/08/2026",30/08/2026,,مقر الهيئة العامة للطيران المدني الرئيسي بالقرب من مطار الملك خالد,داخل المملكة,
1075153,2026-08-15T23:26:52.486490+00:00,200.00,توريد وتركيب قطع غيار مولدات,5,"التاريخ: 20/01/1448
الموافق: 05/07/2026",05/07/2026,"التاريخ: 21/01/1448
الموافق: 06/07/2026",06/07/2026,,قسم المشتريات إدارة التشغيل والصيانة,داخل المملكة,
1075215,2026-08-15T21:22:05.547285+00:00,500.00,يقوم المتعاقد بموجب هذا العقد بتنفيذ خدمات تشغيل وإدارة العمليات بمستودعات الهيئة بالجبيل من استلام المواد والبضائع وتحميل وتفريغ وتخزين المواد داخل المستودعات وتقديم المساعدة في مناولة المواد وأعمال المستودعات بما فـي ذلك تحميل وتفريغ اللوازم المخزنة وقطع الغيار والمواد والإشراف بشكل عام. تنفيذ الأعمال اليدوية /الطارئة التي تطلبها الهيئة الملكية وفقًا للشروط والمواصفات ووثائق العقد,5,"التاريخ: 23/06/1448
الموافق: 03/12/2026",03/12/2026,"التاريخ: 25/07/1448
الموافق: 03/01/2027",03/01/2027,,المبنى الرئيس للهيئة الملكية بالجبيل (مدينة الجبيل الصناعية),داخل المملكة,
1075283,2026-08-15T23:27:19.276530+00:00,1000.00,التطوير والدعم الفني لأنظمة الاتصالات الإدارية بقوات أمن المنشآت,5,"التاريخ: 26/04/1448
الموافق: 08/10/2026",08/10/2026,"التاريخ: 27/05/1448
الموافق: 07/11/2026",07/11/2026,,الرياض – مبنى قيادة قوات أمن المنشآت الجديد - طريق الدمام,داخل المملكة,
1075345,2026-08-15T18:57:46.284271+00:00,0.00,فحص وتحديد اعطال واصلاح (لمركز التموين البحري بالاسطول الشرقي ),,"التاريخ: 04/12/1447
الموافق: 20/05/2026",20/05/2026,"التاريخ: 05/12/1447
الموافق: 21/05/2026",21/05/2026,,لا يوجد,داخل المملكة,
1075391,2026-08-15T23:15:39.601804+00:00,0.00,إصلاح لمرة واحدة جهاز تقطيع العينات المجهرية الفائق - One time repair for MICROTOMES ULTRA لمدينة الملك عبدالعزيز الطبية بالرياض التابعة للشؤون الصحية بوزارة الحرس الوطني,,"التاريخ: 08/12/1447
الموافق: 24/05/2026",24/05/2026,"التاريخ: 12/12/1447
الموافق: 28/05/2026",28/05/2026,,لا يوجد,داخل المملكة,
1075442,2026-08-15T19:41:24.579589+00:00,0.00,توريد مستلزمات صناعية لمستشفى الملك سلمان التخصصي للشؤون الصحية بوزارة الحرس الوطني بالطائف,,"التاريخ: 01/12/1447
الموافق: 17/05/2026",17/05/2026,"التاريخ: 02/12/1447
الموافق: 18/05/2026",18/05/2026,,لا يوجد,داخل المملكة,
1075445,2026-08-15T22:08:28.196109+00:00,0.00,توريد مستلزمات صناعية لمستشفى الملك سلمان التخصصي للشؤون الصحية بوزارة الحرس الوطني بالطائف,,"التاريخ: 08/12/1447
الموافق: 24/05/2026",24/05/2026,"التاريخ: 11/12/1447
الموافق: 27/05/2026",27/05/2026,,لا يوجد,داخل المملكة,
1075453,2026-08-15T22:50:41.945083+00:00,500.00,اعمال الصيانة والنظافة والتشغيل لعدد (24) مبنى اداري بمنطقة عسير,5,"التاريخ: 02/05/1448
الموافق: 13/10/2026",13/10/2026,"التاريخ: 02/06/1448
الموافق: 12/11/2026",12/11/2026,,الرياض طريق الملك فهد,داخل المملكة,
1075475,2026-08-15T22:32:29.479240+00:00,500.00,منافسة استكمال إنشاء مركز طب الأسنان التخصصي بمنطقة الباحة,5,"التاريخ: 19/02/1448
الموافق: 03/08/2026",03/08/2026,"التاريخ: 05/03/1448
الموافق: 18/08/2026",18/08/2026,,تجمع الباحة الصحي,داخل المملكة,
1075524,2026-08-15T18:22:15.137583+00:00,500.00,صيانة ونظافة والتشغيل الغير طبي ضرما العام والمراكز التابعه له بتجمع الرياض الصحي الثالث,5,"التاريخ: 06/03/1448
الموافق: 19/08/2026",19/08/2026,"التاريخ: 10/03/1448
الموافق: 23/08/2026",23/08/2026,,تجمع الرياض الصحي الثالث,داخل المملكة,
1075598,2026-08-15T20:05:48.454627+00:00,100.00,توريد قطع غيار ميكانيكال سيل (مانع التسريب ),5,"التاريخ: 27/01/1448
الموافق: 12/07/2026",12/07/2026,"التاريخ: 11/02/1448
الموافق: 26/07/2026",26/07/2026,,اعتماد,داخل المملكة,
1075602,2026-08-15T21:09:16.251178+00:00,0.00,توريد مواد  لصالح مدينة الملك عبدالعزيز الطبية بجدة,,"التاريخ: 21/05/1448
الموافق: 01/11/2026",01/11/2026,"التاريخ: 25/05/1448
الموافق: 05/11/2026",05/11/2026,,لا يوجد,داخل المملكة,
1075614,2026-08-15T22:44:18.424489+00:00,500.00,"الغرض من هذا المشروع هو توفير الحراسات والخدمات الأمنية لمواقع وزارة الحج والعمرة وذلك داخل نطاق العمل المحدد وفقاً للشروط والمواصفات الفنية العامة والخاصة حسب البنود الموضحة بنطاق العمل وجدول الكميات يلتزم المتعهد بتأدية هذا العمل بأحدث الوسائل التي تضمن أداء هذه الأعمال بمستوى فني عالي، وعليه توفير كافة الأدوات والمعدات الضرورية المتكاملة وكافة العمالة المطلوبة، والمواد التي تمكنه من القيام بالعمل.
فعلى جميع المتقدمين أن يضعوا في اعتبارهم جميع الظروف المحيطة بالعمل المطلوب، وأن يحصلوا على كافة المعلومات الضرورية التي تمكنهم من معرفة طبيعة ووسائل الوصول إلى المواقع والمرافق التي يحتاجون إليها، وأيضاً حجم المعدات والآليات، وكافة العوامل التي تؤثر على عطائه لضمان تنفيذ الأعمال المطلوبة بالمستوى الفني المطلوب كماًّ وكيفاَ، وطبقاً للمواصفات والشروط الفنية والتعليمات وكل ما يلزم للارتقاء إلى المستوى المنشود الذي تهدف إليه الوزارة من طرح المشروع للمنافسة.",5,"التاريخ: 18/02/1448
الموافق: 02/08/2026",02/08/2026,"التاريخ: 05/07/1448
الموافق: 14/12/2026",14/12/2026,,وزارة الحج والعمرة في الحمراء بمكة المكرمة,داخل المملكة,
1076030,2026-08-15T21:41:16.412291+00:00,500.00,تامين و تركيب الأنظمة الأمنية و الاتصالات المتكاملة لمبنى البلدية,5,"التاريخ: 14/02/1448
الموافق: 29/07/2026",29/07/2026,"التاريخ: 18/02/1448
الموافق: 02/08/2026",02/08/2026,,بلدية محافظة المزاحمية,داخل المملكة,
1076188,2026-08-15T20:57:15.435744+00:00,500.00,مشروع صيانة وتشغيل أجهزة الحاسب الآلي والطابعات والماسحات الضوئية لأمانة محافظة الطائف والبلديات التابعة لها,5,"التاريخ: 16/05/1448
الموافق: 27/10/2026",27/10/2026,"التاريخ: 16/06/1448
الموافق: 26/11/2026",26/11/2026,,الكتروني,داخل المملكة,
1076244,2026-08-15T22:00:50.066886+00:00,200.00,تجديد تشغيل قسم عمليات الأمن السيبراني بجامعة نجران,10,"التاريخ: 28/02/1448
الموافق: 12/08/2026",12/08/2026,"التاريخ: 05/03/1448
الموافق: 18/08/2026",18/08/2026,,ادارة المشتريات,داخل المملكة,
1076262,2026-08-15T19:11:22.571003+00:00,2000.00,صيانة المزروعات والري بالطرق الرئيسية بمحافظة عنيزة (المرحلة الثانية - المستملة من وزارة النقل),5,"التاريخ: 19/03/1448
الموافق: 01/09/2026",01/09/2026,"التاريخ: 19/04/1448
الموافق: 01/10/2026",01/10/2026,,منصة أعتماد,داخل المملكة,صيــانة الحدائق والمنتزهـات
1076266,2026-08-15T22:22:52.285936+00:00,0.00,توريد مواد كيماوية للهيئة السعودية للمياه منظومة انتاج ضباء الساحل الغربي,,"التاريخ: 22/01/1448
الموافق: 07/07/2026",07/07/2026,"التاريخ: 12/02/1448
الموافق: 27/07/2026",27/07/2026,,لا يوجد,داخل المملكة,
1076314,2026-08-15T19:52:59.794956+00:00,1000.00,إصلاح وتحسين الأجهزة والمستشعرات المتقدمة في محطة العيينة,5,"التاريخ: 04/02/1448
الموافق: 19/07/2026",19/07/2026,"التاريخ: 05/04/1448
الموافق: 17/09/2026",17/09/2026,,عبر منصة اعتماد,داخل المملكة,
1076369,2026-08-15T21:39:15.537449+00:00,500.00,توريد بياضات وملابس المرضى لجميع مستشفيات و المدن الطبية التابعة للشؤون الصحية بوزارة الحرس الوطني,5,"التاريخ: 19/03/1448
الموافق: 01/09/2026",01/09/2026,"التاريخ: 10/04/1448
الموافق: 22/09/2026",22/09/2026,,ادارة المشتريات - المبنى الاداري بوابة رقم 1,داخل المملكة,
1076395,2026-08-15T20:57:22.277493+00:00,500.00,صيانة معدات وسيارات بلدية محافظة النبهانية,5,"التاريخ: 14/02/1448
الموافق: 29/07/2026",29/07/2026,"التاريخ: 15/02/1448
الموافق: 30/07/2026",30/07/2026,,بلدية محافظة النبهانية,داخل المملكة,
1076396,2026-08-15T23:38:50.128075+00:00,1000.00,توريد مواد ومستلزمات سباكة / بلدية محتفظة الرس,5,"التاريخ: 19/02/1448
الموافق: 03/08/2026",03/08/2026,"التاريخ: 15/03/1448
الموافق: 28/08/2026",28/08/2026,,إدارة المناقصات,داخل المملكة,
1076411,2026-08-15T20:22:55.829274+00:00,500.00,صيانة تشمل نطاق الخدمات لجميع المباني والمنشآت، والتركيبات الكهربائية والميكانيكية بالمباني، مثل: الشبكة الداخلية لإمداد المياه، وشبكة الصرف الصحي، وأعمال السباكة، وشبكة التدفئة والتهوية وتكييف الهواء، والمصاعد، ونظام الوقاية من الحريق، ونظام الإبلاغ عن الأعطال، ونظام مكبرات الصوت، وأنظمة الساعة الرئيسة. ويشمل أيضاً مضخات وشبكات المياه المُبردة وعمليات أحواض السباحة وصيانة واستبدال العازل المائي.,5,"التاريخ: 11/05/1448
الموافق: 22/10/2026",22/10/2026,"التاريخ: 12/06/1448
الموافق: 22/11/2026",22/11/2026,,المبنى الرئيس للهيئة الملكية بالجبيل (مدينة الجبيل الصناعية),داخل المملكة,
1076459,2026-08-15T22:34:22.204480+00:00,2500.00,النظافة للطرق الرئيسية بمحافظة عنيزة,5,"التاريخ: 12/03/1448
الموافق: 25/08/2026",25/08/2026,"التاريخ: 24/08/1448
الموافق: 01/02/2027",01/02/2027,,منصة أعتماد,داخل المملكة,نظافة المدن والتخلص من مقالب النفايات وردمها
1076462,2026-08-15T23:36:13.410458+00:00,0.00,صيانة واصلاح وتشغيل وحدات chiller مركزية بمجمع الظهران,,"التاريخ: 28/01/1448
الموافق: 13/07/2026",13/07/2026,"التاريخ: 06/02/1448
الموافق: 21/07/2026",21/07/2026,,لا يوجد,داخل المملكة,
1076465,2026-08-15T22:22:59.998953+00:00,0.00,توريد قطع غيار مواد كهربائية للهيئة السعوديه للمياه منظومة انتاج ينبع الساحل الغربي60020356,,"التاريخ: 17/01/1448
الموافق: 02/07/2026",02/07/2026,"التاريخ: 05/02/1448
الموافق: 20/07/2026",20/07/2026,,لا يوجد,داخل المملكة,
1076516,2026-08-15T19:20:13.215751+00:00,500.00,توريد أجهزة ومواد ومستلزمات لمعامل المعالجة وترميم وثائق الهوية الوطنية,5,"التاريخ: 12/02/1448
الموافق: 27/07/2026",27/07/2026,"التاريخ: 13/03/1448
الموافق: 26/08/2026",26/08/2026,,وكالة الأحوال المدنية,داخل المملكة,
1076540,2026-08-15T23:05:00.201744+00:00,0.00,مواد وادوات كهربائية لقسم سكن العمال الممرضين بالمستشفى,,"التاريخ: 03/02/1448
الموافق: 18/07/2026",18/07/2026,"التاريخ: 04/02/1448
الموافق: 19/07/2026",19/07/2026,,لا يوجد,داخل المملكة,"صيانة المباني, المبـــاني"
1076545,2026-08-15T21:30:15.189327+00:00,0.00,ادوات لتصنيع مجاري الهواء,,"التاريخ: 06/02/1448
الموافق: 21/07/2026",21/07/2026,"التاريخ: 07/02/1448
الموافق: 22/07/2026",22/07/2026,,لا يوجد,داخل المملكة,"صيانة المباني, المبـــاني"
1076649,2026-08-15T23:27:27.902615+00:00,5000.00,تهدف الهيئة العامة للترفيه، ممثلةً بالإدارة العامة لتقنية المعلومات، من خلال هذا المشروع إلى توفير وتجديد رخص واشتراكات أنظمة تقنية المعلومات شاملة الدعم للمنتجات والاصناف الموضحة في نطاق عمل المشروع؛ بما يضمن استمرارية أعمال الأنظمة والخدمات الرقمية، ورفع كفاءة البنية التحتية التقنية في المقر الرئيسي للهيئة بمدينة الرياض,5,"التاريخ: 18/03/1448
الموافق: 31/08/2026",31/08/2026,"التاريخ: 18/04/1448
الموافق: 30/09/2026",30/09/2026,,مقر الهيئة العامة للترفيه في الرياض مركز الملك عبد الله المالي – كافد – المنطقة الرابعة – برج رقم 403,داخل المملكة,
1076715,2026-08-15T23:17:57.751281+00:00,500.00,صيانة الشاشات الإعلانية بالطرق والشوارع  بمحافظة النماص والمراكز والقري التابعة لها,5,"التاريخ: 04/02/1448
الموافق: 19/07/2026",19/07/2026,"التاريخ: 11/02/1448
الموافق: 26/07/2026",26/07/2026,,بلدية محافظة النماص,داخل المملكة,
1076768,2026-08-15T19:20:19.952674+00:00,500.00,إن الغرض من هذا العقد هو القيام بـ تشغيل وصيانة شبكة إنارة الشوارع بقطاع وسط مدينة الرياض الجزء الأول وتتضمن التالي:- أعمال الصيانة الوقائية لشبكة الإنارة. أعمال الصيانة العلاجية والتصحيحية لشبكة الإنارة. المحافظة على الكفاءة التشغيلية لجميع عناصر شبكة الإنارة. معالجة عناصر الشبكة التالفة. معالجة الإطفاءات. أعمال التحسينات والتأهيل والترميم والدهان والترقيم والتأريض في شبكة الإنارة. بما في ذلك تقديم الخدمات والأفراد والموظفين والمواد وجميع الأشياء اللازمة لتنفيذ الأعمال، تقديم الخدمات المؤقتة والإضافية والتكميلية. ويشمل ذلك تقديم المعدات والتجهيزات وجميع الأشياء اللازمة (ما تتطلبه الشروط والمواصفات الخاصة) وفقاً لشروط المنافسة ووثائقه.,5,"التاريخ: 04/03/1448
الموافق: 17/08/2026",17/08/2026,"التاريخ: 19/04/1448
الموافق: 01/10/2026",01/10/2026,,امانة منطقة الرياض,داخل المملكة,صيانة وتشغيل الأعمال الكهربائية
1076856,2026-08-15T20:57:30.598212+00:00,200.00,تأمين وتوريد المستهلكات الخاصة بقسم رعاية حيوانات التجارب2026م,5,"التاريخ: 19/02/1448
الموافق: 03/08/2026",03/08/2026,"التاريخ: 20/02/1448
الموافق: 04/08/2026",04/08/2026,,الرياض المبنى الرئيسي للهييئة العامة للغذاء والدواء حي حطين,داخل المملكة,
1076908,2026-08-15T22:32:36.402484+00:00,0.00,لسد احتياج مدينة الامير سلطان الطبية العسكرية,,"التاريخ: 11/12/1447
الموافق: 27/05/2026",27/05/2026,"التاريخ: 12/12/1447
الموافق: 28/05/2026",28/05/2026,,لا يوجد,داخل المملكة,
1076985,2026-08-15T21:30:23.880255+00:00,500.00,توريد كفرات ولساتك وبطاريات لسيارات ومعدات بلدية محافظة الرس,5,"التاريخ: 14/02/1448
الموافق: 29/07/2026",29/07/2026,"التاريخ: 19/02/1448
الموافق: 03/08/2026",03/08/2026,,إدارة المناقصات,داخل المملكة,
1076995,2026-08-15T20:24:13.824922+00:00,100.00,توريد أدوات ومستلزمات سلامه لإدارة الأمن الصناعي والسلامة بالجبيل,5,"التاريخ: 16/04/1448
الموافق: 28/09/2026",28/09/2026,"التاريخ: 17/04/1448
الموافق: 29/09/2026",29/09/2026,,المبنى الرئيسي للهيئة الملكية بمدينة الجبيل (الجبيل الصناعية),داخل المملكة,
1077069,2026-08-15T22:34:29.974889+00:00,0.00,صيانة شاشات بلدية                           محافظة أحد رفيدة,,"التاريخ: 30/01/1448
الموافق: 15/07/2026",15/07/2026,"التاريخ: 01/02/1448
الموافق: 16/07/2026",16/07/2026,,لا يوجد,داخل المملكة,
1077081,2026-08-15T23:15:48.131531+00:00,0.00,صيانة وتوريد قطع غيار لجهاز VYNTUS ONE - VIASYS -  في قسم وظائف الرئة - مبنى 1,,"التاريخ: 15/01/1448
الموافق: 30/06/2026",30/06/2026,"التاريخ: 29/02/1448
الموافق: 13/08/2026",13/08/2026,,لا يوجد,داخل المملكة,
1077112,2026-08-15T22:10:50.610634+00:00,1000.00,الاتفاقية الاطارية لتوريد مواد خام للورش والمعامل في المنشآت التدريبية,7,"التاريخ: 08/04/1448
الموافق: 20/09/2026",20/09/2026,"التاريخ: 15/04/1448
الموافق: 27/09/2026",27/09/2026,,المنصة,داخل المملكة,
1077115,2026-08-15T19:41:32.457941+00:00,1000.00,الاتفاقية الاطارية لتوريد مستلزمات تعليمية للقاعات والمعامل والورش في المنشآت التدريبية,7,"التاريخ: 22/04/1448
الموافق: 04/10/2026",04/10/2026,"التاريخ: 29/04/1448
الموافق: 11/10/2026",11/10/2026,,المنصة,داخل المملكة,
1077116,2026-08-15T20:14:09.671645+00:00,500.00,شبكات مياه وصرف صحي للشهاليات بمركز الامير سلطان البحري,5,"التاريخ: 17/01/1448
الموافق: 02/07/2026",02/07/2026,"التاريخ: 20/01/1448
الموافق: 05/07/2026",05/07/2026,,إدارة مدينة الملك فهد العسكرية بالمنطقة الشرقية,داخل المملكة,
1077145,2026-08-15T21:41:25.602285+00:00,100.00,توريد قطع غيار اجهزة الراديو لمرافق الهيئة الملكية بمدينة ينبع الصناعية وتشغيلها وعمل الاختبارات اللازمة مع تقديم الضمانات,5,"التاريخ: 23/04/1448
الموافق: 05/10/2026",05/10/2026,"التاريخ: 01/05/1448
الموافق: 12/10/2026",12/10/2026,,الهيئة الملكية بينبع - قسم العقود,داخل المملكة,
1077151,2026-08-15T23:18:05.573057+00:00,3000.00,المشروع عبارة عن انشاء خمس مباني دور واحد للإدارة الهندسية والأشغال بمسطح (386)م2 لكل مبنى في خمس مواقع مختلفة بالمجموعة السادسة بحفر الباطن بمتوسط مساحة (1600)م2 تقريباً لكل موقع والعمل يشمل الأعمال الإنشائية والمدنية والكهربائية والميكانيكية وأعمال الموقع العام وأعمال التأثيث لكل مبنى وحسب المخططات وجداول الكميات ومجال العمل المفصل.,5,"التاريخ: 26/04/1448
الموافق: 08/10/2026",08/10/2026,"التاريخ: 27/07/1448
الموافق: 05/01/2027",05/01/2027,,قوات الدفاع الجوي الإدارة الهندسية والاشغال بالرياض – الدائري الشرقي – مخرج 11,داخل المملكة,
1077164,2026-08-15T23:28:38.864491+00:00,100.00,تأمين وتوريد المياه لمباني جامعة الحدود الشمالية و فروعها,5,"التاريخ: 05/02/1448
الموافق: 20/07/2026",20/07/2026,"التاريخ: 16/03/1448
الموافق: 29/08/2026",29/08/2026,,منصة اعتماد,داخل المملكة,
1077175,2026-08-15T23:26:17.681865+00:00,500.00,استبدال نظام التكييف القديم بفرع الوزارة بمنطقة جازان بنظام تكييف مؤفر للطاقة وذلك بسبب انخفاض كفاءة النظام الحالي وكثرة الأعطال وزيادة تكاليف فاتورة الصيانة,5,"التاريخ: 23/04/1448
الموافق: 05/10/2026",05/10/2026,"التاريخ: 24/05/1448
الموافق: 04/11/2026",04/11/2026,,الرياض طريق الملك فهد,داخل المملكة,
1077183,2026-08-15T22:22:17.346986+00:00,10000.00,يهدف المشروع الى تحديث رخص الاستخدام لأنظمة وبرامج الإدارة العامة للأمن السيبراني بالأمانة سنة واحدة وذلك من خلال أفضل المعايير العالمية التي تصب في مصلحة الامانة وفق السياسات العالمية المعتمدة وعمل الترقية اللازمة لأخر اصدار للأجهزة والبرامج من الشركات الصانعة.,5,"التاريخ: 22/03/1448
الموافق: 04/09/2026",04/09/2026,"التاريخ: 21/04/1448
الموافق: 03/10/2026",03/10/2026,,امانة المنطقة الشرقية,داخل المملكة,
1077184,2026-08-15T23:18:12.254998+00:00,100.00,توريد قطع غيار اجهزة اجهزة الهاتف وكاميرات المراقبة لمرافق الهيئة الملكية بمدينة ينبع الصناعية وتشغيلها وعمل الاختبارات اللازمة مع تقديم الضمانات,5,"التاريخ: 20/02/1448
الموافق: 04/08/2026",04/08/2026,"التاريخ: 11/03/1448
الموافق: 24/08/2026",24/08/2026,,الهيئة الملكية بينبع قسم العقود,داخل المملكة,صيانة وتشغيل الأعمال الكهربائية
1077267,2026-08-15T23:26:01.401822+00:00,200.00,القيام بأعمال صيانة نظام متغيرات السرعة بوحدة تحلية مياه البحر في أملج,5,"التاريخ: 24/01/1448
الموافق: 09/07/2026",09/07/2026,"التاريخ: 01/02/1448
الموافق: 16/07/2026",16/07/2026,,محطات التحلية بمدينة ينبع الصناعية,داخل المملكة,
1077349,2026-08-15T22:52:38.210580+00:00,500.00,توريد مواد ومستلزمات والات ومعدات لمطابع القوات الجوية,5,"التاريخ: 19/03/1448
الموافق: 01/09/2026",01/09/2026,"التاريخ: 20/06/1448
الموافق: 30/11/2026",30/11/2026,,الرياض مبنى الشؤون التنفيذية,داخل المملكة,"تقنية الاتصالات, توريد وتركيب أجهزة ومعدات الحاسب الآلي (حاسبات وشبكات وملحقات)"
1077375,2026-08-15T20:44:36.719997+00:00,500.00,عملية تأمين وتوريد بطاريات الآليات لكافة الجهات التابعة للأمن العام بجميع مناطق المملكة,5,"التاريخ: 05/04/1448
الموافق: 17/09/2026",17/09/2026,"التاريخ: 12/04/1448
الموافق: 24/09/2026",24/09/2026,,الإدارة العامة للمشتريات والعقود بمجمع الأمن العام الجديد بمدينة التدريب,داخل المملكة,
1077416,2026-08-15T23:02:54.067717+00:00,1000.00,نظرا لحاجة العمــــــــــــــل الى توفير المــــطلوب,5,"التاريخ: 07/05/1448
الموافق: 18/10/2026",18/10/2026,"التاريخ: 01/06/1448
الموافق: 11/11/2026",11/11/2026,,الكتروني,داخل المملكة,
1077442,2026-08-15T22:55:01.294310+00:00,500.00,مشروع إعادة تأهيل حظائر الطائرات بمطار القوات البحرية بالجبيل,5,"التاريخ: 07/05/1448
الموافق: 18/10/2026",18/10/2026,"التاريخ: 02/08/1448
الموافق: 10/01/2027",10/01/2027,,الإدارة الهندسية والأشغال,داخل المملكة,المباني الخرسانية
1077443,2026-08-15T21:29:16.940044+00:00,500.00,تأهيل رصيف بحري بقاعدة الملك فيصل البحرية بجدة,5,"التاريخ: 10/05/1448
الموافق: 21/10/2026",21/10/2026,"التاريخ: 09/08/1448
الموافق: 17/01/2027",17/01/2027,,الإدارة الهندسية والأشغال,داخل المملكة,الأعمال البحــريـة
1077450,2026-08-15T19:52:37.851150+00:00,15000.00,"(صيانـة وتشـــغيل
المسطحات الخضراء والأشجار وشبكات الري بشاطئ نصف القمر بمدينة الظهران ) إن أمانة المنطقة الشرقية (ممثلة ببلدية مدينة الظهران) سواء أشير  إليها في هذه الشروط والمواصفات بكلمة الأمانة أو البلدية في سبيل قيامها بواجباتها التي تهدف إلى إظهار المنطقة بالمظهر اللائق الجميل والمحافظة على جميع المزروعات وشبكات الري والابار وتشغيل وصيانة المسطحات الخضراء والأشجار والزهور وشبكات الري الآلية والعادية وألعاب الأطفال بشاطئ نصف القمر بمدينة الظهران وجعلها بحالة جيدة واخضرار دائم طوال العام ، إضافة إلى القيام بكافة الخدمات الأخرى المشمولة بالمشروع وذلك عن طريق تقيد المقاول ( في سياق تنفيذه للعقد ) بكافة الوسائل والشروط الواردة بالعقد ، ملتزماً بالوفاء بذلك باستخدام أحدث الوسائل المناسبة التي تضمن أداء تلك الخدمات بمستوي فني عالي من خلال توفيره لكافة المعدات والأدوات والأجهزة المتطورة والمواد المستهلكة واستخدامه للأجهزة الفنية والإدارية ذات الكفاءات العالية والعمال المهرة ليتسنى له القيام بتنفيذ وإنجاز المشروع ضمن أعلى معدلات الأداء والإنجاز المطلوبة وفقاً لأحكام الشروط والمواصفات الفنية .",5,"التاريخ: 29/01/1448
الموافق: 14/07/2026",14/07/2026,"التاريخ: 25/02/1448
الموافق: 09/08/2026",09/08/2026,,امانة المنطقة الشرقية,داخل المملكة,"صيــانة الحدائق والمنتزهـات, تنظيــم المواقــع, شبكات الري للحدائق, تشجيــر الحدائق وتنظيم المواقـع, المنتزهـات العـامة"
1077451,2026-08-15T19:52:44.766807+00:00,15000.00,"(صيانـة وتشـــغيل
للمسطحات الخضراء والأشجار وشبكات الري بمخطط أجيال السكني بمدينة الظهران ) إن أمانة المنطقة الشرقية (ممثلة ببلدية مدينة الظهران) سواء أشير  إليها في هذه الشروط والمواصفات بكلمة الأمانة أو البلدية في سبيل قيامها بواجباتها التي تهدف إلى إظهار المنطقة بالمظهر اللائق الجميل والمحافظة على جميع المزروعات وشبكات الري والابار وتشغيل وصيانة المسطحات الخضراء والأشجار والزهور وشبكات الري الآلية والعادية وألعاب الأطفال بجنوب مدينة الظهران وجعلها بحالة جيدة واخضرار دائم طوال العام ، إضافة إلى القيام بكافة الخدمات الأخرى المشمولة بالمشروع وذلك عن طريق تقيد المقاول ( في سياق تنفيذه للعقد ) بكافة الوسائل والشروط الواردة بالعقد ، ملتزماً بالوفاء بذلك باستخدام أحدث الوسائل المناسبة التي تضمن أداء تلك الخدمات بمستوي فني عالي من خلال توفيره لكافة المعدات والأدوات والأجهزة المتطورة والمواد المستهلكة واستخدامه للأجهزة الفنية والإدارية ذات الكفاءات العالية والعمال المهرة ليتسنى له القيام بتنفيذ وإنجاز المشروع ضمن أعلى معدلات الأداء والإنجاز المطلوبة وفقاً لأحكام الشروط والمواصفات الفنية .",5,"التاريخ: 25/02/1448
الموافق: 09/08/2026",09/08/2026,"التاريخ: 24/03/1448
الموافق: 06/09/2026",06/09/2026,,امانة المنطقة الشرقية,داخل المملكة,"صيــانة الحدائق والمنتزهـات, تنظيــم المواقــع, شبكات الري للحدائق, تشجيــر الحدائق وتنظيم المواقـع, المنتزهـات العـامة"
1077525,2026-08-15T19:10:03.859046+00:00,500.00,تستهدف المديرية العامة لمكافحة المخدرات رفع نضج التحول الرقمي وترسيخ ثقافة الابتكار المؤسسي تماشياً مع رؤية 2030. يركز المشروع على ضمان الامتثال الكامل لمعايير (قياس التحول الرقمي لمدة ثلاث سنوات متتالية من تاريخ بداية الأعمال). كما ويهدف المشروع تحديث وتشغيل مكتب إدارة البنية المؤسسية بالمديرية بهدف الحصول على شهادة نورا2 ورفع نضج تطبيق ممارسات البنية المؤسسية وتحقيق الامتثال لمعايير الآيزو 38000 و20000,5,"التاريخ: 17/03/1448
الموافق: 30/08/2026",30/08/2026,"التاريخ: 24/03/1448
الموافق: 06/09/2026",06/09/2026,,منصة اعتماد,داخل المملكة,"صيانة وتشغيل تقنية الاتصالات, تقنية الاتصالات"
1077542,2026-08-15T23:26:10.071999+00:00,200.00,القيام بأعمال عمرة ضواغط الهواء و دوافع الهواء بوحدة تحلية مياه البحر في أملج,5,"التاريخ: 24/01/1448
الموافق: 09/07/2026",09/07/2026,"التاريخ: 01/02/1448
الموافق: 16/07/2026",16/07/2026,,محطات التحلية بمدينة ينبع الصناعية,داخل المملكة,
1078621,2026-08-15T22:32:41.401984+00:00,500.00,تهدف المنافسة الى إعادة تأهيل الأنظمة المساعدة لمولدات الطوارئ في حال الانقطاع الكلي وذلك لضمان جاهزيتها وكفاءتها في العمل عند حالات انقطاع التيار الكهربائي والتشغيل الآمن وضمان موثوقية الأنظمة في حالات الطوارئ.,5,"التاريخ: 26/02/1448
الموافق: 10/08/2026",10/08/2026,"التاريخ: 01/05/1448
الموافق: 12/10/2026",12/10/2026,,•	مكان فتح المظاريف للساحل الشرقي  البريد الإلكتروني الخاص للجنة فتح العروض بالساحل الشرقي – عدنان ( AAlshahab2@swcc.gov.sa  ) محمد ( Mal-huwaidi@swcc.gov.sa ) •	رقم التواصل / سكرتير اللجنة– عدنان الشهاب ( 84797 ) النائب – محمد ( 85631 ) رئيس اللجنة الأستاذ/ عبدالله ( 84999) •	مكان تسليم الضمان ( الأصل ) لجنة فحص العروض بالساحل الشرقي – الجبيل سكرتير اللجنة – يحيى ( 39203) النائب -  حمود ( 39233).,داخل المملكة,
1078622,2026-08-15T18:31:03.418943+00:00,500.00,معالجة التشوهات البصرية بالمتنزهات الوطنية بمنطقة الباحة لتحسين بيئة التنزه ورفع كفاءة الخدمات وأنسنة المواقع لجعلها بيئة جاذبة بغرض تحسين تجربة المتنزهين.,5,"التاريخ: 08/02/1448
الموافق: 23/07/2026",23/07/2026,"التاريخ: 15/02/1448
الموافق: 30/07/2026",30/07/2026,,المركز الوطني لتنمية الغطاء النباتي ومكافحة التصحر,داخل المملكة,
1078690,2026-08-15T22:31:41.010306+00:00,1500.00,صيانة مبنى البلدية والفروع التابعة لبلدية محافظة أحد رفيدة,10,"التاريخ: 28/01/1448
الموافق: 13/07/2026",13/07/2026,"التاريخ: 29/01/1448
الموافق: 14/07/2026",14/07/2026,,بلدية محافظة أحدرفيدة,داخل المملكة,
1078717,2026-08-15T21:09:56.162717+00:00,500.00,بشان طرح عملية مشروع إنشاء منصة (Data Lake),5,"التاريخ: 23/01/1448
الموافق: 08/07/2026",08/07/2026,"التاريخ: 04/02/1448
الموافق: 19/07/2026",19/07/2026,,المديريه العامه للسجون طريق الدمام  ادارة المنافسات,داخل المملكة,
1078726,2026-08-15T20:34:51.721718+00:00,500.00,أعمال الصيانة والتشغيل والنظافة لمبنى فرع الهيئة بمنطقة ( جدة و الطائف )  والمباني والمراكز الإسعافية التابعة له,5,"التاريخ: 03/03/1448
الموافق: 16/08/2026",16/08/2026,"التاريخ: 10/03/1448
الموافق: 23/08/2026",23/08/2026,,إدارة المشتريات,داخل المملكة,صيانة المـراكـز الطبيــة
1078744,2026-08-15T20:53:53.484838+00:00,100.00,توريد الرخص الاضافية لإدارة الاجهزة المستخدمين والشبكة,5,"التاريخ: 23/03/1448
الموافق: 05/09/2026",05/09/2026,"التاريخ: 28/04/1448
الموافق: 10/10/2026",10/10/2026,,المقر الرئيس,داخل المملكة,
1078798,2026-08-15T21:41:33.373088+00:00,500.00,تشغيل وصيانة أنظمة الجهد المنخض للمركز الرئيس للهيئة الملكية للجبيل وينبع في الرياض.,5,"التاريخ: 06/03/1448
الموافق: 19/08/2026",19/08/2026,"التاريخ: 04/04/1448
الموافق: 16/09/2026",16/09/2026,,الهيئة الملكية للجبيل وينبع المركز الرئيس طريق الملك خالد حي الهدا,داخل المملكة,صيانة وتشغيل الأعمال الاكترونية
1078881,2026-08-15T20:52:12.445154+00:00,200.00,الاشتراك في خدمة المكاتب التنفيذية بمطارات المملكة لقيادات الصندوق,5,"التاريخ: 20/02/1448
الموافق: 04/08/2026",04/08/2026,"التاريخ: 29/02/1448
الموافق: 13/08/2026",13/08/2026,,منصة اعتماد,داخل المملكة,
1078896,2026-08-15T22:00:56.943598+00:00,0.00,قطع غيار اجهزة طبية,,"التاريخ: 06/02/1448
الموافق: 21/07/2026",21/07/2026,"التاريخ: 07/02/1448
الموافق: 22/07/2026",22/07/2026,,لا يوجد,داخل المملكة,"صيانة المباني, المبـــاني"
1078907,2026-08-15T22:01:02.834023+00:00,0.00,قطع غيار اجهزة طبية,,"التاريخ: 08/02/1448
الموافق: 23/07/2026",23/07/2026,"التاريخ: 11/02/1448
الموافق: 26/07/2026",26/07/2026,,لا يوجد,داخل المملكة,"صيانة المباني, المبـــاني"
1078909,2026-08-15T20:54:00.368807+00:00,0.00,قطع غيار اجهزة طبية,,"التاريخ: 08/02/1448
الموافق: 23/07/2026",23/07/2026,"التاريخ: 11/02/1448
الموافق: 26/07/2026",26/07/2026,,لا يوجد,داخل المملكة,"صيانة المباني, المبـــاني"
1078910,2026-08-15T22:01:11.686675+00:00,0.00,قطع غيار اجهزة طبية,,"التاريخ: 08/02/1448
الموافق: 23/07/2026",23/07/2026,"التاريخ: 11/02/1448
الموافق: 26/07/2026",26/07/2026,,لا يوجد,داخل المملكة,"صيانة المباني, المبـــاني"
1078912,2026-08-15T20:54:07.223505+00:00,0.00,قطع غيار اجهزة طبية,,"التاريخ: 08/02/1448
الموافق: 23/07/2026",23/07/2026,"التاريخ: 11/02/1448
الموافق: 26/07/2026",26/07/2026,,لا يوجد,داخل المملكة,"صيانة المباني, المبـــاني"
1078916,2026-08-15T22:01:18.779835+00:00,0.00,قطع غيار اجهزة طبية,,"التاريخ: 08/02/1448
الموافق: 23/07/2026",23/07/2026,"التاريخ: 11/02/1448
الموافق: 26/07/2026",26/07/2026,,لا يوجد,داخل المملكة,"صيانة المباني, المبـــاني"
1078920,2026-08-15T22:01:24.511501+00:00,0.00,قطع غيار اجهزة طبية,,"التاريخ: 08/02/1448
الموافق: 23/07/2026",23/07/2026,"التاريخ: 11/02/1448
الموافق: 26/07/2026",26/07/2026,,لا يوجد,داخل المملكة,"صيانة المباني, المبـــاني"
1078923,2026-08-15T20:54:14.564613+00:00,0.00,قطع غيار اجهزة طبية,,"التاريخ: 08/02/1448
الموافق: 23/07/2026",23/07/2026,"التاريخ: 11/02/1448
الموافق: 26/07/2026",26/07/2026,,لا يوجد,داخل المملكة,"صيانة المباني, المبـــاني"
1078928,2026-08-15T23:27:34.362351+00:00,700.00,يهدف هذا المشروع إلى تطوير وتحسين البوابة الداخلية الحالية لمركز دعم اتخاذ القرار بما يعزز من كفاءة تقديم الخدمات الرقمية ويرفع من مستوى رضا المستفيدين الداخليين، ويدعم اتخاذ القرار من خلال توفير مؤشرات أداء ولوحات بيانات تفاعلية، وتمكين إدارة العلاقة مع المستفيد الداخلي بشكل أكثر كفاءة وشفافية، وتعزيز قنوات التواصل الداخلي، إضافة إلى تمكين الوصول السريع والآمن إلى المعلومات والموارد المؤسسية عبر مختلف الأجهزة.,5,"التاريخ: 03/03/1448
الموافق: 16/08/2026",16/08/2026,"التاريخ: 19/03/1448
الموافق: 01/09/2026",01/09/2026,,"مركز دعم اتخاذ القرار , مدينة الرائدة الرقمية",داخل المملكة,
1078930,2026-08-15T18:30:00.901951+00:00,0.00,قطع غيار اجهزة طبية,,"التاريخ: 08/02/1448
الموافق: 23/07/2026",23/07/2026,"التاريخ: 11/02/1448
الموافق: 26/07/2026",26/07/2026,,لا يوجد,داخل المملكة,"صيانة المباني, المبـــاني"
1078932,2026-08-15T23:05:05.948935+00:00,0.00,أحد البنود الأساسية في المستشفى ، ولحاجة المستشفى لهذا البند تم إرفاقه ضمن منافسات الشراء المباشر .,,"التاريخ: 06/02/1448
الموافق: 21/07/2026",21/07/2026,"التاريخ: 07/02/1448
الموافق: 22/07/2026",22/07/2026,,لا يوجد,داخل المملكة,
1078935,2026-08-15T23:27:41.958101+00:00,0.00,بعد أن تم تطوير وبناء منصة تكامل البيانات وإدارة واجهة برمجة التطبيقات (API) لمجموعة من كيانات البيانات وربطها مع الأنظمة الداخلية للمركز، حيث يسعى المركز لتعزيز البيئة الرقمية من خلال سهولة الوصول للبيانات وربطها بتطبيقات المركز ، بالإضافة الى أتمتة الأعمال المتعلقة بالأنظمة والخدمات الخاصة بالمركز وبناء واجهات برمجة التطبيقات APIs بشكل كامل من خلال نظام موحد (Integration Platform) لتتناسب مع الاحتياجات المتغيرة للمستفيدين وضمان تسهيل الإجراءات والعمليات وكذلك تحسين التكامل مع مختلف أنظمة المركز ، فإن المركز يرغب بتواجد فريق فني متخصص في الموقع يضمن تشغيل المنصة بكفاءة، ومعالجة أي مشكلات تقنية فور حدوثها، بالإضافة إلى تنفيذ التحسينات المستمرة لضمان توافق النظام مع احتياجات المركز وتطوره المستقبلي.,5,"التاريخ: 18/02/1448
الموافق: 02/08/2026",02/08/2026,"التاريخ: 19/03/1448
الموافق: 01/09/2026",01/09/2026,,"مركز دعم اتخاذ القرار , مدينة الرائدة الرقمية",داخل المملكة,
1078951,2026-08-15T22:31:48.625614+00:00,3500.00,تنفيذ أعمال الصيانة والتأهيل للطبقات الإسفلتية والأرصفة صيانة وأنسنه طريق الكورنيش مع الارصفة الجانبية,5,"التاريخ: 04/03/1448
الموافق: 17/08/2026",17/08/2026,"التاريخ: 18/03/1448
الموافق: 31/08/2026",31/08/2026,,بلدية محافظة الجبيل,داخل المملكة,
1078984,2026-08-15T18:41:58.636239+00:00,0.00,قطع غيار اجهزة طبية,,"التاريخ: 14/02/1448
الموافق: 29/07/2026",29/07/2026,"التاريخ: 15/02/1448
الموافق: 30/07/2026",30/07/2026,,لا يوجد,داخل المملكة,"صيانة المباني, المبـــاني"
1078996,2026-08-15T18:42:06.592507+00:00,0.00,قطع غيار اجهزة طبية,,"التاريخ: 14/02/1448
الموافق: 29/07/2026",29/07/2026,"التاريخ: 15/02/1448
الموافق: 30/07/2026",30/07/2026,,لا يوجد,داخل المملكة,"صيانة المباني, المبـــاني"
1079000,2026-08-15T18:42:13.038245+00:00,0.00,قطع غيار اجهزة طبية,,"التاريخ: 08/02/1448
الموافق: 23/07/2026",23/07/2026,"التاريخ: 11/02/1448
الموافق: 26/07/2026",26/07/2026,,لا يوجد,داخل المملكة,"صيانة المباني, المبـــاني"
1079004,2026-08-15T18:42:22.021831+00:00,0.00,قطع غيار اجهزة طبية,,"التاريخ: 11/02/1448
الموافق: 26/07/2026",26/07/2026,"التاريخ: 12/02/1448
الموافق: 27/07/2026",27/07/2026,,لا يوجد,داخل المملكة,"صيانة المباني, المبـــاني"
1079010,2026-08-15T21:30:31.578253+00:00,0.00,قطع غيار اجهزة طبية,,"التاريخ: 11/02/1448
الموافق: 26/07/2026",26/07/2026,"التاريخ: 12/02/1448
الموافق: 27/07/2026",27/07/2026,,لا يوجد,داخل المملكة,"صيانة المباني, المبـــاني"
1079012,2026-08-15T20:54:20.616262+00:00,0.00,قطع غيار اجهزة طبية,,"التاريخ: 08/02/1448
الموافق: 23/07/2026",23/07/2026,"التاريخ: 11/02/1448
الموافق: 26/07/2026",26/07/2026,,لا يوجد,داخل المملكة,"صيانة المباني, المبـــاني"
1079014,2026-08-15T20:57:36.974302+00:00,0.00,قطع غيار اجهزة طبية,,"التاريخ: 14/02/1448
الموافق: 29/07/2026",29/07/2026,"التاريخ: 15/02/1448
الموافق: 30/07/2026",30/07/2026,,لا يوجد,داخل المملكة,"صيانة المباني, المبـــاني"
1079015,2026-08-15T22:01:30.638817+00:00,0.00,قطع غيار اجهزة طبية,,"التاريخ: 06/02/1448
الموافق: 21/07/2026",21/07/2026,"التاريخ: 07/02/1448
الموافق: 22/07/2026",22/07/2026,,لا يوجد,داخل المملكة,"صيانة المباني, المبـــاني"
1079030,2026-08-15T23:28:44.678590+00:00,500.00,عملية إزالة وإعادة توريد وتركيب عازل مائي لمبنى مجمع المحاكم بمدينة بريدة بكامل الاعمال المعمارية والميكانيكية وجميع ما يلزم حسب الحاجة وحسب المواصفات الخاصة المذكورة في جدول الكميات.,5,"التاريخ: 07/02/1448
الموافق: 22/07/2026",22/07/2026,"التاريخ: 13/02/1448
الموافق: 28/07/2026",28/07/2026,,الرياض,داخل المملكة,
1079038,2026-08-15T22:52:45.306724+00:00,300.00,الاستعانة بأحد الشركات التقنية لهدف اختيار مزود تقني مؤهل لتوريد وتنفيذ وتشغيل نظام متكامل لإدارة القوى العاملة (Workforce Management)، ليكون بديلاً عن النظام الحالي (UKG Kronos)، بما يشمل إدارة الحضور والانصراف، الجداول والمناوبات، العمل الإضافي، والإجازات والأذونات، مع ضمان التكامل مع أنظمة الهيئة (خصوصاً SAP SuccessFactors وPayroll)، والالتزام بمتطلبات استضافة البيانات داخل المملكة، بما يسهم في رفع كفاءة التشغيل، وتحسين دقة البيانات، وتقليل المخاطر التشغيلية والتقنية.,5,"التاريخ: 18/02/1448
الموافق: 02/08/2026",02/08/2026,"التاريخ: 25/02/1448
الموافق: 09/08/2026",09/08/2026,,منصة اعتماد,داخل المملكة,
1079046,2026-08-15T20:24:21.127485+00:00,0.00,منافسة تحقيق الربط مع نفيس المالية لعدد 9 مستشفيات بتجمع نجران الصحي,,"التاريخ: 01/01/1448
الموافق: 16/06/2026",16/06/2026,"التاريخ: 02/01/1448
الموافق: 17/06/2026",17/06/2026,,لا يوجد,داخل المملكة,
1079088,2026-08-15T20:28:20.852485+00:00,500.00,تأهيل وتطوير وتدعيم ورفع كفاءة الشبكة الكهربائية المغذية للنصف الشرقي ومنطقة الفاعليات بالمركز.,5,"التاريخ: 29/02/1448
الموافق: 13/08/2026",13/08/2026,"التاريخ: 10/03/1448
الموافق: 23/08/2026",23/08/2026,,المنصة الالكترونية,داخل المملكة,
1079092,2026-08-15T21:41:38.972398+00:00,200.00,تفعيل وتجديد الأنظمة والتقنيات الأمنية، وتنفيذ اختبارات الاختراق، ومراجعة الكود المصدري، وتقييم وتطوير معمارية الأمن السيبراني بشكل مستمر، إلى جانب العديد من الأنظمة والرخص والاشتراكات التي تهدف لرفع مستوى الوعي بالأمن السيبراني لدى الموظفين لتعزيز ثقافة الأمن وحماية الأصول المعلوماتية.,5,"التاريخ: 22/01/1448
الموافق: 07/07/2026",07/07/2026,"التاريخ: 13/02/1448
الموافق: 28/07/2026",28/07/2026,,الكترونيا عبر منصة اعتماد,داخل المملكة,
1079100,2026-08-15T19:16:37.258465+00:00,10000.00,تشغيل وصيانة ونظافة مباني فروع صندوق التنمية العقارية. حيث تقدم هذه الوثيقة عرضاً باحتياجات الصندوق، كما تشمل على الشروط المرجعية التي يجب على مقدمي العروض التقيد بها، وتوضح الإرشادات والتعليمات التنظيمية الموجهة للراغبين في التقدم بعروضهم، لذا فإنه من الأهمية قراءة هذه الوثيقة بتمعن، وإتباع التعليمات والإرشادات والبيانات الواردة بها.,5,"التاريخ: 18/03/1448
الموافق: 31/08/2026",31/08/2026,"التاريخ: 17/12/1448
الموافق: 23/05/2027",23/05/2027,,الكتروني,داخل المملكة,صيانة المباني
1079117,2026-08-15T21:07:48.186913+00:00,300.00,إنشاء منصة رقمية مركزية تربط بين جميع الادارات التشغيلية المعنية بالجودة ضمن نظام موحد,,"التاريخ: 07/02/1448
الموافق: 22/07/2026",22/07/2026,"التاريخ: 08/02/1448
الموافق: 23/07/2026",23/07/2026,,لا يوجد,داخل المملكة,
1079125,2026-08-15T20:07:20.532100+00:00,200.00,توريد ملابس العمل الرسمية للهيئة الملكية بالجبيل,5,"التاريخ: 16/04/1448
الموافق: 28/09/2026",28/09/2026,"التاريخ: 18/04/1448
الموافق: 30/09/2026",30/09/2026,,المبنى الرئيسي للهيئة الملكية بمدينة الجبيل (الجبيل الصناعية),داخل المملكة,
1079169,2026-08-15T20:07:27.869003+00:00,1000.00,حفر ابار ارتوازية مع تركيب اشياب تعبية,5,"التاريخ: 30/01/1448
الموافق: 15/07/2026",15/07/2026,"التاريخ: 14/02/1448
الموافق: 29/07/2026",29/07/2026,,بلدية الأمواه,داخل المملكة,"حفر الأبار, حفر الآبار"
1079173,2026-08-15T21:30:37.156743+00:00,0.00,قطع غيار اجهزة طبية,,"التاريخ: 11/02/1448
الموافق: 26/07/2026",26/07/2026,"التاريخ: 12/02/1448
الموافق: 27/07/2026",27/07/2026,,لا يوجد,داخل المملكة,"صيانة المباني, المبـــاني"
1079176,2026-08-15T21:30:44.498052+00:00,0.00,قطع غيار اجهزة طبية,,"التاريخ: 11/02/1448
الموافق: 26/07/2026",26/07/2026,"التاريخ: 12/02/1448
الموافق: 27/07/2026",27/07/2026,,لا يوجد,داخل المملكة,"صيانة المباني, المبـــاني"
1079177,2026-08-15T21:30:50.847843+00:00,0.00,قطع غيار اجهزة طبية,,"التاريخ: 11/02/1448
الموافق: 26/07/2026",26/07/2026,"التاريخ: 12/02/1448
الموافق: 27/07/2026",27/07/2026,,لا يوجد,داخل المملكة,"صيانة المباني, المبـــاني"
1079201,2026-08-15T21:30:56.939730+00:00,0.00,قطع غيار اجهزة طبية,,"التاريخ: 11/02/1448
الموافق: 26/07/2026",26/07/2026,"التاريخ: 12/02/1448
الموافق: 27/07/2026",27/07/2026,,لا يوجد,داخل المملكة,"صيانة المباني, المبـــاني"
1079227,2026-08-15T21:22:36.207569+00:00,0.00,لسد احتياج مدينة الأمير سلطان الطبية العسكرية,,"التاريخ: 07/01/1448
الموافق: 22/06/2026",22/06/2026,"التاريخ: 08/01/1448
الموافق: 23/06/2026",23/06/2026,,لا يوجد,داخل المملكة,
1079239,2026-08-15T21:31:03.883137+00:00,0.00,قطع غيار اجهزة طبية,,"التاريخ: 11/02/1448
الموافق: 26/07/2026",26/07/2026,"التاريخ: 12/02/1448
الموافق: 27/07/2026",27/07/2026,,لا يوجد,داخل المملكة,"صيانة المباني, المبـــاني"
1079241,2026-08-15T21:31:11.071024+00:00,0.00,قطع غيار اجهزة طبية,,"التاريخ: 11/02/1448
الموافق: 26/07/2026",26/07/2026,"التاريخ: 12/02/1448
الموافق: 27/07/2026",27/07/2026,,لا يوجد,داخل المملكة,"صيانة المباني, المبـــاني"
1079245,2026-08-15T21:31:17.059571+00:00,0.00,قطع غيار اجهزة طبية,,"التاريخ: 11/02/1448
الموافق: 26/07/2026",26/07/2026,"التاريخ: 12/02/1448
الموافق: 27/07/2026",27/07/2026,,لا يوجد,داخل المملكة,"صيانة المباني, المبـــاني"
1079247,2026-08-15T20:04:51.893750+00:00,0.00,قطع غيار لمصنع إنتاج الإسفلت,,"التاريخ: 21/01/1448
الموافق: 06/07/2026",06/07/2026,"التاريخ: 13/02/1448
الموافق: 28/07/2026",28/07/2026,,لا يوجد,داخل المملكة,
1079248,2026-08-15T19:18:14.192983+00:00,15000.00,إن أمانة المنطقة الشرقية (ممثلة ببلدية مدينة الظهران) سواء أشير  إليها في هذه الشروط والمواصفات بكلمة الأمانة أو البلدية في سبيل قيامها بواجباتها التي تهدف إلى إظهار المنطقة بالمظهر اللائق الجميل والمحافظة على جميع المزروعات وشبكات الري والابار وتشغيل وصيانة المسطحات الخضراء والأشجار والزهور وشبكات الري الآلية والعادية وألعاب الأطفال بمدينة الظهران وجعلها بحالة جيدة واخضرار دائم طوال العام ، إضافة إلى القيام بكافة الخدمات الأخرى المشمولة بالمشروع وذلك عن طريق تقيد المقاول ( في سياق تنفيذه للعقد ) بكافة الوسائل والشروط الواردة بالعقد ، ملتزماً بالوفاء بذلك باستخدام أحدث الوسائل المناسبة التي تضمن أداء تلك الخدمات بمستوي فني عالي من خلال توفيره لكافة المعدات والأدوات والأجهزة المتطورة والمواد المستهلكة واستخدامه للأجهزة الفنية والإدارية ذات الكفاءات العالية والعمال المهرة ليتسنى له القيام بتنفيذ وإنجاز المشروع ضمن أعلى معدلات الأداء والإنجاز المطلوبة وفقاً لأحكام الشروط والمواصفات الفنية .,5,"التاريخ: 15/02/1448
الموافق: 30/07/2026",30/07/2026,"التاريخ: 15/04/1448
الموافق: 27/09/2026",27/09/2026,,امانة المنطقة الشرقية,داخل المملكة,
1079264,2026-08-15T19:35:46.632786+00:00,500.00,الحاجة البلدية لتوريد قطع غيار لسيارات ومعدات الصيانة,5,"التاريخ: 28/02/1448
الموافق: 12/08/2026",12/08/2026,"التاريخ: 03/03/1448
الموافق: 16/08/2026",16/08/2026,,بلدية عقلة الصقور,داخل المملكة,
1079265,2026-08-15T21:31:25.955641+00:00,0.00,قطع غيار اجهزة طبية,,"التاريخ: 11/02/1448
الموافق: 26/07/2026",26/07/2026,"التاريخ: 12/02/1448
الموافق: 27/07/2026",27/07/2026,,لا يوجد,داخل المملكة,"صيانة المباني, المبـــاني"
1079267,2026-08-15T18:42:30.160375+00:00,0.00,قطع غيار اجهزة طبية,,"التاريخ: 11/02/1448
الموافق: 26/07/2026",26/07/2026,"التاريخ: 12/02/1448
الموافق: 27/07/2026",27/07/2026,,لا يوجد,داخل المملكة,"صيانة المباني, المبـــاني"
1079269,2026-08-15T21:31:34.353766+00:00,0.00,قطع غيار اجهزة طبية,,"التاريخ: 11/02/1448
الموافق: 26/07/2026",26/07/2026,"التاريخ: 12/02/1448
الموافق: 27/07/2026",27/07/2026,,لا يوجد,داخل المملكة,"صيانة المباني, المبـــاني"
1079270,2026-08-15T21:31:41.601210+00:00,0.00,قطع غيار اجهزة طبية,,"التاريخ: 11/02/1448
الموافق: 26/07/2026",26/07/2026,"التاريخ: 12/02/1448
الموافق: 27/07/2026",27/07/2026,,لا يوجد,داخل المملكة,"صيانة المباني, المبـــاني"
1079272,2026-08-15T18:42:36.951841+00:00,0.00,قطع غيار اجهزة طبية,,"التاريخ: 11/02/1448
الموافق: 26/07/2026",26/07/2026,"التاريخ: 12/02/1448
الموافق: 27/07/2026",27/07/2026,,لا يوجد,داخل المملكة,"صيانة المباني, المبـــاني"
1079273,2026-08-15T18:30:08.216016+00:00,0.00,قطع غيار اجهزة طبية,,"التاريخ: 12/02/1448
الموافق: 27/07/2026",27/07/2026,"التاريخ: 13/02/1448
الموافق: 28/07/2026",28/07/2026,,لا يوجد,داخل المملكة,"صيانة المباني, المبـــاني"
1079278,2026-08-15T21:31:48.942465+00:00,0.00,قطع غيار اجهزة طبية,,"التاريخ: 12/02/1448
الموافق: 27/07/2026",27/07/2026,"التاريخ: 13/02/1448
الموافق: 28/07/2026",28/07/2026,,لا يوجد,داخل المملكة,"صيانة المباني, المبـــاني"
1079282,2026-08-15T18:42:44.319357+00:00,0.00,قطع غيار اجهزة طبية,,"التاريخ: 12/02/1448
الموافق: 27/07/2026",27/07/2026,"التاريخ: 13/02/1448
الموافق: 28/07/2026",28/07/2026,,لا يوجد,داخل المملكة,"صيانة المباني, المبـــاني"
1079283,2026-08-15T21:31:55.946803+00:00,0.00,قطع غيار اجهزة طبية,,"التاريخ: 12/02/1448
الموافق: 27/07/2026",27/07/2026,"التاريخ: 13/02/1448
الموافق: 28/07/2026",28/07/2026,,لا يوجد,داخل المملكة,"صيانة المباني, المبـــاني"
1079286,2026-08-15T21:32:00.943349+00:00,0.00,قطع غيار اجهزة طبية,,"التاريخ: 12/02/1448
الموافق: 27/07/2026",27/07/2026,"التاريخ: 13/02/1448
الموافق: 28/07/2026",28/07/2026,,لا يوجد,داخل المملكة,"صيانة المباني, المبـــاني"
1079288,2026-08-15T21:32:08.851161+00:00,0.00,قطع غيار اجهزة طبية,,"التاريخ: 11/02/1448
الموافق: 26/07/2026",26/07/2026,"التاريخ: 12/02/1448
الموافق: 27/07/2026",27/07/2026,,لا يوجد,داخل المملكة,"صيانة المباني, المبـــاني"
1079294,2026-08-15T21:32:17.128613+00:00,0.00,قطع غيار اجهزة طبية,,"التاريخ: 12/02/1448
الموافق: 27/07/2026",27/07/2026,"التاريخ: 13/02/1448
الموافق: 28/07/2026",28/07/2026,,لا يوجد,داخل المملكة,"صيانة المباني, المبـــاني"
1079298,2026-08-15T20:13:56.280586+00:00,500.00,توريد و تركيب الواح من البولي كاربونايت لمعالجة تلفيات مظلة بهو مبنى 132 في كلية الاعداد العام (سابقا)للطالبات,5,"التاريخ: 04/02/1448
الموافق: 19/07/2026",19/07/2026,"التاريخ: 11/02/1448
الموافق: 26/07/2026",26/07/2026,,القاعة الخاصة بفتح المظاريف بالدور الثالث بمبنى الإدارة الرئيسي رقم 3,داخل المملكة,
1079372,2026-08-15T22:23:08.077077+00:00,500.00,"يهدف المشروع الى تقييم حالة الالات الدوارة (المحركات والمضخات او المراوح) عن طريق قياس الاهتزازات وتقديم تقارير فنية توضح الحالة الحاليه , نقاط الخطر , ترتيب الأولويات للتدخلات التصحيحية مثل (ضبط توازن اصلاح او استبدال محامل ومحاذاه او تفكيك او عمره شامله) وكذلك تحديث برنامج صحة المعدات ومعايرة وإصدار شهادة معايره جهاز فحص الاهتزازات.",5,"التاريخ: 11/03/1448
الموافق: 24/08/2026",24/08/2026,"التاريخ: 11/05/1448
الموافق: 22/10/2026",22/10/2026,,لجنة الساحل الغربي  مكان تسليم العروض في المبنى الرئيسي لمنظومة انتاج جدة الدور الثاني قسم المشاريع,داخل المملكة,
1079395,2026-08-15T23:03:10.859389+00:00,350.00,أعمال توريد وتركيب المنطقة الداخلية في المستشفى من خلال رفع كفاءة البنية التحتية وتحسين بيئة العمل يشمل النشاط أعمال واستبدال التشطيبات القديمة، وتحديث الأنظمة الميكانيكية والكهربائية، وتحسين الإضاءة والتهوية، وتطوير المساحات لتكون أكثر أمانًا وراحة بما يتوافق مع المعايير الصحية المعتمدة.,5,"التاريخ: 20/02/1448
الموافق: 04/08/2026",04/08/2026,"التاريخ: 22/04/1448
الموافق: 04/10/2026",04/10/2026,,إدارة العقود مبنى 350مستشفى الأمير محمد بن عبد العزيز بالمدينة المنورة التابع للشؤون الصحية بوزارة الحرس الوطني,داخل المملكة,
1079418,2026-08-15T22:21:54.219414+00:00,1000.00,"تجديد رخص أنظمة تقنية المعلومات ( Veritas , Rhapsody Micro , Imprivata , Citrix Quest , Focus ) بمدينة لامير سلطان الطبية العسكرية",5,"التاريخ: 25/03/1448
الموافق: 07/09/2026",07/09/2026,"التاريخ: 28/05/1448
الموافق: 08/11/2026",08/11/2026,,إدارة العقود والمشتريات مبنى 37 مدينة الأمير سلطان الطبية العسكرية بالرياض,داخل المملكة,صيانة وتشغيل تقنية الاتصالات
1079421,2026-08-15T21:32:22.258946+00:00,0.00,قطع غيار اجهزة طبية,,"التاريخ: 12/02/1448
الموافق: 27/07/2026",27/07/2026,"التاريخ: 13/02/1448
الموافق: 28/07/2026",28/07/2026,,لا يوجد,داخل المملكة,"صيانة المباني, المبـــاني"
1079423,2026-08-15T18:42:51.873157+00:00,0.00,قطع غيار اجهزة طبية,,"التاريخ: 12/02/1448
الموافق: 27/07/2026",27/07/2026,"التاريخ: 13/02/1448
الموافق: 28/07/2026",28/07/2026,,لا يوجد,داخل المملكة,"صيانة المباني, المبـــاني"
1079425,2026-08-15T22:01:35.700247+00:00,0.00,قطع غيار اجهزة طبية,,"التاريخ: 08/02/1448
الموافق: 23/07/2026",23/07/2026,"التاريخ: 11/02/1448
الموافق: 26/07/2026",26/07/2026,,لا يوجد,داخل المملكة,"صيانة المباني, المبـــاني"
1079431,2026-08-15T21:32:28.101821+00:00,0.00,قطع غيار اجهزة طبية,,"التاريخ: 12/02/1448
الموافق: 27/07/2026",27/07/2026,"التاريخ: 13/02/1448
الموافق: 28/07/2026",28/07/2026,,لا يوجد,داخل المملكة,"صيانة المباني, المبـــاني"
1079433,2026-08-15T21:32:35.689283+00:00,0.00,قطع غيار اجهزة طبية,,"التاريخ: 12/02/1448
الموافق: 27/07/2026",27/07/2026,"التاريخ: 13/02/1448
الموافق: 28/07/2026",28/07/2026,,لا يوجد,داخل المملكة,"صيانة المباني, المبـــاني"
1079438,2026-08-15T21:32:44.633323+00:00,0.00,قطع غيار اجهزة طبية,,"التاريخ: 12/02/1448
الموافق: 27/07/2026",27/07/2026,"التاريخ: 13/02/1448
الموافق: 28/07/2026",28/07/2026,,لا يوجد,داخل المملكة,"صيانة المباني, المبـــاني"
1079439,2026-08-15T18:42:59.750724+00:00,0.00,قطع غيار اجهزة طبية,,"التاريخ: 12/02/1448
الموافق: 27/07/2026",27/07/2026,"التاريخ: 13/02/1448
الموافق: 28/07/2026",28/07/2026,,لا يوجد,داخل المملكة,"صيانة المباني, المبـــاني"
1079440,2026-08-15T23:03:17.632066+00:00,1000.00,تجديد رخص نظام مكافحة الفايروسات ونظام حماية بوابة البريد الالكتروني بمدينة الامير سلطان الطبية العسكرية,5,"التاريخ: 06/02/1448
الموافق: 21/07/2026",21/07/2026,"التاريخ: 07/03/1448
الموافق: 20/08/2026",20/08/2026,,إدارة العقود والمشتريات مبنى 37 مدينة الأمير سلطان الطبية العسكرية بالرياض,داخل المملكة,صيانة وتشغيل تقنية الاتصالات
1079441,2026-08-15T21:32:51.328493+00:00,0.00,قطع غيار اجهزة طبية,,"التاريخ: 12/02/1448
الموافق: 27/07/2026",27/07/2026,"التاريخ: 13/02/1448
الموافق: 28/07/2026",28/07/2026,,لا يوجد,داخل المملكة,"صيانة المباني, المبـــاني"
1079442,2026-08-15T21:32:58.504240+00:00,0.00,قطع غيار اجهزة طبية,,"التاريخ: 12/02/1448
الموافق: 27/07/2026",27/07/2026,"التاريخ: 13/02/1448
الموافق: 28/07/2026",28/07/2026,,لا يوجد,داخل المملكة,"صيانة المباني, المبـــاني"
1079446,2026-08-15T22:44:25.894189+00:00,500.00,يطمح مركز الأمير سلطان لمعالجة أمراض وجراحة القلب ضمان استمرارية عمل غرفة الأشعة C ARM بأحدث الأنظمة مما يضمن الاستخدام الآمن و الفعال و لتحسين تجربة المريض.,5,"التاريخ: 12/03/1448
الموافق: 25/08/2026",25/08/2026,"التاريخ: 16/04/1448
الموافق: 28/09/2026",28/09/2026,,الرياض السليمانية مركز الامير سلطان لمعالجة أمراض وجراحة القلب مبنى 53 الطابق الثالث ادارةالمشتريات والعقود,داخل المملكة,
1079447,2026-08-15T22:01:42.430346+00:00,0.00,قطع غيار اجهزة طبية,,"التاريخ: 08/02/1448
الموافق: 23/07/2026",23/07/2026,"التاريخ: 11/02/1448
الموافق: 26/07/2026",26/07/2026,,لا يوجد,داخل المملكة,"صيانة المباني, المبـــاني"
1079448,2026-08-15T18:43:05.986750+00:00,0.00,قطع غيار اجهزة طبية,,"التاريخ: 08/02/1448
الموافق: 23/07/2026",23/07/2026,"التاريخ: 11/02/1448
الموافق: 26/07/2026",26/07/2026,,لا يوجد,داخل المملكة,"صيانة المباني, المبـــاني"
1079455,2026-08-15T18:43:11.810056+00:00,0.00,قطع غيار اجهزة طبية,,"التاريخ: 08/02/1448
الموافق: 23/07/2026",23/07/2026,"التاريخ: 11/02/1448
الموافق: 26/07/2026",26/07/2026,,لا يوجد,داخل المملكة,"صيانة المباني, المبـــاني"
1079457,2026-08-15T18:43:18.179447+00:00,0.00,قطع غيار اجهزة طبية,,"التاريخ: 08/02/1448
الموافق: 23/07/2026",23/07/2026,"التاريخ: 11/02/1448
الموافق: 26/07/2026",26/07/2026,,لا يوجد,داخل المملكة,"صيانة المباني, المبـــاني"
1079460,2026-08-15T18:43:24.871148+00:00,0.00,قطع غيار اجهزة طبية,,"التاريخ: 08/02/1448
الموافق: 23/07/2026",23/07/2026,"التاريخ: 11/02/1448
الموافق: 26/07/2026",26/07/2026,,لا يوجد,داخل المملكة,"صيانة المباني, المبـــاني"
1079462,2026-08-15T18:43:32.976891+00:00,0.00,قطع غيار اجهزة طبية,,"التاريخ: 08/02/1448
الموافق: 23/07/2026",23/07/2026,"التاريخ: 11/02/1448
الموافق: 26/07/2026",26/07/2026,,لا يوجد,داخل المملكة,"صيانة المباني, المبـــاني"
1079464,2026-08-15T18:43:40.402840+00:00,0.00,قطع غيار اجهزة طبية,,"التاريخ: 08/02/1448
الموافق: 23/07/2026",23/07/2026,"التاريخ: 11/02/1448
الموافق: 26/07/2026",26/07/2026,,لا يوجد,داخل المملكة,"صيانة المباني, المبـــاني"
1079466,2026-08-15T18:43:49.491493+00:00,0.00,قطع غيار اجهزة طبية,,"التاريخ: 08/02/1448
الموافق: 23/07/2026",23/07/2026,"التاريخ: 11/02/1448
الموافق: 26/07/2026",26/07/2026,,لا يوجد,داخل المملكة,"صيانة المباني, المبـــاني"
1079468,2026-08-15T22:44:31.192642+00:00,500.00,توفير خدمات الأمن والسلامة لمبنى المركز الوطني لتنمية القطاع غير الربحي,5,"التاريخ: 18/02/1448
الموافق: 02/08/2026",02/08/2026,"التاريخ: 29/02/1448
الموافق: 13/08/2026",13/08/2026,,منصة اعتماد,داخل المملكة,
1079471,2026-08-15T21:33:05.414792+00:00,0.00,قطع غيار اجهزة طبية,,"التاريخ: 08/02/1448
الموافق: 23/07/2026",23/07/2026,"التاريخ: 11/02/1448
الموافق: 26/07/2026",26/07/2026,,لا يوجد,داخل المملكة,"صيانة المباني, المبـــاني"
1079472,2026-08-15T18:43:55.861711+00:00,0.00,قطع غيار اجهزة طبية,,"التاريخ: 07/02/1448
الموافق: 22/07/2026",22/07/2026,"التاريخ: 08/02/1448
الموافق: 23/07/2026",23/07/2026,,لا يوجد,داخل المملكة,"صيانة المباني, المبـــاني"
1079474,2026-08-15T21:33:12.860621+00:00,0.00,قطع غيار اجهزة طبية,,"التاريخ: 07/02/1448
الموافق: 22/07/2026",22/07/2026,"التاريخ: 08/02/1448
الموافق: 23/07/2026",23/07/2026,,لا يوجد,داخل المملكة,"صيانة المباني, المبـــاني"
1079476,2026-08-15T21:33:20.041674+00:00,0.00,قطع غيار اجهزة طبية,,"التاريخ: 07/02/1448
الموافق: 22/07/2026",22/07/2026,"التاريخ: 08/02/1448
الموافق: 23/07/2026",23/07/2026,,لا يوجد,داخل المملكة,"صيانة المباني, المبـــاني"
1079477,2026-08-15T21:33:25.928662+00:00,0.00,قطع غيار اجهزة طبية,,"التاريخ: 07/02/1448
الموافق: 22/07/2026",22/07/2026,"التاريخ: 08/02/1448
الموافق: 23/07/2026",23/07/2026,,لا يوجد,داخل المملكة,"صيانة المباني, المبـــاني"
1079548,2026-08-15T22:34:34.669567+00:00,0.00,توريد قطع غيار لثلاجات التبريد - مستودع طبي - قسم التكييف والتهوية لمستشفى الحرس الوطني التابع لوزارة الحرس الوطني بالأحساء,,"التاريخ: 08/02/1448
الموافق: 23/07/2026",23/07/2026,"التاريخ: 09/02/1448
الموافق: 24/07/2026",24/07/2026,,لا يوجد,داخل المملكة,
1079571,2026-08-15T23:05:11.914472+00:00,0.00,تامين قطع غيار تكييف لغرض اصلاح اعطال بمواقع مختلفة بمعهد قوات الدفاع الجوي,,"التاريخ: 01/02/1448
الموافق: 16/07/2026",16/07/2026,"التاريخ: 02/02/1448
الموافق: 17/07/2026",17/07/2026,,لا يوجد,داخل المملكة,صيانة وتشغيل الأعمال الميكانيكيـة
1079581,2026-08-15T23:02:25.016804+00:00,500.00,توريد وتركيب متطلبات الأمن والسلامة بمركز الملك عبد العزيز للخيل العربية الاصيلة بديراب.,5,"التاريخ: 05/02/1448
الموافق: 20/07/2026",20/07/2026,"التاريخ: 18/02/1448
الموافق: 02/08/2026",02/08/2026,,المنصة الالكترونية,داخل المملكة,
1079637,2026-08-15T21:41:45.859239+00:00,10000.00,صيانة الأضاءة التفاعلية بحفر الباطن,5,"التاريخ: 08/02/1448
الموافق: 23/07/2026",23/07/2026,"التاريخ: 15/02/1448
الموافق: 30/07/2026",30/07/2026,,لجنة فتح العروض,داخل المملكة,
1079656,2026-08-15T23:03:25.827165+00:00,0.00,Glass Mortar and Pestle For compounding room,,"التاريخ: 05/02/1448
الموافق: 20/07/2026",20/07/2026,"التاريخ: 17/02/1448
الموافق: 01/08/2026",01/08/2026,,لا يوجد,داخل المملكة,
1079677,2026-08-15T21:11:54.484466+00:00,200.00,تأمين وتوريد اطقم كشف واوساط حيوية لمختبر الاحياء الدقيقة لعام 2026م,5,"التاريخ: 12/02/1448
الموافق: 27/07/2026",27/07/2026,"التاريخ: 13/02/1448
الموافق: 28/07/2026",28/07/2026,,الرياض المبنى الرئيسي للهييئة العامة للغذاء والدواء حي حطين,داخل المملكة,
1079678,2026-08-15T20:24:28.666275+00:00,100.00,توريد وتأمين المواد القياسية لمختبر الدواء لعام 2026م,5,"التاريخ: 12/02/1448
الموافق: 27/07/2026",27/07/2026,"التاريخ: 13/02/1448
الموافق: 28/07/2026",28/07/2026,,الرياض المبنى الرئيسي للهييئة العامة للغذاء والدواء حي حطين,داخل المملكة,
1079694,2026-08-15T22:42:00.985614+00:00,1000.00,تجديد رخص قواعد البيانات أوراكل لمدينة الأمير سلطان الطبية العسكرية,5,"التاريخ: 25/03/1448
الموافق: 07/09/2026",07/09/2026,"التاريخ: 05/06/1448
الموافق: 15/11/2026",15/11/2026,,إدارة العقود والمشتريات مبنى 37 مدينة الأمير سلطان الطبية العسكرية بالرياض,داخل المملكة,
1079711,2026-08-15T23:36:18.933172+00:00,0.00,طلب إصلاح آلية الأسلحة و المتفجرات تابعة لشرطة منطقة القصيم,,"التاريخ: 06/01/1448
الموافق: 21/06/2026",21/06/2026,"التاريخ: 08/01/1448
الموافق: 23/06/2026",23/06/2026,,لا يوجد,داخل المملكة,
1079747,2026-08-15T22:10:57.210793+00:00,5000.00,لحاجة إدارة الصيانة بالحركة ببلدية محافظة وادي الدواسر,10,"التاريخ: 11/02/1448
الموافق: 26/07/2026",26/07/2026,"التاريخ: 14/02/1448
الموافق: 29/07/2026",29/07/2026,,لجنة فتح المظاريف في بلدية وادي الدواسر,داخل المملكة,
1079812,2026-08-15T23:18:19.446101+00:00,500.00,مشروع تشغيل وصيانة المقابر ببلدية محافظة الخرج حسب كراسة الشروط والمواصفات,5,"التاريخ: 29/02/1448
الموافق: 13/08/2026",13/08/2026,"التاريخ: 01/03/1448
الموافق: 14/08/2026",14/08/2026,,منصة اعتماد,داخل المملكة,
1079813,2026-08-15T20:04:58.608606+00:00,0.00,وحدات تكييف,,"التاريخ: 14/01/1448
الموافق: 29/06/2026",29/06/2026,"التاريخ: 29/01/1448
الموافق: 14/07/2026",14/07/2026,,لا يوجد,داخل المملكة,
1079819,2026-08-15T22:01:48.480075+00:00,500.00,تركيب انظمة السلامة لمركز الملك عبدالله الحضاري لبلدية محافظة البكيرية,5,"التاريخ: 29/02/1448
الموافق: 13/08/2026",13/08/2026,"التاريخ: 15/03/1448
الموافق: 28/08/2026",28/08/2026,,منصة اعتماد,داخل المملكة,"صيانة المباني, نظام المراقبة والأمن والسلامة"
1079866,2026-08-15T20:28:28.549459+00:00,500.00,تأمين وتغيير الزيوت والفلاتر وغسيل السيارات للمركبات التابعة لوكالة وزارة الداخلية لشؤون الأفواج الأمنية,5,"التاريخ: 19/04/1448
الموافق: 01/10/2026",01/10/2026,"التاريخ: 21/05/1448
الموافق: 01/11/2026",01/11/2026,,الرياض - ديوان وزارة الداخلية - الطابق الثاني - (لجنة فتح العروض )- وقت تسليم ساعة 12 ظهراً,داخل المملكة,
1079899,2026-08-15T19:29:57.200804+00:00,0.00,معاينة وتصميم تنفيذ سياج حديدي لحماية وتأمين منطقة جبلية لمركز األبواء التابع لمحافظة رابغ,,"التاريخ: 26/02/1448
الموافق: 10/08/2026",10/08/2026,"التاريخ: 27/02/1448
الموافق: 11/08/2026",11/08/2026,,لا يوجد,داخل المملكة,
1079922,2026-08-15T21:07:55.586856+00:00,500.00,صيانة الطرق المستلمة من وزارة النقل والخدمات اللوجيستية جنوب أبها,5,"التاريخ: 22/02/1448
الموافق: 06/08/2026",06/08/2026,"التاريخ: 24/03/1448
الموافق: 06/09/2026",06/09/2026,,أمانة منطقة عسير ادارة المشتريات,داخل المملكة,
1079988,2026-08-15T20:04:36.476268+00:00,0.00,احتياج سنوي للعام (1447-1448هـ),,"التاريخ: 28/01/1448
الموافق: 13/07/2026",13/07/2026,"التاريخ: 13/02/1448
الموافق: 28/07/2026",28/07/2026,,لا يوجد,داخل المملكة,
1080017,2026-08-15T23:28:52.805284+00:00,0.00,"توريد مواد وقطع غيار كهرباءMODULE,IGBT الهيئة السعودية للمياه منظومة انتاج ينبع - الساحل الغربي.60020434",5,"التاريخ: 15/02/1448
الموافق: 30/07/2026",30/07/2026,"التاريخ: 18/03/1448
الموافق: 31/08/2026",31/08/2026,,المركز الرئيسي بالرياض,داخل المملكة,
1080030,2026-08-15T19:35:52.133470+00:00,500.00,توفير وتنفيذ خدمة الربط التقني بين السجل الوطني للتطعيمات مع نظام معلومات المستشفى (HIS) ، من خلال واجهة برمجة تطبيقات (API) تتيح نقل و تسجيل بيانات التطعيمات للمرضى إلكترونيًا وإرسالها مباشرة إلى النظام الوطني. يضمن هذا التكامل دقة البيانات وسهولة متابعتها، وأتمتة عمليات التسجيل والتحديث والاستعلام وفق المعايير الصحية المعتمدة، مع الالتزام بأفضل ممارسات الأمن السيبراني وحماية المعلومات و تقديم الدعم خلال ثلاث سنوات ميلادية.,5,"التاريخ: 28/02/1448
الموافق: 12/08/2026",12/08/2026,"التاريخ: 24/03/1448
الموافق: 06/09/2026",06/09/2026,,مبنى العيادات الخارجية برنامج الخدمات الصحية بالهيئة الملكية بالجبيل قاعه رقم 2025,داخل المملكة,
1080032,2026-08-15T21:22:45.099834+00:00,500.00,توريد تراخيص نظام تصنيف وتحديد الأكواد الطبية للممارسات الصحية والتقارير السريرية,5,"التاريخ: 07/02/1448
الموافق: 22/07/2026",22/07/2026,"التاريخ: 26/02/1448
الموافق: 10/08/2026",10/08/2026,,مبنى العيادات الخارجية برنامج الخدمات الصحية بالهيئة الملكية بالجبيل قاعه رقم 2025,داخل المملكة,
1080045,2026-08-15T23:28:57.445506+00:00,0.00,توريد كساوي لعمال بلدية محافظة ميسان,,"التاريخ: 04/02/1448
الموافق: 19/07/2026",19/07/2026,"التاريخ: 05/02/1448
الموافق: 20/07/2026",20/07/2026,,لا يوجد,داخل المملكة,
1080047,2026-08-15T21:21:21.283490+00:00,500.00,"صيانة وإصلاح الأجهزة والمعدات الطبية بمستشفى ام الدوم العام .
ويشمل ذلك تقديم المواد والمعدات والطاقم الفني وجميع الأشياء اللازمة وفقا لشروط العقد ووثائقه ويشمل المواقع التابعة له.",5,"التاريخ: 11/07/1448
الموافق: 20/12/2026",20/12/2026,"التاريخ: 26/06/1449
الموافق: 25/11/2027",25/11/2027,,مبنى تجمع الطائف الصحي   مجمع وزارة المالية,داخل المملكة,صيانة المـراكـز الطبيــة
1080055,2026-08-15T21:41:52.555994+00:00,0.00,الاتفاقية الإطارية لتقديم خدمات المطبوعات للبرنامج والجهات المستفيدة,5,"التاريخ: 18/02/1448
الموافق: 02/08/2026",02/08/2026,"التاريخ: 25/02/1448
الموافق: 09/08/2026",09/08/2026,,برنامج الخدمات المشتركة,داخل المملكة,
1080057,2026-08-15T22:22:38.449404+00:00,0.00,H-SAS-HR417502-Spare part of Defibrillators Physio-Control Lifepak 15 .قطع غيار لأجهزة إزالة الرجفان Physio-Control Lifepak 15.( حتمي ),,"التاريخ: 02/01/1448
الموافق: 17/06/2026",17/06/2026,"التاريخ: 15/02/1448
الموافق: 30/07/2026",30/07/2026,,لا يوجد,داخل المملكة,
1080081,2026-08-15T23:05:18.160918+00:00,300.00,الحاجة الى قاعات دراسية و مكاتب لأعضاء هيئة التدريس,5,"التاريخ: 07/02/1448
الموافق: 22/07/2026",22/07/2026,"التاريخ: 11/02/1448
الموافق: 26/07/2026",26/07/2026,,جامعة حائل البرج الاداري ادارة المشتريات,داخل المملكة,
1080083,2026-08-15T23:37:20.042133+00:00,0.00,توريد CHEMICAL TICA TABLETS 200 GM 90% CHLORINE  SLOW DISSOLVE,,"التاريخ: 02/01/1448
الموافق: 17/06/2026",17/06/2026,"التاريخ: 03/01/1448
الموافق: 18/06/2026",18/06/2026,,لا يوجد,داخل المملكة,
1080147,2026-08-15T23:36:51.200559+00:00,5000.00,(مشروع إعادة تأهيل المحطة الإنتقالية بغرب الدمام للأعوام 2026-2027م) الغاية من هذا المشروع هو القيام بـ (صيانة وإعادة تأهيل عدد (1) محطات انتقالية بغرب الدمام من خلال إعادة تأهيل السور والاسفلت والانارة) في المواقع التي تم تحديدها من قبل أمانة المنطقة الشرقية في حاضرة الدمام، وتشمل الأعمال والمعدات والأدوات وأعمال التركيب وإيصال التيار الكهربائي وجميع ما يلزم لتنفيذ الاعمال حسب ما هو محدد بكراسة الشروط والمواصفات والمخططات المرفقة,5,"التاريخ: 09/03/1448
الموافق: 22/08/2026",22/08/2026,"التاريخ: 08/04/1448
الموافق: 20/09/2026",20/09/2026,,امانة المنطقة الشرقية,داخل المملكة,
1080164,2026-08-15T23:35:58.107139+00:00,300.00,تشغيل وإصلاح و معايرة أجهزة مختبرات الهيئة العامة للغذاء المرجعي و الدواء,5,"التاريخ: 03/03/1448
الموافق: 16/08/2026",16/08/2026,"التاريخ: 17/03/1448
الموافق: 30/08/2026",30/08/2026,,الرياض المبنى الرئيسي للهييئة العامة للغذاء والدواء حي حطين,داخل المملكة,
1080215,2026-08-15T23:38:55.326926+00:00,0.00,إعادة تأهيل بروتبلات بفرع الإدارة الهندسية والأشغال بالجنوبية,,"التاريخ: 04/02/1448
الموافق: 19/07/2026",19/07/2026,"التاريخ: 13/02/1448
الموافق: 28/07/2026",28/07/2026,,لا يوجد,داخل المملكة,
1080217,2026-08-15T23:39:01.157116+00:00,0.00,صيانة رديترات مولدات لفرع الإدارة الهندسية والأشغال بالجنوبية,,"التاريخ: 04/02/1448
الموافق: 19/07/2026",19/07/2026,"التاريخ: 11/02/1448
الموافق: 26/07/2026",26/07/2026,,لا يوجد,داخل المملكة,
1080229,2026-08-15T23:39:10.368415+00:00,0.00,إعادة تأهيل درج وارضيات رخامية لفرع الإدارة الهندسية والأشغال بتبوك,,"التاريخ: 07/02/1448
الموافق: 22/07/2026",22/07/2026,"التاريخ: 12/02/1448
الموافق: 27/07/2026",27/07/2026,,لا يوجد,داخل المملكة,
1080277,2026-08-15T21:52:54.516464+00:00,500.00,تشغيل وصيانة وتطوير ودعم منصة أوتار لمراكز مراقبة السموم والطب الشرعي بوزارة الصحة,5,"التاريخ: 22/04/1448
الموافق: 04/10/2026",04/10/2026,"التاريخ: 29/04/1448
الموافق: 11/10/2026",11/10/2026,,بمبنى ديوان الوزارة القديم بطريق الملك عبدالعزيز  (المبنى الرئيسي ـ الدور الأول ) إدارة المنافسات,داخل المملكة,
1080336,2026-08-15T22:24:17.208290+00:00,500.00,الدعم اللوجستي لمنسوبي وضيوف هيئة تطوير منطقة عسير (سكن - خدمات سفر),5,"التاريخ: 11/05/1448
الموافق: 22/10/2026",22/10/2026,"التاريخ: 13/07/1448
الموافق: 22/12/2026",22/12/2026,,مدينة ابها مقر الهيئة,داخل المملكة,
1080354,2026-08-15T23:29:04.996210+00:00,3000.00,صيانة الطرق والشوارع المتهالكة بمحافظة القنفذة,5,"التاريخ: 11/02/1448
الموافق: 26/07/2026",26/07/2026,"التاريخ: 24/03/1448
الموافق: 06/09/2026",06/09/2026,,منصة اعتماد بلدية القنفذة,داخل المملكة,
1080383,2026-08-15T22:08:33.165224+00:00,0.00,توريد مستلزمات صناعية لمستشفى الملك سلمان التخصصي للشؤون الصحية بوزارة الحرس الوطني بالطائف,,"التاريخ: 29/12/1447
الموافق: 14/06/2026",14/06/2026,"التاريخ: 30/12/1447
الموافق: 15/06/2026",15/06/2026,,لا يوجد,داخل المملكة,
1080454,2026-08-15T21:54:21.560703+00:00,500.00,- تنفيذ أعمال إنشاء مباني ومظلات آليات من الهياكل المعدنية وموقع عام.,5,"التاريخ: 09/06/1448
الموافق: 19/11/2026",19/11/2026,"التاريخ: 22/06/1448
الموافق: 02/12/2026",02/12/2026,,وزارة الحرس الوطني مبنى 103 الدور الرابع رقم المكتب 4066,داخل المملكة,
1080510,2026-08-15T22:34:40.560257+00:00,1000.00,يتمثل هدف صندوق التنمية العقارية من خلال طلب تقديم أفضل العروض من الشركات المتخصصة في مجال أجهزة جدار الحماية ، لضمان فعالية  وتطوير أجهزة جدار الحماية بالمركز الرئيسي للصندوق وذلك بما يتماشى مع أحدث التقنيات والمعايير العالمية,5,"التاريخ: 04/03/1448
الموافق: 17/08/2026",17/08/2026,"التاريخ: 17/03/1448
الموافق: 30/08/2026",30/08/2026,,الكتروني,داخل المملكة,
1080524,2026-08-15T21:38:55.026114+00:00,500.00,تفعيل الايام الوطنية والعالمية والمبادرات المبنة على تقويم فعاليات الادارة العامة للتواصل الداخلي لعام 2026,5,"التاريخ: 05/03/1448
الموافق: 18/08/2026",18/08/2026,"التاريخ: 09/04/1448
الموافق: 21/09/2026",21/09/2026,,الكترونيا عبر منصة اعتماد,داخل المملكة,
1080541,2026-08-15T22:44:36.586323+00:00,500.00,"تقديم خدمات النظافة العامة للعيادات والمراكز المرتبطة ببرنامج مستشفى قوى الأمن بالرياض , من خلال تأمين الايدي العاملة بالاعداد المنصوص عليها بجداول العقد وتشغيل كامل عمليات خدمات النظافة في كافة مرافق العيادات والمراكز  وتوريد جميع مواد وأدوات النظافة ذات الجودة المناسبة والكميات الكافية , بما يحقق متطلبات السلامة والصحة العامة ويضمن استمرارية تقديم الخدمات وفق الأنظمة والتعلميات المعتمدة في الدولة",5,"التاريخ: 19/03/1448
الموافق: 01/09/2026",01/09/2026,"التاريخ: 21/05/1448
الموافق: 01/11/2026",01/11/2026,,إلكترونيا,داخل المملكة,
1080553,2026-08-15T23:18:25.526061+00:00,3000.00,تشغيل المكتب التنفيذي وتطوير الخدمات الإعلامية وخدمات الاتصال المؤسسي بأمانة منطقة جازان (عقد بديل),5,"التاريخ: 29/02/1448
الموافق: 13/08/2026",13/08/2026,"التاريخ: 09/04/1448
الموافق: 21/09/2026",21/09/2026,,امانة منطقة جازان,داخل المملكة,
1080567,2026-08-15T21:09:31.915532+00:00,2500.00,فعاليات اليوم الوطني ويوم التاسس السعودي والاعياد  1448 هـ,5,"التاريخ: 11/02/1448
الموافق: 26/07/2026",26/07/2026,"التاريخ: 14/02/1448
الموافق: 29/07/2026",29/07/2026,,بلدية محافظة موقق,داخل المملكة,
1080589,2026-08-15T21:12:02.325197+00:00,500.00,تهدف المنافسة إلى دعم هيئة الحكومة الرقمية من خلال تقديم الخدمات المدارة للتشغيل الفني تُمكّن الهيئة والجهات الحكومية المشاركة من تحقيق قفزات نوعية في مؤشرات النضج والتحول الرقمي، وتعزيز مكانة المملكة دولياً، وتسريع تبني تقنيات الذكاء الاصطناعي والتقنيات الناشئة انسجاماً مع مستهدفات رؤية السعودية 2030م، ويتم تنفيذ العمل وتقديم الخدمات المدارة عبر فريق مختص من الخبراء الفنيين والإداريين المتواجدين داخل مقر الهيئة أو في الجهات المشاركة بحسب الحاجة.,5,"التاريخ: 03/03/1448
الموافق: 16/08/2026",16/08/2026,"التاريخ: 01/04/1448
الموافق: 13/09/2026",13/09/2026,,اعتماد,داخل المملكة,
1080619,2026-08-15T20:07:34.900083+00:00,0.00,"FABRICATE AND INSTALL SINK WITH 2MM STAINLESS STEEL 316 AS PER ATTACHED
DRAWING",,"التاريخ: 13/03/1448
الموافق: 26/08/2026",26/08/2026,"التاريخ: 14/03/1448
الموافق: 27/08/2026",27/08/2026,,لا يوجد,داخل المملكة,
1080621,2026-08-15T20:07:41.662340+00:00,0.00,WASHBASIN MIXER GOLD COLOR 23CM SAUDI CERAMIC,,"التاريخ: 12/03/1448
الموافق: 25/08/2026",25/08/2026,"التاريخ: 13/03/1448
الموافق: 26/08/2026",26/08/2026,,لا يوجد,داخل المملكة,
1080623,2026-08-15T20:07:49.042924+00:00,0.00,"HPS PRESSURE SWITCH, BRAND CARRIER.MODEL# HK02ZA439, RATING 2A@24V, 1/4 FLARE RANGF= 426 OPEN/325 CLOSE. 50LEAD R22",,"التاريخ: 13/03/1448
الموافق: 26/08/2026",26/08/2026,"التاريخ: 14/03/1448
الموافق: 27/08/2026",27/08/2026,,لا يوجد,داخل المملكة,
1080626,2026-08-15T20:07:55.572366+00:00,0.00,POWER HACKSAW MACHINE GRIP SETAS PER SAMPLE,,"التاريخ: 14/03/1448
الموافق: 27/08/2026",27/08/2026,"التاريخ: 15/03/1448
الموافق: 28/08/2026",28/08/2026,,لا يوجد,داخل المملكة,
1080630,2026-08-15T20:08:03.017815+00:00,0.00,"""1-1/4EXTENSION PIPE TO EXTEND PUSH IN AND INLET # 53990000 HANSGROHE",,"التاريخ: 12/03/1448
الموافق: 25/08/2026",25/08/2026,"التاريخ: 13/03/1448
الموافق: 26/08/2026",26/08/2026,,لا يوجد,داخل المملكة,
1080635,2026-08-15T20:08:07.705836+00:00,0.00,"BRASS SPRING CHECK VALVE, 2"" NON RETURN FOR PUMP AND WATER SUPPLY",,"التاريخ: 13/03/1448
الموافق: 26/08/2026",26/08/2026,"التاريخ: 14/03/1448
الموافق: 27/08/2026",27/08/2026,,لا يوجد,داخل المملكة,
1080636,2026-08-15T20:08:13.689267+00:00,0.00,"WALLMOUNT KITCHEN MIXER, NO 31191001, GROHE SWIVEL TUBULAR SPOUT",,"التاريخ: 13/03/1448
الموافق: 26/08/2026",26/08/2026,"التاريخ: 14/03/1448
الموافق: 27/08/2026",27/08/2026,,لا يوجد,داخل المملكة,
1080637,2026-08-15T23:18:30.754890+00:00,0.00,توريد أدوات الكهرباء والسباكة بالإدارة العامة للدفاع المدني بمحافظة جدة والمراكز التابعة لها,,"التاريخ: 05/02/1448
الموافق: 20/07/2026",20/07/2026,"التاريخ: 06/02/1448
الموافق: 21/07/2026",21/07/2026,,لا يوجد,داخل المملكة,
1080641,2026-08-15T18:33:59.762678+00:00,1000.00,تطوير وصيانة البوابات الإلكترونية (البوابة الخارجية – البوابة الداخلية - تطبيق الجوال) من خلال بناء خدمات جديدة وتطوير وصيانة للخدمات الحالية لتحسين وتقديم أفضل النتائج والخدمات الالكترونية من خلال البوابات وتطبيق الجوال لصندوق التنمية العقارية وتهدف هذه البوابات الإلكترونية إلى توفير تجربة مستخدم متميزة وفعالة، وتحقيق أهداف الأعمال والتفاعل مع العملاء بشكل أفضل كما يجب أن تكون هذه البوابات الإلكترونية مبنية على المعايير لضمان الأمان والأداء والسهولة في الاستخدام للتقنيات المستخدمة,5,"التاريخ: 01/04/1448
الموافق: 13/09/2026",13/09/2026,"التاريخ: 18/04/1448
الموافق: 30/09/2026",30/09/2026,,الكتروني,داخل المملكة,
1080647,2026-08-15T20:08:20.231026+00:00,0.00,GARAGE ROLLUP DOOR NEEDTO CHANGESIZE 220 X 350CM. (VISIT SITE FOR ACTUAL SIZE,,"التاريخ: 13/03/1448
الموافق: 26/08/2026",26/08/2026,"التاريخ: 14/03/1448
الموافق: 27/08/2026",27/08/2026,,لا يوجد,داخل المملكة,
1080649,2026-08-15T22:34:46.670492+00:00,500.00,مشروع صيانة إدارة مسرح الحادث بالإدارة العامة للأدلة الجنائية وفروعها بشرط المناطق,5,"التاريخ: 13/02/1448
الموافق: 28/07/2026",28/07/2026,"التاريخ: 21/02/1448
الموافق: 05/08/2026",05/08/2026,,مديرية الأمن العام- الإدارة العامة للمشتريات والعقود,داخل المملكة,
1080652,2026-08-15T20:34:58.607132+00:00,0.00,"TOP LOAD WASHING MACHINE,WASH CAPACITY ; 15KG SINGLE PHASE 220-240 50/fi0H7 MAX SPIN SPFFD 900-1100 RRM ( H =1065MM W =700MM D =650MM",,"التاريخ: 06/03/1448
الموافق: 19/08/2026",19/08/2026,"التاريخ: 07/03/1448
الموافق: 20/08/2026",20/08/2026,,لا يوجد,داخل المملكة,
1080661,2026-08-15T20:35:05.973256+00:00,100.00,تأمين وتوريد كفرات لسيارات وشاحنات ومعدات لبلدية محافظة البدائع,5,"التاريخ: 28/01/1448
الموافق: 13/07/2026",13/07/2026,"التاريخ: 29/01/1448
الموافق: 14/07/2026",14/07/2026,,إدارة المشتريات والمناقصات ببلدية البدائع,داخل المملكة,
1080695,2026-08-15T22:08:41.770280+00:00,500.00,الغرض من المنافسة	يتضمن إتفاقية توريد محامل الدوران (Bearings) بمختلف أنواعها ومقاساتها والمستخدمة في المعدات والأنظمة الميكانيكية لمرافق ومنشآت الهيئة، وذلك وفق المواصفات والمعايير الفنية المعتمدة، بما يضمن جودة المنتجات وكفاءتها التشغيلية وموثوقيتها.وذلك وفق المواصفات الفنية والمعايير المعتمدة، من خلال موردين مؤهلين ومتخصصين في هذا المجال، مع الالتزام بمتطلبات الجودة والجدول الزمني المعتمد للتوريد,5,"التاريخ: 11/02/1448
الموافق: 26/07/2026",26/07/2026,"التاريخ: 13/03/1448
الموافق: 26/08/2026",26/08/2026,,المؤسسة العامة لتحلية المياه المالحة – الرياض – العليا – طريق الملك فهد  الدور الرابع لجنة فتح المظاريف,داخل المملكة,
1080706,2026-08-15T23:29:10.929851+00:00,1000.00,توريد رخص وخدمات مايكروسوفت العالمية في مجال تقنية المعلومات بحيث تشمل بناء القدرات المؤسسية اللازمة لإدارة تقنية المعلومات في الهيئة وتطوير وتفعيل خدمات وبرامج المستخدم النهائي مما يخدم هيئة التامين.,5,"التاريخ: 04/02/1448
الموافق: 19/07/2026",19/07/2026,"التاريخ: 05/02/1448
الموافق: 20/07/2026",20/07/2026,,هيئة التأمين - مركز الملك عبدالله المالي برج تداول الدور 18,داخل المملكة,
1080726,2026-08-15T20:54:26.381295+00:00,0.00,توريد وتركيب واختبار وتشغيل رافعة منطقة التحميل (Hydraulic Dock Leveler) مع الباب الفولاذي (Roll-Up Door Continuous Sheet) وإزالة القديم في منطقة التحميل والتنزيل في مستشفى الامام عبدالرحمن بن فيصل في الدمام,,"التاريخ: 24/01/1448
الموافق: 09/07/2026",09/07/2026,"التاريخ: 27/01/1448
الموافق: 12/07/2026",12/07/2026,,لا يوجد,داخل المملكة,
1080741,2026-08-15T22:08:50.129270+00:00,0.00,"WM-Generator Load Test for HSP GEN 1588 KVA , 1270 KW.",,"التاريخ: 23/02/1448
الموافق: 07/08/2026",07/08/2026,"التاريخ: 25/03/1448
الموافق: 07/09/2026",07/09/2026,,لا يوجد,داخل المملكة,
1080781,2026-08-15T19:00:03.163112+00:00,500.00,عملية تأمين المياه المحلاة المرحلة الثانية : (الإدارة العامة للمرور (الرياض – القصيم – الطائف – جدة) – إدارة التقنية والذكاء الاصطناعي بمنطقة الرياض – الإدارة العامة لأنظمة الاتصالات (حفر الباطن – عرفة – مزدلفة الغربي) والمحافظات التابعة لها لمدة ثلاث سنوات ميلادية,5,"التاريخ: 09/04/1448
الموافق: 21/09/2026",21/09/2026,"التاريخ: 16/04/1448
الموافق: 28/09/2026",28/09/2026,,الإدارة العامة للمشتريات والعقود بمجمع الأمن العام الجديد بمدينة التدريب,داخل المملكة,
1080816,2026-08-15T22:24:23.124345+00:00,500.00,- تطرح الإدارة العامة لتقنية وأمن المعلومات وثيقة الشروط والمواصفات الفنية لمشروع تحديث البنية التحتية للشبكة المعلوماتية لمواقع وزارة الحرس الوطني.,5,"التاريخ: 23/04/1448
الموافق: 05/10/2026",05/10/2026,"التاريخ: 09/05/1448
الموافق: 20/10/2026",20/10/2026,,المبنى الرئيسي - الدور الرابع - قاعة رقم 4066,داخل المملكة,
1080821,2026-08-15T23:27:48.057284+00:00,200.00,اصلاح البوابات بمحطة التبريد المركزي,5,"التاريخ: 15/01/1448
الموافق: 30/06/2026",30/06/2026,"التاريخ: 17/01/1448
الموافق: 02/07/2026",02/07/2026,,منصة اعتماد,داخل المملكة,
1080828,2026-08-15T23:18:37.367198+00:00,500.00,تنفيذ اعمال الخياطة والقيافة والتطريز وكتابة الأسماء ولوحة تمييز القطاع و الأوسمة  و الأنواط والونقات لمنسوبي رئاسة الحرس الملكي,5,"التاريخ: 04/04/1448
الموافق: 16/09/2026",16/09/2026,"التاريخ: 14/06/1448
الموافق: 24/11/2026",24/11/2026,,عبر منصة اعتماد,داخل المملكة,
1080836,2026-08-15T22:50:54.708357+00:00,500.00,توريد مواد التكييف لإدارة المشاريع والمرافق وصيانة المباني (حسب الطلب) في مدينة الملك عبد العزيز الطبية بالرياض التابعة للشؤون الصحية بوزارة الحرس الوطني,5,"التاريخ: 18/03/1448
الموافق: 31/08/2026",31/08/2026,"التاريخ: 17/04/1448
الموافق: 29/09/2026",29/09/2026,,ادارة المشتريات - المبنى الاداري بوابة رقم 1,داخل المملكة,
1080837,2026-08-15T20:54:33.921001+00:00,3000.00,تصنيع وتوريد وتركيب أثاث مكتبي بكامل المتطلبات اللازمة ليصبح بيئة عمل متكاملة ومهيّأة وفق أعلى المعايير المهنية، وبما يضمن توفير بيئة عمل حديثة وفعّالة تدعم سير العمل بكفاءة وجودة لمقر هيئة التأمين الرئيسي.,5,"التاريخ: 11/02/1448
الموافق: 26/07/2026",26/07/2026,"التاريخ: 16/02/1448
الموافق: 31/07/2026",31/07/2026,,هيئة التأمين - مركز الملك عبدالله المالي برج تداول الدور 18,داخل المملكة,
1080846,2026-08-15T21:10:03.948088+00:00,0.00,تامين متطلبات السلامة ( رخصة دفاع مدني) لمباني مستشفى الملك خالد بالخرج,5,"التاريخ: 27/01/1448
الموافق: 12/07/2026",12/07/2026,"التاريخ: 28/01/1448
الموافق: 13/07/2026",13/07/2026,,إدارة المشتريات,داخل المملكة,
1080848,2026-08-15T23:37:27.106458+00:00,0.00,صيانة وإصلاح ثلاث أجهزة للعلاج الضوئي لمدة ثلاث سنوات في قسم العيادات الخارجية في مستشفى الملك عبدالعزيز بالاحساء التابع للشؤون الصحية بوزارة الحرس الوطني,,"التاريخ: 13/02/1448
الموافق: 28/07/2026",28/07/2026,"التاريخ: 17/03/1448
الموافق: 30/08/2026",30/08/2026,,لا يوجد,داخل المملكة,
1080854,2026-08-15T21:42:00.117166+00:00,500.00,عملية تأمين وطهي وتقديم الإعاشة للقوات المشاركة والمساندة من منسوبي الأمن العام في مهمة العمرة لعام 1448هـ.,5,"التاريخ: 24/03/1448
الموافق: 06/09/2026",06/09/2026,"التاريخ: 25/08/1448
الموافق: 02/02/2027",02/02/2027,,الإدارة العامة للمشتريات والعقود بمجمع الأمن العام بالوشم بمدينة الرياض,داخل المملكة,تخديم و تأمين الإعاشة للأفراد
1080858,2026-08-15T22:23:14.518493+00:00,0.00,أحد البنود الأساسية في المستشفى ، ولحاجة المستشفى لهذا البند تم إرفاقه ضمن منافسات الشراء المباشر .,,"التاريخ: 20/01/1448
الموافق: 05/07/2026",05/07/2026,"التاريخ: 21/01/1448
الموافق: 06/07/2026",06/07/2026,,لا يوجد,داخل المملكة,
1080886,2026-08-15T19:00:09.833286+00:00,10000.00,نظافة قنوات تصريف مياه الأمطار بحفر الباطن,5,"التاريخ: 07/03/1448
الموافق: 20/08/2026",20/08/2026,"التاريخ: 14/03/1448
الموافق: 27/08/2026",27/08/2026,,لجنة فتح العروض,داخل المملكة,
1080889,2026-08-15T21:44:42.347007+00:00,10000.00,صيانة وتشغيل شبكات تصريف السيول والمياه الأرضية بحفر الباطن,5,"التاريخ: 18/02/1448
الموافق: 02/08/2026",02/08/2026,"التاريخ: 29/02/1448
الموافق: 13/08/2026",13/08/2026,,امانة حفر الباطن - لجنة فتح العروض,داخل المملكة,
1080890,2026-08-15T22:44:44.740790+00:00,10000.00,صيانة مسارات المشاه مسارات الدراجات بالأحياء بحفر الباطن,5,"التاريخ: 14/02/1448
الموافق: 29/07/2026",29/07/2026,"التاريخ: 22/02/1448
الموافق: 06/08/2026",06/08/2026,,امانة حفر الباطن - لجنة فتح العروض,داخل المملكة,
1080893,2026-08-15T23:05:26.814990+00:00,10000.00,صيانة مسار فليج الرياضي بحفر الباطن,5,"التاريخ: 13/02/1448
الموافق: 28/07/2026",28/07/2026,"التاريخ: 18/02/1448
الموافق: 02/08/2026",02/08/2026,,لجنة فتح العروض,داخل المملكة,
1080903,2026-08-15T22:52:51.641196+00:00,500.00,نقل العينات و الطرود و المستندات بين فروع الهيئة حول المملكة وبين الجهات ذات العلاقة,5,"التاريخ: 01/04/1448
الموافق: 13/09/2026",13/09/2026,"التاريخ: 22/04/1448
الموافق: 04/10/2026",04/10/2026,,الرياض المبنى الرئيسي للهييئة العامة للغذاء والدواء حي حطين,داخل المملكة,
1080916,2026-08-15T18:31:12.258525+00:00,500.00,معالجة التشوهات البصرية بالمتنزهات الوطنية بمنطقة المدينة المنورة لتحسين بيئة التنزه ورفع كفاءة الخدمات وأنسنة المواقع لجعلها بيئة جاذبة بغرض تحسين تجربة المتنزهين.,5,"التاريخ: 10/03/1448
الموافق: 23/08/2026",23/08/2026,"التاريخ: 24/03/1448
الموافق: 06/09/2026",06/09/2026,,المركز الوطني لتنمية الغطاء النباتي ومكافحة التصحر,داخل المملكة,"تنظيــم المواقــع, المنتزهـات العـامة, المبـــاني"
1080923,2026-08-15T18:31:20.393727+00:00,500.00,معالجة التشوهات البصرية بالمتنزهات الوطنية بمنطقة القصيم لتحسين بيئة التنزه ورفع كفاءة الخدمات وأنسنة المواقع لجعلها بيئة جاذبة بغرض تحسين تجربة المتنزهين.,5,"التاريخ: 10/03/1448
الموافق: 23/08/2026",23/08/2026,"التاريخ: 24/03/1448
الموافق: 06/09/2026",06/09/2026,,المركز الوطني لتنمية الغطاء النباتي ومكافحة التصحر,داخل المملكة,"تنظيــم المواقــع, المنتزهـات العـامة, المبـــاني"
1080924,2026-08-15T18:31:28.876063+00:00,500.00,معالجة التشوهات البصرية بالمتنزهات الوطنية بمنطقة مكة المكرمة لتحسين بيئة التنزه ورفع كفاءة الخدمات وأنسنة المواقع لجعلها بيئة جاذبة بغرض تحسين تجربة المتنزهين.,5,"التاريخ: 10/03/1448
الموافق: 23/08/2026",23/08/2026,"التاريخ: 24/03/1448
الموافق: 06/09/2026",06/09/2026,,المركز الوطني لتنمية الغطاء النباتي ومكافحة التصحر,داخل المملكة,"تنظيــم المواقــع, المنتزهـات العـامة, المبـــاني"
1080927,2026-08-15T19:41:39.480634+00:00,500.00,معالجة التشوهات البصرية بالمتنزهات الوطنية بمنطقة الرياض لتحسين بيئة التنزه ورفع كفاءة الخدمات وأنسنة المواقع لجعلها بيئة جاذبة بغرض تحسين تجربة المتنزهين.,5,"التاريخ: 18/02/1448
الموافق: 02/08/2026",02/08/2026,"التاريخ: 25/02/1448
الموافق: 09/08/2026",09/08/2026,,المركز الوطني لتنمية الغطاء النباتي ومكافحة التصحر,داخل المملكة,
1080933,2026-08-15T18:58:06.259765+00:00,500.00,تأمين وتوريد أجهزة وقطع غيار للمعامل الإلكترونية بمعهد قوات الدفاع الجوي,5,"التاريخ: 07/05/1448
الموافق: 18/10/2026",18/10/2026,"التاريخ: 21/05/1448
الموافق: 01/11/2026",01/11/2026,,إدارة المشتريات الداخلية,داخل المملكة,
1080941,2026-08-15T19:53:35.564743+00:00,500.00,معالجة التشوهات البصرية بالمتنزهات الوطنية بمنطقة جازان لتحسين بيئة التنزه ورفع كفاءة الخدمات وأنسنة المواقع لجعلها بيئة جاذبة بغرض تحسين تجربة المتنزهين.,5,"التاريخ: 18/02/1448
الموافق: 02/08/2026",02/08/2026,"التاريخ: 25/02/1448
الموافق: 09/08/2026",09/08/2026,,المركز الوطني لتنمية الغطاء النباتي ومكافحة التصحر,داخل المملكة,
1080944,2026-08-15T20:06:05.004100+00:00,500.00,الغرض من المنافسة	معالجة التشوهات البصرية بالمتنزهات الوطنية بالمنطقة الشرقية لتحسين بيئة التنزه ورفع كفاءة الخدمات وأنسنة المواقع لجعلها بيئة جاذبة بغرض تحسين تجربة المتنزهين.,5,"التاريخ: 18/02/1448
الموافق: 02/08/2026",02/08/2026,"التاريخ: 25/02/1448
الموافق: 09/08/2026",09/08/2026,,المركز الوطني لتنمية الغطاء النباتي ومكافحة التصحر,داخل المملكة,
1080971,2026-08-15T23:02:46.280479+00:00,0.00,تأمين مواد تحصينات حسب جدول الكميات و المواصفات الفنية والشروط الخاصة,5,"التاريخ: 26/02/1448
الموافق: 10/08/2026",10/08/2026,"التاريخ: 27/03/1448
الموافق: 09/09/2026",09/09/2026,,قسم الميزانية والعقود بقيادة سلاح المهندسين بالقوات البرية,داخل المملكة,
1081030,2026-08-15T22:08:56.990585+00:00,200.00,"يهدف المشروع إلى تقديم ""خدمات تشغيل وتمكين منظومة الاستدامة المالية للخدمات الرقمية وإدارة جاهزيتها للطرح والتفعيل"" في مجلس الضمان الصحي بما في ذلك خدمات (تمويل المطالبات، الرعاية المبنية على القيمة والجودة، الاعتماد والتصنيف، وضمان إنتليجنس، ضمان أعمال)",5,"التاريخ: 05/02/1448
الموافق: 20/07/2026",20/07/2026,"التاريخ: 15/02/1448
الموافق: 30/07/2026",30/07/2026,,عبر منصة إعتماد,داخل المملكة,
1081089,2026-08-15T18:31:36.753474+00:00,500.00,معالجة التشوهات البصرية بالمتنزهات الوطنية بمنطقة حائل لتحسين بيئة المتنزه ورفع كفاءة الخدمات وأنسنة المواقع لجعلها بيئة جاذبة بغرض تحسين تجربة المتنزهين,5,"التاريخ: 06/03/1448
الموافق: 19/08/2026",19/08/2026,"التاريخ: 14/03/1448
الموافق: 27/08/2026",27/08/2026,,المركز الوطني لتنمية الغطاء النباتي ومكافحة التصحر,داخل المملكة,
1081092,2026-08-15T21:24:13.751602+00:00,1000.00,حاجة الجامعة لتوريد وتركيب أثاث مكتبي لجامعة حفر الباطن وفروعها,5,"التاريخ: 13/02/1448
الموافق: 28/07/2026",28/07/2026,"التاريخ: 21/02/1448
الموافق: 05/08/2026",05/08/2026,,جامعة حفرالباطن,داخل المملكة,
1081093,2026-08-15T21:42:09.149373+00:00,500.00,تتمثل الاتفاقية في توريد سوائل الصيانة بمختلف أنواعها واستخداماتها، بما في ذلك الشحوم والمواد المساندة اللازمة لأعمال التشغيل والصيانة، وفق المواصفات الفنية والمعايير المعتمدة، من خلال موردين مؤهلين ومتخصصين في هذا المجال، مع الالتزام بمتطلبات الجودة والسلامة والجدول الزمني المعتمد للتوريد,5,"التاريخ: 13/02/1448
الموافق: 28/07/2026",28/07/2026,"التاريخ: 17/03/1448
الموافق: 30/08/2026",30/08/2026,,المؤسسة العامة لتحلية المياه المالحة – الرياض – العليا – طريق الملك فهد  الدور الرابع لجنة فتح المظاريف,داخل المملكة,
1081098,2026-08-15T23:39:18.774776+00:00,0.00,"MOP HEAD DUST 24""",,"التاريخ: 06/02/1448
الموافق: 21/07/2026",21/07/2026,"التاريخ: 07/02/1448
الموافق: 22/07/2026",22/07/2026,,لا يوجد,داخل المملكة,
1081099,2026-08-15T23:39:25.042935+00:00,0.00,CLOTH CLEANING J-CLOTH 60 X 32CM,,"التاريخ: 13/02/1448
الموافق: 28/07/2026",28/07/2026,"التاريخ: 14/02/1448
الموافق: 29/07/2026",29/07/2026,,لا يوجد,داخل المملكة,
1081103,2026-08-15T23:39:31.881935+00:00,0.00,"HOT PLATE ELECTRICK HUB , 145 SQMM & 185 SQMM S.S. BODY (OPERATING SWITCHES FRONT WITH INDICATOR DIAMENS 4CM (H)  X 29CM (W) X51CM (D) .220-240V/50-60HZ",,"التاريخ: 07/02/1448
الموافق: 22/07/2026",22/07/2026,"التاريخ: 08/02/1448
الموافق: 23/07/2026",23/07/2026,,لا يوجد,داخل المملكة,
1081106,2026-08-15T23:39:38.431672+00:00,0.00,"COMBO WASHER / DRYER , WASH CAPACITY : 18KG DRYER CAPACITY ; 10KG SINGLE PHASE  220-240.50/60H2.MAX SPIN SPEED 900-1100 RBM ( H =1065MM. W =700MM. D 650MM",,"التاريخ: 10/02/1448
الموافق: 25/07/2026",25/07/2026,"التاريخ: 11/02/1448
الموافق: 26/07/2026",26/07/2026,,لا يوجد,داخل المملكة,
1081107,2026-08-15T23:18:45.585959+00:00,0.00,PREVENTIVE MAINTENANCE OF FIRE ALARM SYSTEM & FIRE SUPPRESSION SYSTEM,,"التاريخ: 07/02/1448
الموافق: 22/07/2026",22/07/2026,"التاريخ: 08/02/1448
الموافق: 23/07/2026",23/07/2026,,لا يوجد,داخل المملكة,
1081110,2026-08-15T21:54:53.562452+00:00,0.00,PLASTIC RECTANGULAR GENERAL SPILL KIT CONTAINER WITH LID AND HANDLE {33L),,"التاريخ: 07/02/1448
الموافق: 22/07/2026",22/07/2026,"التاريخ: 08/02/1448
الموافق: 23/07/2026",23/07/2026,,لا يوجد,داخل المملكة,
1081112,2026-08-15T19:55:23.764702+00:00,0.00,"STAINLESS STEEL COLD ROOM DOOR HINGES AS PER SAMPLE AVAILABLE HEAVY
DUTY fVISIT SITE FOR SAMPt El",,"التاريخ: 13/03/1448
الموافق: 26/08/2026",26/08/2026,"التاريخ: 14/03/1448
الموافق: 27/08/2026",27/08/2026,,لا يوجد,داخل المملكة,
1081115,2026-08-15T21:53:55.889992+00:00,200.00,تجديد شهادة تأمين الاتصال لمدة عام في الوزارة,5,"التاريخ: 21/02/1448
الموافق: 05/08/2026",05/08/2026,"التاريخ: 20/03/1448
الموافق: 02/09/2026",02/09/2026,,وزارة الخارجية - ادارة المشتريات,داخل المملكة,
1081117,2026-08-15T23:18:51.660909+00:00,0.00,"WHEEL FOR STEEL CABINET AS PER SAMPLE AVAILABLE 6X2"" HEAVY DUTY",,"التاريخ: 07/02/1448
الموافق: 22/07/2026",22/07/2026,"التاريخ: 08/02/1448
الموافق: 23/07/2026",23/07/2026,,لا يوجد,داخل المملكة,
1081118,2026-08-15T19:55:31.131351+00:00,0.00,"SWITCH, INFINITE, SMALL COIL, CONTROL PART# WB24T10029, 1560W/240V. NL 811600,
4 4-7.4A",,"التاريخ: 13/03/1448
الموافق: 26/08/2026",26/08/2026,"التاريخ: 14/03/1448
الموافق: 27/08/2026",27/08/2026,,لا يوجد,داخل المملكة,
1081119,2026-08-15T18:44:02.395091+00:00,500.00,معالجة التشوهات البصرية بالمتنزهات الوطنية بمنطقة تبوك لتحسين بيئة المتنزه ورفع كفاءة الخدمات وأنسنة المواقع لجعلها بيئة جاذبة بغرض تحسين تجربة المتنزهين,5,"التاريخ: 27/02/1448
الموافق: 11/08/2026",11/08/2026,"التاريخ: 07/03/1448
الموافق: 20/08/2026",20/08/2026,,المركز الوطني لتنمية الغطاء النباتي ومكافحة التصحر,داخل المملكة,
1081120,2026-08-15T20:57:44.344735+00:00,0.00,"SUPPLY, INSTALL, FIX AND TEST OF SINGLE PANEL MANUAL SLIDING DOOR FULL SET FOR MEDICATION ROOM SIZE WO.90M x H2 20M",,"التاريخ: 15/02/1448
الموافق: 30/07/2026",30/07/2026,"التاريخ: 16/02/1448
الموافق: 31/07/2026",31/07/2026,,لا يوجد,داخل المملكة,
1081122,2026-08-15T21:12:08.917083+00:00,0.00,WALL MOUNTING SINGLE FACE DIRECTIONAL INDOOR LUMINAIRE WITH EMERGENCY RACK UP IP-?0 PART 7071W 108 88. TX 145 GW.E3,,"التاريخ: 14/02/1448
الموافق: 29/07/2026",29/07/2026,"التاريخ: 15/02/1448
الموافق: 30/07/2026",30/07/2026,,لا يوجد,داخل المملكة,
1081123,2026-08-15T18:44:09.660473+00:00,500.00,معالجة التشوهات البصرية بالمتنزهات الوطنية بمنطقة عسير لتحسين بيئة المتنزه ورفع كفاءة الخدمات وأنسنة المواقع لجعلها بيئة جاذبة بغرض تحسين تجربة المتنزهين,5,"التاريخ: 26/02/1448
الموافق: 10/08/2026",10/08/2026,"التاريخ: 11/03/1448
الموافق: 24/08/2026",24/08/2026,,المركز الوطني لتنمية الغطاء النباتي ومكافحة التصحر,داخل المملكة,
1081124,2026-08-15T21:12:15.005057+00:00,0.00,"CONTRACTOR SUPPLY AND INSTALL A PACKAGE UNIT INCLUDING THE DAMPER ZONE
SYSTEM. COMPLETE DUCTING CIVIL WORK. ELECTRICAL",,"التاريخ: 15/02/1448
الموافق: 30/07/2026",30/07/2026,"التاريخ: 16/02/1448
الموافق: 31/07/2026",31/07/2026,,لا يوجد,داخل المملكة,
1081125,2026-08-15T21:12:22.023994+00:00,0.00,"MEDICATED FREEZER FOR BREAST MILK CAPACITY 174 LITERS TEMP. RANGE 9*C TO
35*C INTERNAL DIMENSION 4?0 X 400 X 1400 V-220.",,"التاريخ: 15/02/1448
الموافق: 30/07/2026",30/07/2026,"التاريخ: 16/02/1448
الموافق: 31/07/2026",31/07/2026,,لا يوجد,داخل المملكة,
1081133,2026-08-15T20:08:28.113938+00:00,0.00,VITONETGLUE 25KG,,"التاريخ: 13/03/1448
الموافق: 26/08/2026",26/08/2026,"التاريخ: 14/03/1448
الموافق: 27/08/2026",27/08/2026,,لا يوجد,داخل المملكة,
1081220,2026-08-15T23:29:17.912316+00:00,1000.00,تقديم خدمات  الرصد والمتابعة لكل ما يٌنشر على وسائل التواصل الاجتماعي ووسائل الإعلام التقليدية (صحف، وكالات أنباء، وقنوات تلفزيونية وإذاعية) المحلية والعالمية حول الهيئة أو قطاع الكهرباء، باستخدام أدوات ذكاء اصطناعي متخصصة الرصد والدعم الرصد يدويًا، وتحليل المواد المرصودة وإصدار التقارير ومتابعة الأنشطة والأزمات الإعلامية.,5,"التاريخ: 17/03/1448
الموافق: 30/08/2026",30/08/2026,"التاريخ: 18/04/1448
الموافق: 30/09/2026",30/09/2026,,يرجى متابعة النتائج عبر منصة اعتماد,داخل المملكة,
1081243,2026-08-15T22:34:52.426128+00:00,500.00,المنافسة هي صيانة وتشغيل المصاعد بمبنى ديوان الوزارة وعدة,5,"التاريخ: 13/02/1448
الموافق: 28/07/2026",28/07/2026,"التاريخ: 26/02/1448
الموافق: 10/08/2026",10/08/2026,,الرياض,داخل المملكة,
1081250,2026-08-15T23:18:58.351479+00:00,0.00,توريد أسمدة وقاية  لفرع الوزارة بمنطقة تبوك لعام 2026م,,"التاريخ: 12/02/1448
الموافق: 27/07/2026",27/07/2026,"التاريخ: 26/02/1448
الموافق: 10/08/2026",10/08/2026,,لا يوجد,داخل المملكة,
1081282,2026-08-15T23:36:56.534991+00:00,1000.00,الحراسة الأمنية لبلدية محافظة بقيق 2026م ـــ بلدية محافظة بقيق,7,"التاريخ: 28/03/1448
الموافق: 10/09/2026",10/09/2026,"التاريخ: 12/04/1448
الموافق: 24/09/2026",24/09/2026,,بلدية محافظة بقيق,داخل المملكة,
1081290,2026-08-15T22:55:09.487278+00:00,0.00,أحد البنود الأساسية في المستشفى، ولحاجة المستشفى لهذا البند تم إرفاقه ضمن منافسات الشراء المباشر .,,"التاريخ: 04/02/1448
الموافق: 19/07/2026",19/07/2026,"التاريخ: 05/02/1448
الموافق: 20/07/2026",20/07/2026,,لا يوجد,داخل المملكة,
1081309,2026-08-15T21:10:11.137937+00:00,0.00,توريد مواد لادارة المشاريع فرق العمل  إنشاء مواقف بين طريق 3A ومواقف السيارات 19  لمستشفى الحرس الوطني التابع لوزارة الحرس الوطني بالأحساء,,"التاريخ: 08/02/1448
الموافق: 23/07/2026",23/07/2026,"التاريخ: 09/02/1448
الموافق: 24/07/2026",24/07/2026,,لا يوجد,داخل المملكة,
1081314,2026-08-15T23:29:23.545924+00:00,1000.00,تشغيل ودعم منظومة غرفة الطوارئ التابعة للجهة، بما يشمل تشغيل الغرفة، ومباشرة ومتابعة البلاغات، ودعم الاستجابة للحالات الطارئة والأزمات، وتوفير الكادر التشغيلي ووسائل الدعم اللازمة، وتعزيز الجاهزية التشغيلية، وتنظيم الموارد أثناء التنفيذ، وذلك وفق الأنظمة والتعليمات والإجراءات المعتمدة لتعزيز مستوى الجاهزية والتأهب لمواجهة المخاطر المحتملة، وتهدف إلى إبراز الجهود في تشغيل وتطوير وتحسين كفاءة الاستجابة للأزمات، وتعزيز التكامل والتنسيق بين الجهات ذات العلاقة,5,"التاريخ: 04/02/1448
الموافق: 19/07/2026",19/07/2026,"التاريخ: 05/03/1448
الموافق: 18/08/2026",18/08/2026,,امانة منطقة الرياض إدارة المشتريات,داخل المملكة,
1081322,2026-08-15T23:19:05.721476+00:00,500.00,القيمة التقديرية لمشروع صيانة ونظافة وتشغيل نادي الخليج بسيهات,5,"التاريخ: 15/02/1448
الموافق: 30/07/2026",30/07/2026,"التاريخ: 17/03/1448
الموافق: 30/08/2026",30/08/2026,,وزارة الرياضة الملز شارع الجامعة,داخل المملكة,
1081349,2026-08-15T23:19:14.648794+00:00,200.00,احتياج عمادة تقنية المعلومات والتعليم الالكتروني لتجديد رخص ادوبي للأغراض التعليمية بالجامعة,5,"التاريخ: 06/02/1448
الموافق: 21/07/2026",21/07/2026,"التاريخ: 17/03/1448
الموافق: 30/08/2026",30/08/2026,,الكترونيا,داخل المملكة,
1081352,2026-08-15T23:27:55.612404+00:00,500.00,يهدف هذا المشروع إلى إزالة اللوحة الكهربائية المتضررة و التي تتضمن القواطع الكهربائية ذات الجهد المتوسط لتغذية الاحمال الرئيسية في الوحدة 9 بمحطة الخبر 3، مما يساهم بشكل مباشر  لاستعادة العمليات التشغيلية وتأمين إعادة الوحدة 9 للخدمة، وذلك لرفع الكفاءة التشغيلية و الإنتاجية وتعزيز موثوقية الأنظمة الكهربائية وضمان استمرارية التشغيل الآمن .,5,"التاريخ: 20/01/1448
الموافق: 05/07/2026",05/07/2026,"التاريخ: 28/01/1448
الموافق: 13/07/2026",13/07/2026,,•	مكان فتح المظاريف للساحل الشرقي  البريد الإلكتروني الخاص للجنة فتح العروض بالساحل الشرقي – عدنان ( AAlshahab2@swcc.gov.sa  ) محمد ( Mal-huwaidi@swcc.gov.sa ) •	رقم التواصل / سكرتير اللجنة– عدنان الشهاب ( 84797 ) النائب – محمد ( 85631 ) رئيس اللجنة الأستاذ/ عبدالله ( 84999) •	مكان تسليم الضمان ( الأصل ) لجنة فحص العروض بالساحل الشرقي – الجبيل سكرتير اللجنة – يحيى ( 39203) النائب -  حمود ( 39233).,داخل المملكة,
1081354,2026-08-15T19:22:39.776319+00:00,500.00,القــيـام بأعمــال الصيانــة والنظــافـــة والتشغيل الغيــر طبــي لمستشفى أحد العام بمنطقة المدينة المنورة ويشمل ذلك تقديم المواد والمعدات والعمال وجميع الأشياء اللازمة وفقاً لشروط العقد ووثائقه,5,"التاريخ: 19/04/1448
الموافق: 01/10/2026",01/10/2026,"التاريخ: 05/03/1450
الموافق: 26/07/2028",26/07/2028,,لجنة فتح العروض بالتجمع الصحي بالمدينة,داخل المملكة,صيانة المـراكـز الطبيــة
1081376,2026-08-15T23:03:32.906581+00:00,500.00,أعمال ربط شبكة الصرف الصحي بالشبكة العمومية بالمعهد الصناعي الثانوي الأول بالأحساء,5,"التاريخ: 29/04/1448
الموافق: 11/10/2026",11/10/2026,"التاريخ: 07/05/1448
الموافق: 18/10/2026",18/10/2026,,المنصة,داخل المملكة,
1081392,2026-08-15T22:52:58.210361+00:00,1000.00,ترغب الهيئة العامة للأوقاف عمل اتفاقية إطارية للخدمات المدارة لأنظمة الشبكات وأمن المعلومات الخاصة بالهيئة العامة للأوقاف للمركز الرئيسي وفروع الهيئة من خلال هذه الوثيقة دعوة الشركات والمؤسسات المتخصصة في مجال الشبكات وأمن المعلومات لتقديم عروضها في إطار سعي الهيئة ممثلة بالإدارة العامة لتقنية المعلومات المستمر لاستقطاب أفضل وأحدث التقنيات في شتى المجالات.,5,"التاريخ: 14/02/1448
الموافق: 29/07/2026",29/07/2026,"التاريخ: 15/02/1448
الموافق: 30/07/2026",30/07/2026,,عن طريق المنصة,داخل المملكة,
1081413,2026-08-15T23:39:46.117880+00:00,500.00,صيانة كراسي الأسنان لمدة سنة بمستشفى القوات المسلحة بالجبيل,5,"التاريخ: 29/02/1448
الموافق: 13/08/2026",13/08/2026,"التاريخ: 03/03/1448
الموافق: 16/08/2026",16/08/2026,,مستشفى القوات المسلحة بالجبيل / إدارة العقود والمشتريات,داخل المملكة,
1081425,2026-08-15T23:26:58.326400+00:00,500.00,صيانة شبكات وأعمدة الإنارة واستبدال الكابلات والأعمدة التالفة بمخطط إسكان الهضبة بالمدينة المنورة,5,"التاريخ: 28/02/1448
الموافق: 12/08/2026",12/08/2026,"التاريخ: 30/03/1448
الموافق: 12/09/2026",12/09/2026,,امانة المدينة ادارة المنافسات والعقود,داخل المملكة,صيانة وتشغيل الأعمال الكهربائية
1081428,2026-08-15T23:19:20.553892+00:00,500.00,تغيير وحدات التوزيع الرئيسية للكهرباء مع المحولات واعداد مخططات على أرض الواقع بالمركز الرئيسي,5,"التاريخ: 03/04/1448
الموافق: 15/09/2026",15/09/2026,"التاريخ: 07/06/1448
الموافق: 17/11/2026",17/11/2026,,الهيئة السعودية للمياه - الرياض - العليا - طريق الملك فهد – الدور الرابع - لجنة فتح العروض,داخل المملكة,
1081447,2026-08-15T22:55:16.541497+00:00,500.00,"تقديم حملات إعلامية لهيئة تطوير محمية الملك عبدالعزيز الملكية، عبر تطوير الأنشطة الاتصالية للهيئة في قنوات التواصل المختلفة وفق الاستراتيجية الاتصالية المنبثقة من استراتيجية الهيئة، ويشمل الدعم تقديم خدمات كتابة المحتوى باللغتين (عربي – إنجليزي) لوسائل الإعلام التقليدي ووسائل التواصل الاجتماعي والموقع الإلكتروني للهيئة، والتصوير الفوتوغرافي والفيديو والمونتاج، وتنفيذ كافة منتجات الوسائط الاعلامية ""الملتيميديا"" (الفيديو، والموشن جرافيك، والإنتاج الصوتي، والإنفو جرافيك، والماستر فيجيوال، وgif، والملصقات)، إضافة إلى الترويج الإعلامي والرقمي، وتنفيذ الحملات الإعلامية المصغرة، ودليل إدارة الأزمات الاتصالية وإدارة الأزمات الإعلامية المحتملة، وتنفيذ أعمال الرصد الإعلامي والرقمي وتصدير التقارير الدورية والتخصصية والطارئة، وقياس مستوى الوعي بالمحمية لدى مختلف فئات المجتمع، وتطوير مبادرات اتصالية ميدانية لصناع المحتوى عن المحمية، وإعداد وتنفيذ التقرير السنوي للهيئة وفقًا لمتطلبات دليل إعداد التقارير السنوية للأجهزة العامة.",5,"التاريخ: 18/02/1448
الموافق: 02/08/2026",02/08/2026,"التاريخ: 15/04/1448
الموافق: 27/09/2026",27/09/2026,,إلكتروني عبر منصة اعتماد,داخل المملكة,
1081450,2026-08-15T23:05:34.129773+00:00,1000.00,مشروع الصيانة والنظافة لمبنى فرع الرئاسة العامة بالمنطقة الشرقية والمباني التابعة له,5,"التاريخ: 04/02/1448
الموافق: 19/07/2026",19/07/2026,"التاريخ: 05/02/1448
الموافق: 20/07/2026",20/07/2026,,الرياض الرئاسة العامة لهيئة الأمر بالمعروف والنهي عن المنكر,داخل المملكة,
1081467,2026-08-15T22:32:47.037613+00:00,0.00,توريد المواد وقطع الغيار مضخات الهيئة السعودية للمياه منظومة انتاج الشعيبة - الساحل الغربي - 60020505,5,"التاريخ: 07/02/1448
الموافق: 22/07/2026",22/07/2026,"التاريخ: 07/03/1448
الموافق: 20/08/2026",20/08/2026,,الادارة التنفيذية للإمداد بالمركز الرئيسي بالرياض,داخل المملكة,
1081468,2026-08-15T18:31:43.723789+00:00,0.00,توريد المواد وقطع الغيار مسامير الهيئة السعودية للمياه منظومة انتاج ينبع - الساحل الغربي - 60020506,5,"التاريخ: 13/02/1448
الموافق: 28/07/2026",28/07/2026,"التاريخ: 27/02/1448
الموافق: 11/08/2026",11/08/2026,,الادارة التنفيذية للإمداد بالمركز الرئيسي بالرياض,داخل المملكة,
1081472,2026-08-15T19:44:31.361166+00:00,500.00,تهدف المنافسة إلى اختيار مزود تقني مؤهل لتطوير وتحسين نظام إدارة الحملات لصندوق التنمية العقارية، بما يدعم التحول الرقمي، ويُحسّن تجربة الموظف والمستفيد، ويعزز التكامل مع الأنظمة والجهات ذات العلاقة.,5,"التاريخ: 17/04/1448
الموافق: 29/09/2026",29/09/2026,"التاريخ: 17/05/1448
الموافق: 28/10/2026",28/10/2026,,الكتروني,داخل المملكة,
1081518,2026-08-15T23:19:27.050724+00:00,5000.00,انشاء شبكات تصريف مياه الامطار في البلديات التابعة لامانة منطقة جازان(صامطة-الطوال-الموسم-القفل),5,"التاريخ: 29/02/1448
الموافق: 13/08/2026",13/08/2026,"التاريخ: 28/03/1448
الموافق: 10/09/2026",10/09/2026,,امانة منطقة جازان,داخل المملكة,
1081533,2026-08-15T20:52:31.019609+00:00,0.00,يهدف المشروع لإصلاح وإعادة تأهيل مضخات السحب، ويشمل ذلك النقل للورشة، الفحص الفني، وتوريد وتركيب كافة قطع الغيار التالفة، وأعمال الخراطة والمعايرة، لغرض إعادة المضخات إلى كفاءتها التشغيلية القياسية، وضمان استمرارية أعمال السحب دون انقطاع، وتفادي مخاطر الأعطال الغير مخططة.,5,"التاريخ: 23/01/1448
الموافق: 08/07/2026",08/07/2026,"التاريخ: 27/01/1448
الموافق: 12/07/2026",12/07/2026,,لجنة فحص العروض بالساحل الشرقي,داخل المملكة,
1081536,2026-08-15T22:51:40.679068+00:00,500.00,الهدف من المشروع هو توفير تراخيص جدار حماية الانترنت لجميع المناطق بالشؤون الصحية بوزارة الحرس الوطني من أجل الاستمرار في تقديم وتعزيز القدرات السيبرانية لـلشؤون الصحية بوزارة الحرس الوطني، ويتضمن المشروع توفير الدعم والصيانة والضمان الكامل. مع العلم أن المنافسة غير قابلة للتجزئة,5,"التاريخ: 19/03/1448
الموافق: 01/09/2026",01/09/2026,"التاريخ: 18/05/1448
الموافق: 29/10/2026",29/10/2026,,ادارة المشتريات - المبنى الاداري- بوابة رقم 1,داخل المملكة,
1081538,2026-08-15T22:11:03.306474+00:00,200.00,تجهيز بيئة جامعية متكاملة لإقامة الأنشطة الطلابية المختلفة (العلمية - الثقافية - التطوعية ).,5,"التاريخ: 01/02/1448
الموافق: 16/07/2026",16/07/2026,"التاريخ: 04/02/1448
الموافق: 19/07/2026",19/07/2026,,منصة اعتماد,داخل المملكة,
1081556,2026-08-15T20:24:35.538746+00:00,0.00,اصلاح وتوريد قطع غيار لجهاز CAST CUTTER WITH VACUUM - MF360-22 في مبنى 1 - عيادة العظام,,"التاريخ: 24/01/1448
الموافق: 09/07/2026",09/07/2026,"التاريخ: 16/02/1448
الموافق: 31/07/2026",31/07/2026,,لا يوجد,داخل المملكة,
1081562,2026-08-15T23:03:39.956990+00:00,500.00,تأهيل أعمال العزل والرطوبة بمستشفى جامعة الملك عبدالعزيز - لمدة ( 12 ) شهر ميلادي,5,"التاريخ: 14/03/1448
الموافق: 27/08/2026",27/08/2026,"التاريخ: 28/03/1448
الموافق: 10/09/2026",10/09/2026,,منصة اعتماد,داخل المملكة,
1081573,2026-08-15T23:15:55.715330+00:00,0.00,صيانة وتوريد قطع غيار لجهاز MONITOR HIGH LCD - DC-WU26-A1511 - قسم العمليات مبنى 3,,"التاريخ: 24/01/1448
الموافق: 09/07/2026",09/07/2026,"التاريخ: 16/02/1448
الموافق: 31/07/2026",31/07/2026,,لا يوجد,داخل المملكة,
1081582,2026-08-15T23:16:02.985362+00:00,500.00,توريد وتركيب وتشغيل وسيلة اتصال لربط جميع فروع الهيئة مع بعضها البعض ومع المركز الرئيسي,5,"التاريخ: 28/01/1448
الموافق: 13/07/2026",13/07/2026,"التاريخ: 07/02/1448
الموافق: 22/07/2026",22/07/2026,,إدارة المشتريات,داخل المملكة,
1081608,2026-08-15T23:19:32.403379+00:00,200.00,توريد برامج ورخص للجامعة لضمان سير واستمرار العملية التعليمية,5,"التاريخ: 20/03/1448
الموافق: 02/09/2026",02/09/2026,"التاريخ: 19/04/1448
الموافق: 01/10/2026",01/10/2026,,جامعة ام القرى - ادارة المشتريات والمناقصات,داخل المملكة,
1081610,2026-08-15T18:41:30.266850+00:00,500.00,أعمال التشغيل والصيانة والنظافة لمبنى فرع وزارة الخارجية بالمنطقة الشرقية,5,"التاريخ: 03/03/1448
الموافق: 16/08/2026",16/08/2026,"التاريخ: 29/04/1448
الموافق: 11/10/2026",11/10/2026,,وزارة الخارجية - ادارة المشتريات,داخل المملكة,
1081620,2026-08-15T23:15:04.992883+00:00,0.00,شراء مستلزمات طبية لمستشفى الأمير محمد بن عبدالعزيز للحرس الوطني,,"التاريخ: 03/01/1448
الموافق: 18/06/2026",18/06/2026,"التاريخ: 13/01/1448
الموافق: 28/06/2026",28/06/2026,,لا يوجد,داخل المملكة,
1081634,2026-08-15T20:44:43.258596+00:00,0.00,تأمين وتوريد بدلة رسمية لموظفين الامن والسلامة ( رجال )  لفرع الوزارة بمنطقة مكة المكرمة,,"التاريخ: 18/02/1448
الموافق: 02/08/2026",02/08/2026,"التاريخ: 25/02/1448
الموافق: 09/08/2026",09/08/2026,,لا يوجد,داخل المملكة,
1081668,2026-08-15T22:53:05.436872+00:00,200.00,توفير وتجديد رخص أنظمة الربط والتكامل مع أنظمة وزارة الموارد البشرية ووزارة المالية، بما يضمن استمرارية التشغيل والدعم الفني والتحديثات اللازمة.,5,"التاريخ: 20/01/1448
الموافق: 05/07/2026",05/07/2026,"التاريخ: 29/01/1448
الموافق: 14/07/2026",14/07/2026,,مكة المكرمة جامعة ام القرى العابدية ادارة المشتريات والمناقصات مبي الادارة العامة الدور الثاني,داخل المملكة,
1081685,2026-08-15T23:19:38.921985+00:00,500.00,مشـــــــروع  اختبــــــار  صمـــــود  الأنظمــــــــة  والتطبيقـــــــــات,5,"التاريخ: 01/04/1448
الموافق: 13/09/2026",13/09/2026,"التاريخ: 08/04/1448
الموافق: 20/09/2026",20/09/2026,,بمبنى ديوان الوزارة القديم بطريق الملك عبدالعزيز  (المبنى الرئيسي ـ الدور الأول ) إدارة المنافسات,داخل المملكة,
1081693,2026-08-15T22:24:29.212312+00:00,500.00,"""يتم تعريف وتحديد الغرض من الكراسة ويمكن للجهة إضافة أي مقدمات أو شرح عنها أو عن المشروع كما تراه مناسباً.""
يشمل المشروع إنشاء محطة ضخ جديدة في صلبوخ لنقل 5000 م³/يوم إلى خزانات ملهم عبر خط أنابيب HDPE بطول 27 كم، ويتضمن نطاق العمل توريد وتركيب المضخات والمعدات وتنفيذ جميع الأعمال المدنية والميكانيكية والكهربائية وربط النظام مع المنشآت القائمة، كما يشمل تنفيذ أنظمة التحكم والتشغيل والاتصالات وتمديد الألياف البصرية وإيصال التيار الكهربائي، إضافة إلى أعمال أنظمة الأمن والسلامة وصمامات التدفق والبنية التحتية اللازمة لضمان كفاءة التشغيل، بالإضافة إلى تنفيذ الاختبارات التشغيلية والهيدروليكية والدراسات الهيدرولوجية وفقاً لجداول الأسعار ووثائق العقد.",5,"التاريخ: 08/04/1448
الموافق: 20/09/2026",20/09/2026,"التاريخ: 08/05/1448
الموافق: 19/10/2026",19/10/2026,,المؤسسة العامة لتحلية المياه المالحة – الرياض – العليا – طريق الملك فهد  الدور الرابع لجنة فتح المظاريف,داخل المملكة,
1081698,2026-08-15T23:19:46.418120+00:00,300.00,"يهدف المشروع إلى أن يقوم المتقدم “بتنفيذ البرامج التدريبية التطويرية الخارجية والداخلية لموظفي الهيئة وحسب الاحتياج التدريبي للهيئة وإلى تقديم الدعم اللازم والمطلوب لإكمال جميع المتطلبات المادية واللوجستية للبرامج ومساعدة فريق إدارة المواهب لإتمام جميع العمليات التشغيلية المتعلقة بالتدريب والتطوير لجميع موظفي الهيئة للبرامج  الخارجية والداخلية
 
 كما يشمل ذلك تقديم الخدمات والأفراد والموظفين وجميع ما يلزم لتنفيذ وإتمام الأعمال المتفق عليها المبينة في العقد ونطاق العمل وكذلك الخدمات والأعمال المؤقتة والإضافية والتكميلـية والتعديلات التي تطلب الهيئة من المتقدم القيام بها ويتم الاتفاق عليها بين الطرفين خطياً وفقاً للعقد.",5,"التاريخ: 03/03/1448
الموافق: 16/08/2026",16/08/2026,"التاريخ: 17/03/1448
الموافق: 30/08/2026",30/08/2026,,الرياض,داخل المملكة,
1081793,2026-08-15T20:52:46.150248+00:00,1200.00,يستهدف البنك دعم التمكين الاقتصادي والاجتماعي للأفراد والأسر والمنشآت، من خلال التركيز على ثلاث محاور رئيسية (الحماية، الاكتفاء، الإنتاج). لذلك يرغب البنك إلى التعاقد مع شركة متخصصة لتنفيذ أعمال الخدمات غير المالية للمشاريع متناهية الصغر والعمل الحر والمنشآت وذلك لتوفير كافة الاحتياجات والتجهيزات التقنية والفنية المطلوبة وفق نطاق العمل.,5,"التاريخ: 26/02/1448
الموافق: 10/08/2026",10/08/2026,"التاريخ: 17/03/1448
الموافق: 30/08/2026",30/08/2026,,عبر منصة اعتماد,داخل المملكة,
1081803,2026-08-15T22:01:55.105197+00:00,2000.00,يهدف إلى تأمين خدمات الحراسة الأمنية في المقر الإداري بالرياض  ومراكز هيئة تطوير محمية الإمام تركي بن عبد الله الملكية ضمن نطاق المحمية، وذلك من خلال توفير حراسة أمنية على مدار الساعة (24/7)، تشمل جميع أيام الأسبوع بما فيها أيام الأعياد والعطل الرسمية، وبما يضمن حماية المواقع والممتلكات، وتنظيم الدخول والخروج، ورفع مستوى السلامة والأمن وفق الأنظمة والتعليمات المعتمدة لدى الهيئة.,5,"التاريخ: 28/02/1448
الموافق: 12/08/2026",12/08/2026,"التاريخ: 20/03/1448
الموافق: 02/09/2026",02/09/2026,,الكترونيا  عن طريق منصة اعتماد,داخل المملكة,
1081807,2026-08-15T22:55:22.438843+00:00,500.00,تشغيل وصيانة المولدات لمبنى أمانة العاصمة المقدسة الرئيسي والمباني التابعة لها بمكة المكرمة,5,"التاريخ: 03/03/1448
الموافق: 16/08/2026",16/08/2026,"التاريخ: 02/04/1448
الموافق: 14/09/2026",14/09/2026,,لجنة فتح العروض,داخل المملكة,صيانة وتشغيل الأعمال الكهربائية
1081822,2026-08-15T21:22:50.228585+00:00,500.00,الغرض من هذا المشروع لتطبيق الالتزام بمتطلبات الامن السيبراني للأنظمة التشغيلية الصادرة من الهيئة الوطنية للأمن السيبراني لضمان حماية الأنظمة وتواجدية واستمرارية الأعمال لوحدة إنتاج الشعيبة المرحلة الرابعة وضمان معالجة وتقليل أثر التهديدات السيبرانية جراء الكوارث الناتجة عن الأحداث السيبرانية,5,"التاريخ: 03/04/1448
الموافق: 15/09/2026",15/09/2026,"التاريخ: 06/06/1448
الموافق: 16/11/2026",16/11/2026,,الهيئة السعودية للمياه - الرياض - العليا - طريق الملك فهد – الدور الرابع - لجنة فتح العروض,داخل المملكة,
1081830,2026-08-15T20:14:16.169886+00:00,800.00,"إشارةً إلى اللائحة التنظيمية لعمل الأسر المنتجة والصادرة بقرار مجلس الوزراء رقم (92) بتاريخ 02/07/1440 ه، وحيث اشتملت المادة الثانية من اللائحة التنظيمية لعمل الأسر المنتجة على: (تنظيم أوضاع الأسر المنتجة بما يضبط طريقة عملها، ويجعلها كيانات تعتمد على نفسها، إضافة إلى دعمها ماديا ومعنويا وتدريبهم وتأهليهم ومساعدتهم على جعل منجاتهم قادرة على المنافسة وعلى تسويقها محليا ودوليا، كما تهدف اللائحة إلى إيجاد بيئة عمل ومنافذ ملائمة لتزاول من خلالها الأسر المنتجة نشاطاتها التي تمارسها أو التي يمكن تأهيلها للقيام بها لرفع مستوى معيشتها وتشجيعها على الإنتاج والعمل الحر).
ورغبة من البنك بتنفيذ أهداف اللائحة ورفع جودة منتجات الأسر المنتجة وتمكينها من المنافسة محليا ودوليا ولزيادة مساهمتها في الاقتصاد المحلي وإنفاذها في الأسواق؛ تم طرح هذه المنافسة بهدف تشغيل منافذ البع الخاصة بيمام كافيه والتي تتوزع فروعه في الجهات العامة والخاصة ومحطات الوقود في مختلف مناطق المملكة، والتي تقوم الأسر المنتجة بتشغيل تلك المنافذ تحت متابعة وإشراف بنك التنمية الاجتماعية.",5,"التاريخ: 30/01/1448
الموافق: 15/07/2026",15/07/2026,"التاريخ: 01/02/1448
الموافق: 16/07/2026",16/07/2026,,عبر منصة اعتماد,داخل المملكة,
1081838,2026-08-15T23:10:28.783319+00:00,500.00,التعاقد مع متعهد للقيام بالحراسات الأمنية للمجلس الأعلى للقضاء.,5,"التاريخ: 19/03/1448
الموافق: 01/09/2026",01/09/2026,"التاريخ: 21/05/1448
الموافق: 01/11/2026",01/11/2026,,منصة إعتماد,داخل المملكة,
1081846,2026-08-15T23:37:33.869547+00:00,200.00,يسعى صندوق الشهداء والمصابين والأسرى والمفقودين إلى تجديد الرخص وتوفير الدعم الفني  لأنظمة إدارة المشاريع والاستراتيجية، إضافة إلى تطبيق نظام Creatio,5,"التاريخ: 28/01/1448
الموافق: 13/07/2026",13/07/2026,"التاريخ: 29/01/1448
الموافق: 14/07/2026",14/07/2026,,صندوق الشهداء والمصابين والأسرى والمفقودين,داخل المملكة,
1081847,2026-08-15T23:19:55.771521+00:00,0.00,توريد لوحة تحكم لمنظومة انتاج نقل الجبيل  60020575 الساحل الشرقي,5,"التاريخ: 29/02/1448
الموافق: 13/08/2026",13/08/2026,"التاريخ: 28/03/1448
الموافق: 10/09/2026",10/09/2026,,المؤسسسة العامة لتحلية المياه المالحة الرياض  المركز الرئيسي إدارة المشتريات الدور الرابع مكتب 18   الدور الرابع مكتب 18  يمكنكم تقديم صورة منه في منصة اعتماد,داخل المملكة,
1081848,2026-08-15T22:43:11.703975+00:00,100.00,مشروع تامين وتوريد وتركيب الة اتلاف كبيرة,5,"التاريخ: 11/02/1448
الموافق: 26/07/2026",26/07/2026,"التاريخ: 12/02/1448
الموافق: 27/07/2026",27/07/2026,,الرياض الرئاسة العامة لهيئة الأمر بالمعروف والنهي عن المنكر,داخل المملكة,
1081851,2026-08-15T22:11:10.949972+00:00,500.00,تشغيل وصيانة ونظافة المحطات الكهربائية بميناء ينبع التجاري,5,"التاريخ: 09/04/1448
الموافق: 21/09/2026",21/09/2026,"التاريخ: 30/05/1448
الموافق: 10/11/2026",10/11/2026,,الهيئة العامة للموانئ,داخل المملكة,
1081861,2026-08-15T21:10:19.372294+00:00,0.00,"تهدف هذه المنافسة إلى توضيح نطاق متطلبات مشروع توريد وتركيب وتهيئة البنية التحتية التقنية لمقر البنك الجديد. وينقسم نطاق العمل إلى مسارين رئيسيين:
أولاً: توريد وتركيب البنية التحتية بالمقر الجديد


ثانياً: نقل وتكامل البنية التحتية من المقر الحالي إلى المقر الجديد
تم تنظيم المشروع كعقد موحد ومتكامل، بحيث تُنفَّذ جميع الأعمال من قبل متعاقد واحد؛ لضمان تنفيذ سلس وفعّال عبر جميع مراحل المشروع.",5,"التاريخ: 08/02/1448
الموافق: 23/07/2026",23/07/2026,"التاريخ: 15/02/1448
الموافق: 30/07/2026",30/07/2026,,مبنى رقم 2 ليسن فالي,داخل المملكة,
1081865,2026-08-15T22:51:00.554170+00:00,500.00,تأمين المواد الانشائية (حسب الطلب) لإدارة المشاريع والمرافق وصيانة المباني في مدينة الملك عبد العزيز الطبية بالرياض,5,"التاريخ: 05/02/1448
الموافق: 20/07/2026",20/07/2026,"التاريخ: 12/03/1448
الموافق: 25/08/2026",25/08/2026,,ادارة المشتريات - المبنى الاداري بوابة رقم 1,داخل المملكة,
1081908,2026-08-15T23:20:01.920586+00:00,200.00,صيانة حوض الترسيب الثالث بمحطة الصرف الصحي,5,"التاريخ: 12/02/1448
الموافق: 27/07/2026",27/07/2026,"التاريخ: 13/02/1448
الموافق: 28/07/2026",28/07/2026,,منصة اعتماد,داخل المملكة,
1081919,2026-08-15T18:56:30.109383+00:00,300.00,توريد قطع غيار محطات التحلية والصرف الصحي للأفرع المختلفة,5,"التاريخ: 27/01/1448
الموافق: 12/07/2026",12/07/2026,"التاريخ: 11/02/1448
الموافق: 26/07/2026",26/07/2026,,قوة الصواريخ الإستراتيجية / الادارة الهندسية والاشغال / العقود والمشتريات,داخل المملكة,
1081942,2026-08-15T23:37:04.054756+00:00,100.00,تسعى وزارة الاستثمار إلى تعزيز وضمان استمرارية نشاط المراجعة الداخلية من خلال تقديم الدعم الفني للنظام الإلكتروني للمراجعة الداخلية المستخدم حالياً بالوزارة لحل المشاكل التقنية التي قد تواجه مستخدمي النظام وتلبية احتياجات الإدارة في تطوير أعمالها في النظام الإلكتروني وبالإضافة الحصول على آخر التحديثات والترقيات للنظام لما له أثر على كفاءة وفعالية أعمال المراجعة الداخلية.,5,"التاريخ: 18/02/1448
الموافق: 02/08/2026",02/08/2026,"التاريخ: 20/03/1448
الموافق: 02/09/2026",02/09/2026,,وزارة الاستثمار,داخل المملكة,
1081951,2026-08-15T22:53:11.416099+00:00,0.00,توريد قطع غيار مواتير كهربائيه للهيئة السعودية للمياه منظومة انتاج حقل الساحل الغربي60020528,5,"التاريخ: 18/02/1448
الموافق: 02/08/2026",02/08/2026,"التاريخ: 12/03/1448
الموافق: 25/08/2026",25/08/2026,,الادارة التنفيذية للإمداد بالمركز الرئيسي بالرياض,داخل المملكة,
1081953,2026-08-15T22:53:18.400614+00:00,0.00,توريد قطع غيار ادوات كهربائيه للهيئة السعودية للمياه منظومة انتاج ينبع  الساحل الغربي60020515,5,"التاريخ: 18/02/1448
الموافق: 02/08/2026",02/08/2026,"التاريخ: 12/03/1448
الموافق: 25/08/2026",25/08/2026,,الادارة التنفيذية للإمداد بالمركز الرئيسي بالرياض,داخل المملكة,
1081963,2026-08-15T18:34:05.976181+00:00,1500.00,تأمين وتوريد قطع غيار للمعدات والآلات وتكون حسب المواصفات المطلوبة,5,"التاريخ: 25/02/1448
الموافق: 09/08/2026",09/08/2026,"التاريخ: 10/03/1448
الموافق: 23/08/2026",23/08/2026,,بلدية محافظة سراة عبيدة قسم المشتريات,داخل المملكة,
1081964,2026-08-15T18:34:13.453533+00:00,500.00,صيانة مواقف البلدية والمبنى و مواقف السيارات وتكون حسب المواصفات المطلوبة,5,"التاريخ: 25/02/1448
الموافق: 09/08/2026",09/08/2026,"التاريخ: 10/03/1448
الموافق: 23/08/2026",23/08/2026,,بلدية محافظة سراة عبيدة قسم المشتريات,داخل المملكة,"صيانة المباني, المبـــاني"
1081967,2026-08-15T18:34:21.507521+00:00,1500.00,تأمين وتوريد زيوت وكفرات لمعدات وسيارات البلدية وتكون حسب المواصفات المطلوبة,5,"التاريخ: 25/02/1448
الموافق: 09/08/2026",09/08/2026,"التاريخ: 10/03/1448
الموافق: 23/08/2026",23/08/2026,,بلدية محافظة سراة عبيدة قسم المشتريات,داخل المملكة,
1081986,2026-08-15T22:43:16.481930+00:00,0.00,توريد Patient Experience Unit based for Magnet Application,,"التاريخ: 14/01/1448
الموافق: 29/06/2026",29/06/2026,"التاريخ: 15/01/1448
الموافق: 30/06/2026",30/06/2026,,لا يوجد,داخل المملكة,
1082000,2026-08-15T20:08:35.322159+00:00,200.00,تجهيز وتوريد وتركيب مقر طالبات كلية الطب بجامعة الملك خالد بالفرعاء,5,"التاريخ: 20/03/1448
الموافق: 02/09/2026",02/09/2026,"التاريخ: 03/04/1448
الموافق: 15/09/2026",15/09/2026,,أبها,داخل المملكة,
1082003,2026-08-15T21:12:30.589565+00:00,200.00,"توريد وتركيب وتنفيذ وتشغيل نظام إلكتروني متكامل للعيادات الطبية والملفات الطبية الإلكترونية بجامعة الجوف، وفق أفضل الممارسات والمعايير الفنية المعتمدة في مجال تقنية المعلومات الصحية.
يشمل المشروع دراسة الوضع الحالي وتحليل المتطلبات وتصميم النظام وتنفيذه وتهيئته وتشغيله وربطه بالأنظمة الداخلية والخارجية ذات العلاقة، بالإضافة إلى ترحيل البيانات، وتنفيذ الاختبارات الفنية والأمنية والتشغيلية، وتدريب المستخدمين، وتقديم الدعم الفني والصيانة لمدة (36) شهرًا بعد الاستلام النهائي، مع تسليم الوثائق الفنية والكود المصدري الخاص بالنظام.",5,"التاريخ: 24/03/1448
الموافق: 06/09/2026",06/09/2026,"التاريخ: 18/04/1448
الموافق: 30/09/2026",30/09/2026,,منصة اعتماد,داخل المملكة,
1082033,2026-08-15T21:24:20.088788+00:00,0.00,صيانة طفايات الحريق بأمانة محافظة الطائف حسب الشروط والمواصفات,,"التاريخ: 17/03/1448
الموافق: 30/08/2026",30/08/2026,"التاريخ: 16/04/1448
الموافق: 28/09/2026",28/09/2026,,لا يوجد,داخل المملكة,
1082053,2026-08-15T23:20:08.321669+00:00,500.00,صيانة وتشغيل المكابس الألية بمدينة الملك فيصل العسكرية,5,"التاريخ: 01/02/1448
الموافق: 16/07/2026",16/07/2026,"التاريخ: 04/02/1448
الموافق: 19/07/2026",19/07/2026,,إدارة مدينة الملك فيصل العسكرية بخميس مشيط قسم المشتريات,داخل المملكة,
1082057,2026-08-15T19:41:46.890960+00:00,500.00,توريد مواد غذائية ذات جودة عالية وحاصلة على شهادة المواصفات والمقاييس السعودية وهيئة الغذاء ومطابقة لمعايير سلامة الغذاء.,5,"التاريخ: 08/04/1448
الموافق: 20/09/2026",20/09/2026,"التاريخ: 09/05/1448
الموافق: 20/10/2026",20/10/2026,,الرياض - ديوان وزارة الداخلية - الطابق الثاني - إدارة فتح العروض ( وقت التسليم الساعة 12 ظهراً).,داخل المملكة,
1082085,2026-08-15T23:39:53.974696+00:00,300.00,تأمين وتوريد اهداف رماية وستاند رماية لقوات الطوارئ الخاصة,5,"التاريخ: 13/03/1448
الموافق: 26/08/2026",26/08/2026,"التاريخ: 29/04/1448
الموافق: 11/10/2026",11/10/2026,,قيادة قوات الطوارئ الخاصة/ إدارة المنافسات والمشتريات,داخل المملكة,
1082086,2026-08-15T23:29:30.983527+00:00,0.00,تأمين وتركيب قطع غيار واصلاح مركبات بمكافحة المخدرات بمنطقة المدينة المنورة,,"التاريخ: 27/01/1448
الموافق: 12/07/2026",12/07/2026,"التاريخ: 28/01/1448
الموافق: 13/07/2026",13/07/2026,,لا يوجد,داخل المملكة,
1082102,2026-08-15T23:20:14.837232+00:00,500.00,اعمال صيانة خطوط الدعم نطاق شمال المدينة المنورة,5,"التاريخ: 29/02/1448
الموافق: 13/08/2026",13/08/2026,"التاريخ: 02/04/1448
الموافق: 14/09/2026",14/09/2026,,امانة المدينة ادارة المنافسات والعقود,داخل المملكة,صيــانة الحدائق والمنتزهـات
1082105,2026-08-15T22:55:29.439496+00:00,500.00,تحديث وترقية نظام إدارة الموقد (BMS) لجميع الغلايات بمنظومة إنتاج راس الخير على ان تتم الترقية والتحديث والاستبدال لوحدات المعالجة المركزية الحالية في نظام HIQuad بوحدات معالجة مركزية تدعم النظام الجديد HIQuadX.,5,"التاريخ: 02/04/1448
الموافق: 14/09/2026",14/09/2026,"التاريخ: 06/06/1448
الموافق: 16/11/2026",16/11/2026,,الهيئة السعودية للمياه - الرياض - العليا - طريق الملك فهد – الدور الرابع - لجنة فتح العروض,داخل المملكة,
1082126,2026-08-15T23:10:35.188170+00:00,200.00,اعمال  صيانة الحفر الخطيرة للطرق والشوارع بالخرج حسب جدول الكميات والشروط الخاصه المرفقه,5,"التاريخ: 23/01/1448
الموافق: 08/07/2026",08/07/2026,"التاريخ: 27/01/1448
الموافق: 12/07/2026",12/07/2026,,منصة اعتماد,داخل المملكة,
1082141,2026-08-15T20:14:23.119327+00:00,200.00,مشروع تشغيل وصيانة ونظافة مبنى المركز الوطني للتعليم الإلكتروني لضمان استدامة عمل المرافق، ورفع كفاءة الأداء التشغيلي.,5,"التاريخ: 24/03/1448
الموافق: 06/09/2026",06/09/2026,"التاريخ: 28/12/1448
الموافق: 03/06/2027",03/06/2027,,المركز الوطني للتعليم الإلكتروني - إدارة العقود والمشتريات,داخل المملكة,صيانة المباني
1082157,2026-08-15T22:11:16.798452+00:00,500.00,صيانة لوحات الطرق والأحياء بمحافظة رياض الخبراء.,5,"التاريخ: 09/02/1448
الموافق: 24/07/2026",24/07/2026,"التاريخ: 11/02/1448
الموافق: 26/07/2026",26/07/2026,,بلدية محافظة رياض الخبراء,داخل المملكة,
1082159,2026-08-15T20:05:23.432754+00:00,500.00,صيانة أعمدة الانارة لبلدية محافظة رياض الخبراء.,5,"التاريخ: 25/02/1448
الموافق: 09/08/2026",09/08/2026,"التاريخ: 27/02/1448
الموافق: 11/08/2026",11/08/2026,,بلدية محافظة رياض الخبراء,داخل المملكة,
1082161,2026-08-15T22:11:23.362049+00:00,3000.00,إنشاء وتجهيز وتشغيل مركز التعافي من الكوارث (Disaster Recovery) لخدمات مركز الأعمال على البيئة السحابية؛ بما يضمن استمرارية الأعمال ورفع جاهزية الأنظمة الحيوية وحماية البيانات وتسريع استعادة الخدمات وفق أفضل الممارسات.,5,"التاريخ: 14/05/1448
الموافق: 25/10/2026",25/10/2026,"التاريخ: 15/05/1448
الموافق: 26/10/2026",26/10/2026,,منصة اعتماد,داخل المملكة,
1082162,2026-08-15T20:54:40.691285+00:00,500.00,توريد اسفلت ساخن لمعالجة التشوهات البصرية لبلدية محافظة رياض الخبراء.,5,"التاريخ: 14/02/1448
الموافق: 29/07/2026",29/07/2026,"التاريخ: 15/02/1448
الموافق: 30/07/2026",30/07/2026,,بلدية محافظة رياض الخبراء,داخل المملكة,
1082195,2026-08-15T23:05:42.038748+00:00,1500.00,إن الغرض من هذه المنافسة هو القيام بـ (صيانة وتشغيل الأعمال الكهروميكانيكية والتكييف والمعمارية وأعمال النظافة لوكالة التشغيل والصيانة ووكالة الإمتثال والإستدامة البيئية والموقع العام والمرافق التابعة لهمابأمانة مدينة الرياض) بما في ذلك تقديم الخدمات والأفراد والموظفين والمواد وجميع الأشياء اللازمة لتنفيذ الأعمال، تقديم الخدمات المؤقتة والإضافية والتكميلية. ويشمل ذلك تقديم المواد والمعدات والتجهيزات والعمال وجميع الأشياء اللازمة (ما تتطلبه الشروط والمواصفات الخاصة) وفقاً لشروط المنافسة ووثائقها..,5,"التاريخ: 05/02/1448
الموافق: 20/07/2026",20/07/2026,"التاريخ: 07/03/1448
الموافق: 20/08/2026",20/08/2026,,امانة منطقة الرياض إدارة المشتريات,داخل المملكة,صيانة المباني
1082196,2026-08-15T23:05:50.388178+00:00,1500.00,إن الغرض من هذه المنافسة هو القيام بـ (صيانة وتشغيل الأعمال الكهروميكانيكية والأعمال المعمارية وأعمال النظافة للمباني والمرافق التابعة لأمانة مدينة الرياض) بما في ذلك تقديم الخدمات والأفراد والموظفين والمواد وجميع الأشياء اللازمة لتنفيذ الأعمال، تقديم الخدمات المؤقتة والإضافية والتكميلية. ويشمل ذلك تقديم المواد والمعدات والتجهيزات والعمال وجميع الأشياء اللازمة (ما تتطلبه الشروط والمواصفات الخاصة) وفقاً لشروط المنافسة ووثائقها..,5,"التاريخ: 07/02/1448
الموافق: 22/07/2026",22/07/2026,"التاريخ: 14/03/1448
الموافق: 27/08/2026",27/08/2026,,امانة منطقة الرياض إدارة المشتريات,داخل المملكة,صيانة المباني
1082197,2026-08-15T22:11:30.742963+00:00,300.00,تأمين المواد المخبرية الخاصة بالأدوية والهرمونات ومتبقيات المبيدات,5,"التاريخ: 19/02/1448
الموافق: 03/08/2026",03/08/2026,"التاريخ: 18/03/1448
الموافق: 31/08/2026",31/08/2026,,الكتروني عبر منصة مركز وقاء,داخل المملكة,
1082202,2026-08-15T21:39:22.897875+00:00,500.00,الهدف من المشروع هو منافسة توفير التراخيص وتوريد الأجهزة مع الدعم الفني والصيانة لمركز البيانات بمستشفى الملك عبد الله التخصصي بالقصيم التابع للشؤون الصحية بوزارة الحرس الوطني من أجل تعزيز واستمرارية خدمات ادارة تقنية المعلومات بالشؤون الصحية بوزارة الحرس الوطني، ويتضمن المشروع توفير الدعم والصيانة والضمان الكامل للأجهزة,5,"التاريخ: 03/03/1448
الموافق: 16/08/2026",16/08/2026,"التاريخ: 24/03/1448
الموافق: 06/09/2026",06/09/2026,,ادارة المشتريات - المبنى الاداري- بوابة رقم 1,داخل المملكة,
1082204,2026-08-15T19:19:02.015640+00:00,0.00,تقديم خدمات الدعم الفني والصيانة لنظام المعاملات والاتصالات الإدارية المستخدم في إدارة المراسلات والمعاملات الإلكترونية داخل الصندوق، بما يضمن استمرارية الأعمال ورفع كفاءة الإجراءات الإدارية والتحول الرقمي.,5,"التاريخ: 11/02/1448
الموافق: 26/07/2026",26/07/2026,"التاريخ: 18/02/1448
الموافق: 02/08/2026",02/08/2026,,صندوق الفعاليات الاستثماري,داخل المملكة,
1082205,2026-08-15T22:11:36.537506+00:00,2000.00,في هيئة التأمين نهدف إلى تعزيز ظهورنا وزيادة التفاعل مع جمهورنا المستهدف من خلال تنفيذ حملات إعلانية فعّالة ومتنوعة على مدار عام كامل. يشمل المشروع إنشاء وإدارة حملات إعلانات مدفوعة، سواء كانت تقليدية (مثل اللوحات الإعلانية، الإعلانات التلفزيونية والإذاعية) أو رقمية (مثل الإعلانات على منصات التواصل الاجتماعي، محركات البحث، والإعلانات الإلكترونية عبر الإنترنت). نهدف إلى تحديد الحلول المثلى التي تساهم في تحسين ظهور الهيئة.,5,"التاريخ: 03/03/1448
الموافق: 16/08/2026",16/08/2026,"التاريخ: 10/03/1448
الموافق: 23/08/2026",23/08/2026,,هيئة التأمين - مركز الملك عبدالله المالي برج تداول الدور 18,داخل المملكة,
1082214,2026-08-15T20:24:42.873268+00:00,5000.00,مشروع إنشاء محطة انتقالية في مركز الحديثة,5,"التاريخ: 11/04/1448
الموافق: 23/09/2026",23/09/2026,"التاريخ: 14/05/1448
الموافق: 25/10/2026",25/10/2026,,بلدية الحديثة,داخل المملكة,
1082237,2026-08-15T23:16:10.524103+00:00,0.00,فحص واصلاح محرك لمركز التموين البحري بالأسطول الشرقي,,"التاريخ: 08/01/1448
الموافق: 23/06/2026",23/06/2026,"التاريخ: 09/01/1448
الموافق: 24/06/2026",24/06/2026,,لا يوجد,داخل المملكة,
1082270,2026-08-15T22:02:01.407473+00:00,100.00,نقاط تم ومقيم لحاجة العمل ببلدية محافظة الشماسية,5,"التاريخ: 11/02/1448
الموافق: 26/07/2026",26/07/2026,"التاريخ: 12/02/1448
الموافق: 27/07/2026",27/07/2026,,بلدية الشماسية,داخل المملكة,
1082295,2026-08-15T21:53:02.232082+00:00,300.00,تقديم خدمة نقل طالبات الجامعة والفروع التابعة لها - محافظة ينبع – محافظة العلا,5,"التاريخ: 03/03/1448
الموافق: 16/08/2026",16/08/2026,"التاريخ: 29/05/1448
الموافق: 09/11/2026",09/11/2026,,عن طريق منصة اعتماد,داخل المملكة,
1082303,2026-08-15T19:55:37.818316+00:00,0.00,شراء مستلزمات مكتبية  بطارية CR17345 ULTRA V3,,"التاريخ: 22/02/1448
الموافق: 06/08/2026",06/08/2026,"التاريخ: 29/02/1448
الموافق: 13/08/2026",13/08/2026,,لا يوجد,داخل المملكة,
1082361,2026-08-15T23:25:52.453349+00:00,500.00,يهدف المشروع إلى دعم وتطوير أعمال المراجعة الداخلية من خلال مراجعة وتحديث سجلات المخاطر، وإعداد خطة المراجعة الداخلية الاستراتيجية والتشغيلية المبنية على المخاطر لمدة ثلاث سنوات، وتنفيذ مهام المراجعة الداخلية وفق الخطة المعتمدة، ومتابعة الملاحظات والتوصيات، وإعداد التقارير الدورية والسنوية، بما يسهم في تعزيز الحوكمة ورفع كفاءة أعمال المراجعة الداخلية ودعم اتخاذ القرار.,5,"التاريخ: 14/02/1448
الموافق: 29/07/2026",29/07/2026,"التاريخ: 25/02/1448
الموافق: 09/08/2026",09/08/2026,,الكترونياً عن طريق المنصة,داخل المملكة,
1082374,2026-08-15T23:20:22.742502+00:00,500.00,نظرا لحاجة العمل الماسة والضرورية للانتقال للنطاق الترددي (450) ميجا هيرتز قررت إدارة ميناء الملك فهد الصناعي بالجبيل بطرح منافسة توريد وتركيب أجهزة الاتصالات اللاسلكية لمحطة الإطفاء بالميناء.,5,"التاريخ: 17/03/1448
الموافق: 30/08/2026",30/08/2026,"التاريخ: 19/03/1448
الموافق: 01/09/2026",01/09/2026,,ميناء الملك فهد الصناعي,داخل المملكة,
1082387,2026-08-15T22:55:36.124351+00:00,5000.00,انشاء محطة انتقالية بمحافظة دومة الجندل,5,"التاريخ: 22/02/1448
الموافق: 06/08/2026",06/08/2026,"التاريخ: 03/03/1448
الموافق: 16/08/2026",16/08/2026,,بلدية دومة الجندل,داخل المملكة,
1082413,2026-08-15T23:02:18.153915+00:00,4000.00,إنشاء محطات انتقالية بمحافظة القريات,5,"التاريخ: 21/02/1448
الموافق: 05/08/2026",05/08/2026,"التاريخ: 12/03/1448
الموافق: 25/08/2026",25/08/2026,,بلدية محافظة القريات,داخل المملكة,المباني الخرسانية
1082433,2026-08-15T19:20:26.081652+00:00,500.00,تشغيل وصيانة نظام مضخات إطفاء الحريق بالطريق الدائري الأول,5,"التاريخ: 24/03/1448
الموافق: 06/09/2026",06/09/2026,"التاريخ: 23/04/1448
الموافق: 05/10/2026",05/10/2026,,لجنة فتح العروض,داخل المملكة,"صيانة وتشغيل الأعمال الاكترونية, صيانة وتشغيل الأعمال الكهربائية"
1082456,2026-08-15T22:22:45.150065+00:00,50.00,نظرًا لأن تقنية المعلومات أصبحت أكثر تكاملاً مع عمليات وأنشطة الاعمال في الهيئة ونظرا لأهمية أنشطة تقنية المعلومات الحالية والمستقبلية والمخاطر المتعلقة بها والضوابط الرقابية نرغب في التعاقد للحصول على عمليات تقييم وفحص للوضع الراهن ودراسة الفجوات وتحديد المخاطر وآليات التخفيف والتطوير المستقبلي علما ان هذه المهام تقدم ضمان معقول الى الإدارة عن سير الاعمال ذات العلاقة بتقنية المعلومات حسب المخطط,5,"التاريخ: 06/02/1448
الموافق: 21/07/2026",21/07/2026,"التاريخ: 13/02/1448
الموافق: 28/07/2026",28/07/2026,,جدة - حي المحمدية - شارع أبي هيثم الأنصاري - مبنى مترو جدة - الدور الرابع,داخل المملكة,
1082469,2026-08-15T20:54:47.255240+00:00,0.00,لتقديم خدمات وحلول ذكاء اصطناعي (AI) بدءًا من الدراسة مرورًا بالتحليل والتصميم وانتهاءً بالتطوير والتنفيذ لحالة الاستخدام,,"التاريخ: 05/06/1448
الموافق: 15/11/2026",15/11/2026,"التاريخ: 18/07/1448
الموافق: 27/12/2026",27/12/2026,,لا يوجد,داخل المملكة,
1082494,2026-08-15T22:51:34.080241+00:00,500.00,تقديم خدمة صيانة نظام إدارة المباني (BMS) والمرافق والأنظمة الحيوية شاملة قطع الغيار والمستهلكات وإصدار شهادات اعتماد مختبرات متخصصة بالخلايا الجذعية بمدينة الملك عبد العزيز الطبية بالرياض التابعة للشؤون الصحية بوزارة الحرس الوطني,5,"التاريخ: 19/02/1448
الموافق: 03/08/2026",03/08/2026,"التاريخ: 21/03/1448
الموافق: 03/09/2026",03/09/2026,,ادارة المشتريات - المبنى الاداري بوابة رقم 1,داخل المملكة,"صيانة المـراكـز الطبيــة, صيانة وتشغيل الأعمال الكهربائية, المعدات الإلكترونية الطبية / المختبرية, الأعمال الالكترونية, نظام المراقبة والأمن والسلامة"
1082498,2026-08-15T22:50:35.104653+00:00,500.00,تهدف المنافسة إلى تنفيذ برامج وحملات التواصل المؤسسي لمركز التأمين الصحي الوطني بما يعزز فهم المستفيدين لمنظومة التأمين الصحي الوطني، ويدعم بناء الثقة والشفافية مع كافة أصحاب المصلحة، ويسهم في إبراز أثر المركز في تمكين التحول الصحي، وتحقيق الاستدامة المالية، وتحسين الوصول إلى خدمات رعاية صحية ذات جودة وكفاءة عالية وفق مستهدفات رؤية السعودية 2030.,5,"التاريخ: 07/03/1448
الموافق: 20/08/2026",20/08/2026,"التاريخ: 08/04/1448
الموافق: 20/09/2026",20/09/2026,,مكتب مركز التأمين الصحي الوطني,داخل المملكة,
1082528,2026-08-15T23:37:41.274299+00:00,0.00,صيانة كرسي عيادة الاسنان بكلية الملك فهد البحرية,,"التاريخ: 10/01/1448
الموافق: 25/06/2026",25/06/2026,"التاريخ: 13/01/1448
الموافق: 28/06/2026",28/06/2026,,لا يوجد,داخل المملكة,
1082534,2026-08-15T22:51:07.835733+00:00,500.00,صيانة والدعم الفني تطبيق خدمات المرضى في مدينة الملك عبد العزيز الطبية التابعة للشؤون الصحية بوزارة الحرس الوطني بالرياض,5,"التاريخ: 05/03/1448
الموافق: 18/08/2026",18/08/2026,"التاريخ: 19/03/1448
الموافق: 01/09/2026",01/09/2026,,ادارة المشتريات - المبنى الاداري- بوابة رقم 1,داخل المملكة,
1082540,2026-08-15T22:55:43.040353+00:00,500.00,مشروع أعمال المخاطر والطوارئ واستمرارية الأعمال والسلامة في جامعة الأميرة نورة بنت عبدالرحمن,5,"التاريخ: 03/03/1448
الموافق: 16/08/2026",16/08/2026,"التاريخ: 04/03/1448
الموافق: 17/08/2026",17/08/2026,,لجنة فتح المظاريف,داخل المملكة,
1082544,2026-08-15T22:32:54.824863+00:00,500.00,توريد موزعات شبكة معلوماتية وكاميرات مراقبة امنية بمدينة الملك عبدالعزيز الطبية بجدة مع توريد وتركيب نظام مراقبة امني لسكن موظفي مركز الملك عبدالله للغسيل الكلوي بجدة التابعة للشؤون الصحية بوزارة الحرس الوطني,5,"التاريخ: 21/02/1448
الموافق: 05/08/2026",05/08/2026,"التاريخ: 20/03/1448
الموافق: 02/09/2026",02/09/2026,,مدينة الملك عبدالعزيز الطبية بجدة,داخل المملكة,
1082576,2026-08-15T19:41:54.448381+00:00,0.00,توفير خدمات الاتصالات والانترنت بما يتوافق مع المتطلبات التنظيمية والفنية لضمان استمرارية الاعمال ودعم الانظمة والخدمات التشغيلية للجهة على ان يبدأ الاشتراك عند الانتهاء من العقد الحالي,,"التاريخ: 11/02/1448
الموافق: 26/07/2026",26/07/2026,"التاريخ: 03/03/1448
الموافق: 16/08/2026",16/08/2026,,لا يوجد,داخل المملكة,
1082596,2026-08-15T20:54:53.994872+00:00,0.00,لتنفيذ هذا المشروع من أجل التغلب على التحديات الجوهرية المصاحبة لتنفيذ تقنيات الذكاء الاصطناعي حيث تختلف مشتريات أنظمة الذكاء الاصطناعي في القطاع الحكومي عن عمليات شراء الأنظمة التقنية التقليدية مثل البرمجيات الجاهزة أو الأجهزة. ويرجع هذا الاختلاف إلى طبيعة ومتطلبات مشاريع الذكاء الاصطناعي التي تحتاج إلى معالجة وأسلوب مختلف في الإعداد والتنفيذ والإدارة، وفيما يلي أهم أوجه الاختلاف بين شراء حلول الذكاء الاصطناعي والمشتريات التقليدية الأخرى (كما ورد في منشور مشتريات الذكاء الاصطناعي في القطاع الحكومي الصادر عن الهيئة السعودية للبيانات والذكاء الاصطناعي),,"التاريخ: 05/06/1448
الموافق: 15/11/2026",15/11/2026,"التاريخ: 18/07/1448
الموافق: 27/12/2026",27/12/2026,,لا يوجد,داخل المملكة,
1082608,2026-08-15T19:10:09.664493+00:00,1200.00,تنفيذ مشروع لتقديم الخدمات التمكينية  لعدد (1000)  ألف  مستفيد ومستفيدة من منسوبي الضمان الاجتماعي ، وذلك لدعم تجويد مشاريعهم وتأهيلهم ضمن مسرعات تطويرية للتجسير واختيار 200 مستفيد ومستفيدة كقصص نجاح مجسرة.,5,"التاريخ: 25/02/1448
الموافق: 09/08/2026",09/08/2026,"التاريخ: 10/03/1448
الموافق: 23/08/2026",23/08/2026,,عبر منصة اعتماد,داخل المملكة,
1082613,2026-08-15T20:05:30.823036+00:00,10000.00,ان الغرض من هذه المنافسة هو صيانة محطات تصريف مياه الامطار ويشمل ذلك تقديم المواد والمعدات والعمال وجميع المتعلقات اللازمة وفقا لشروط العقد ووثائقه.,5,"التاريخ: 02/04/1448
الموافق: 14/09/2026",14/09/2026,"التاريخ: 03/05/1448
الموافق: 14/10/2026",14/10/2026,,امانة المنطقة الشرقية,داخل المملكة,صيانة وتشغيل أعمال المياه والصرف الصحي
1082642,2026-08-15T21:08:04.446030+00:00,200.00,تأمين برامج تعليمية لكليات الجامعة,5,"التاريخ: 13/03/1448
الموافق: 26/08/2026",26/08/2026,"التاريخ: 28/03/1448
الموافق: 10/09/2026",10/09/2026,,عبر منصة اعتماد,داخل المملكة,
1082650,2026-08-15T22:55:49.165207+00:00,2500.00,مشروع تقديم خدمة صيانة وإصلاح السيارات والعربات الكهربائية التابعة لأمانة منطقة المدينة المنورة,5,"التاريخ: 05/03/1448
الموافق: 18/08/2026",18/08/2026,"التاريخ: 04/04/1448
الموافق: 16/09/2026",16/09/2026,,امانة المدينة ادارة المنافسات والعقود,داخل المملكة,صيانة وتشغيل الأعمال الميكانيكيـة
1082661,2026-08-15T23:37:48.302144+00:00,300.00,تركيب قطع غيار وصيانة لوحات الجهد الكهربائي حسب المواصفات الفنية المطلوبة,5,"التاريخ: 29/01/1448
الموافق: 14/07/2026",14/07/2026,"التاريخ: 14/02/1448
الموافق: 29/07/2026",29/07/2026,,من خلال البوابة الإلكترونية,داخل المملكة,محطات توليد الطــاقة
1082665,2026-08-15T20:05:41.027499+00:00,500.00,مشروع تهيئة المواقع وتحسين إمكانية الوصول لذوي الإعاقة بمرافق الجامعة,5,"التاريخ: 26/02/1448
الموافق: 10/08/2026",10/08/2026,"التاريخ: 27/02/1448
الموافق: 11/08/2026",11/08/2026,,القاعة الخاصة بفتح المظاريف بالدور الثالث بمبنى الإدارة الرئيسي رقم 3,داخل المملكة,
1082674,2026-08-15T21:22:58.424127+00:00,500.00,صيانة وإصلاح الأجهزة والمعدات الطبية لمستشفى قوى الأمن بالدمام لمدة 5 سنوات,5,"التاريخ: 15/02/1448
الموافق: 30/07/2026",30/07/2026,"التاريخ: 19/03/1448
الموافق: 01/09/2026",01/09/2026,,مستشفى قوى الامن بالدمام الدور الاول,داخل المملكة,"صيانة وتشغيل الأعمال الميكانيكيـة, صيانة المـراكـز الطبيــة, صيانة وتشغيل الأعمال الكهربائية"
1082684,2026-08-15T23:03:46.338267+00:00,0.00,توريد وتركيب محول كهرباء جاف 250 (KVA) في الكتيبة 116,,"التاريخ: 15/02/1448
الموافق: 30/07/2026",30/07/2026,"التاريخ: 16/03/1448
الموافق: 29/08/2026",29/08/2026,,لا يوجد,داخل المملكة,
1082687,2026-08-15T21:44:48.321216+00:00,0.00,لجاجة البلدية لتوريد اعلام المملكة العربية السعودية بمناسبة اليوم الوطني السعودي 96,,"التاريخ: 07/02/1448
الموافق: 22/07/2026",22/07/2026,"التاريخ: 11/02/1448
الموافق: 26/07/2026",26/07/2026,,لا يوجد,داخل المملكة,
1082704,2026-08-15T23:28:02.368262+00:00,500.00,"توريد وتركيب الأجهزة الإشعاعية وتشغيلها وتحليل قياس النشاط الإشعاعي وضبط المعايرة لإشعة الفا وبيتا "" عن طرقجهاز التحليل لقياس إجمالي مشعات الفا وبيتا بمفهوم عد السائل الوميضي (قياس التراكيز المنخفضة) وجهاز تحليل الطيفي للقياس الإشعاعي لأشعة جاما مع كاشف يوديد الصوديوم الوميضي وجهاز تحليل لقياس إجمالي مشعات الفا وبيتا الحقلي (متنقل) بمفهوم عد السائل الوميضي (قياس التراكيز المنخفضة) وأجهزة أو بطاقات رصد رقمي لكمية الجرعات الإشعاعية في الموقع وكذلك للعاملين في الموقع بمختبرات جودة المياه لأعمال تحلية المياه في منظومة تحلية مياه البحر في الجبيل والشعيبة.والقيام بأعمال المعايرة والاختبارات الابتدائية والنهائية للأجهزة والتدريب على التشغيل والصيانة والدعم الفني حسب الكراسة.",5,"التاريخ: 20/03/1448
الموافق: 02/09/2026",02/09/2026,"التاريخ: 22/05/1448
الموافق: 02/11/2026",02/11/2026,,الهيئة السعودية للمياه - الرياض - العليا - طريق الملك فهد - الدورالرابع - لجنة فتح العروض,داخل المملكة,
1082711,2026-08-15T22:31:57.920747+00:00,1000.00,صيانة المزروعات والمسطحات الخضراء والأشجار والزهور وشبكات الري والآبار محافظة رأس تنورة,5,"التاريخ: 14/03/1448
الموافق: 27/08/2026",27/08/2026,"التاريخ: 24/03/1448
الموافق: 06/09/2026",06/09/2026,,بلدية محافظة الجبيل,داخل المملكة,
1082722,2026-08-15T22:24:36.958674+00:00,500.00,صيانة الحدائق والاشجار والمسطحات الخضراء بمحافظة صبيا,5,"التاريخ: 06/03/1448
الموافق: 19/08/2026",19/08/2026,"التاريخ: 05/04/1448
الموافق: 17/09/2026",17/09/2026,,بلدية محافظة صبيا,داخل المملكة,"صيــانة الحدائق والمنتزهـات, تشجيــر الحدائق وتنظيم المواقـع"
1082758,2026-08-15T20:24:49.760686+00:00,500.00,القيام بأعمال الربط الكهربائي لمولدات الديزل الاحتياطية في وحدة تحلية المياه الجوفية بالشقيق لزيادة الكفاءة والموثوقية.,5,"التاريخ: 18/02/1448
الموافق: 02/08/2026",02/08/2026,"التاريخ: 13/03/1448
الموافق: 26/08/2026",26/08/2026,,المؤسسة العامة لتحلية المياه المالحة – الرياض – العليا – طريق الملك فهد  الدور الرابع لجنة فتح المظاريف,داخل المملكة,
1082762,2026-08-15T19:41:59.398258+00:00,100.00,تجديد الدعم الفني لمنتجات مايكروسوفت لوزارة الاقتصاد والتخطيط,5,"التاريخ: 13/02/1448
الموافق: 28/07/2026",28/07/2026,"التاريخ: 26/02/1448
الموافق: 10/08/2026",10/08/2026,,الكترونيا عبر منصة اعتماد,داخل المملكة,
1082770,2026-08-15T21:42:16.098245+00:00,500.00,تتمثل الاتفاقية في توريد أدوات ومواد اللحام بمختلف أنواعها واستخداماتها، بما في ذلك أقطاب اللحام، وأسلاك اللحام، ومواد القطع واللحام المساندة، والمواد الاستهلاكية المرتبطة بها، وفق المواصفات الفنية والمعايير المعتمدة، من خلال موردين مؤهلين ومتخصصين في هذا المجال، مع الالتزام بمتطلبات الجودة والسلامة والجدول الزمني المعتمد للتوريد,5,"التاريخ: 03/03/1448
الموافق: 16/08/2026",16/08/2026,"التاريخ: 04/04/1448
الموافق: 16/09/2026",16/09/2026,,المؤسسة العامة لتحلية المياه المالحة – الرياض – العليا – طريق الملك فهد  الدور الرابع لجنة فتح المظاريف,داخل المملكة,
1082775,2026-08-15T20:24:56.387088+00:00,500.00,تتمثل الاتفاقية في توريد مواد ومستلزمات الأعمال المدنية بمختلف أنواعها واستخداماتها، بما في ذلك مواد الخرسانة ،ومواد البناء، ومواد الترميم والإصلاح، والمواد المساندة المرتبطة بالأعمال المدنية، وفق المواصفات الفنية والمعايير المعتمدة، من خلال موردين مؤهلين ومتخصصين في هذا المجال، مع الالتزام بمتطلبات الجودة والسلامة والجدول الزمني المعتمد للتوريد,5,"التاريخ: 25/02/1448
الموافق: 09/08/2026",09/08/2026,"التاريخ: 27/03/1448
الموافق: 09/09/2026",09/09/2026,,المؤسسة العامة لتحلية المياه المالحة – الرياض – العليا – طريق الملك فهد  الدور الرابع لجنة فتح المظاريف,داخل المملكة,
1082776,2026-08-15T20:15:46.663311+00:00,1000.00,"يهدف المشروع إلى توفير وتشغيل خدمات مركز العمليات الأمنية لصالح وحدة خدمات الإنترنت بمدينة الملك عبدالعزيز للعلوم والتقنية، وذلك لتعزيز قدرة الجهة على حماية أصولها الرقمية وبيئة تقنية المعلومات من التهديدات السيبرانية المتقدمة.
ويسهم المشروع في رفع مستوى الكشف والاستجابة للحوادث، وتطبيق الممارسات القياسية في إدارة الحوادث الأمنية، وضمان الامتثال للضوابط الصادرة عن الهيئة الوطنية للأمن السيبراني، من خلال الاستفادة من قدرات المراقبة المتقدمة على مدار الساعة، والتحقيق الرقمي المتخصص، وتوفير خدمات احترافية مدارة تعزز مرونة واستمرارية الأعمال.
كما يهدف المشروع إلى تمكين فرق الأمن السيبراني لدى الجهة من خلال نقل المعرفة، وتوفير تقارير وتحليلات متقدمة، ودعم عمليات الاستجابة والتحقيق لضمان رفع مستوى الجاهزية السيبرانية.",5,"التاريخ: 22/02/1448
الموافق: 06/08/2026",06/08/2026,"التاريخ: 26/02/1448
الموافق: 10/08/2026",10/08/2026,,لجنة فتح المضاريف,داخل المملكة,
1082777,2026-08-15T22:02:06.495946+00:00,300.00,مشروع سفلتة وارصفة وانارة (تاهيل ميادين بالنبهانية ),5,"التاريخ: 21/01/1448
الموافق: 06/07/2026",06/07/2026,"التاريخ: 22/01/1448
الموافق: 07/07/2026",07/07/2026,,بلدية محافظة النبهانية,داخل المملكة,
1082779,2026-08-15T22:42:35.968597+00:00,10000.00,هذا العقد يشمل تنفيذ أعمال مشروع تنسيق الموقع العام للسوق الشعبي النسائي  بحي بدر بغرب الدمام ، مع توفير المواد والمعدات والآليات اللازمة لذلك وإجراء كافة القياسات والاختبارات لضبط الجودة وتطبيق الإجراءات الخاصة بالسلامة وإصدار كافة أنواع التقارير الضرورية، ويوجد عدد من المتطلبات الرئيسية لتقديم العطاء وعلى المتقدم لهذا المشروع التأكد من تحقيقها,5,"التاريخ: 06/03/1448
الموافق: 19/08/2026",19/08/2026,"التاريخ: 08/05/1448
الموافق: 19/10/2026",19/10/2026,,امانة المنطقة الشرقية,داخل المملكة,
1082782,2026-08-15T20:15:54.327351+00:00,1000.00,"يهدف المشروع إلى توفير وتشغيل خدمات استخبارات التهديدات السيبرانية المدارة  (CTI) لرصد سلوكيات الهجمات السيبرانية وخدمات الاستجابة للحوادث والتحقق الجنائي الرقمي (DFIR) لصالح وحدة خدمات الإنترنت بمدينة الملك عبدالعزيز للعلوم والتقنية، وذلك لتعزيز قدرة الجهة على حماية أصولها الرقمية وبيئة تقنية المعلومات من التهديدات السيبرانية المتقدمة.
ويسهم المشروع في رفع مستوى الكشف والاستجابة للتهديدات والسلوكيات المتعلقة بالهجمات السيبرانية، وتطبيق الممارسات القياسية في إدارة الحوادث الأمنية، وضمان الامتثال للضوابط الصادرة عن الهيئة الوطنية للأمن السيبراني، من خلال الاستفادة من قدرات المراقبة المتقدمة على مدار الساعة، والتحقيق الرقمي المتخصص، وتوفير خدمات احترافية مدارة تعزز مرونة واستمرارية الأعمال.
كما يهدف المشروع إلى تمكين فرق الأمن السيبراني لدى وحدة خدمات الإنترنت بمدينة الملك عبدالعزيز للعلوم والتقنية من خلال نقل المعرفة، وتوفير تقارير وتحليلات متقدمة، ودعم عمليات الاستجابة والتحقيق لضمان رفع مستوى الجاهزية السيبرانية.",5,"التاريخ: 22/02/1448
الموافق: 06/08/2026",06/08/2026,"التاريخ: 26/02/1448
الموافق: 10/08/2026",10/08/2026,,لجنة فتح المضاريف,داخل المملكة,
1082785,2026-08-15T22:35:00.078728+00:00,500.00,تقديم خدمات التحميل والتنزيل وإزالة المخلفات من مبنى الوزارة الرئيسي ومبنى الوزارة (أ) ومبنى الوزارة (ب) إلى مستودعات الوزارة بالعزيزية والربوة والشرق,5,"التاريخ: 03/03/1448
الموافق: 16/08/2026",16/08/2026,"التاريخ: 04/04/1448
الموافق: 16/09/2026",16/09/2026,,الرياض - ديوان وزارة الداخلية - الطابق الثاني - إدارة فتح العروض ( وقت التسليم الساعة 12 ظهراً).,داخل المملكة,
1082796,2026-08-15T21:42:21.884145+00:00,2000.00,تجديد حجز مساحة المجسم على طريق المطار في مدينة الرياض وتقديم خدمات الصيانة والدعم الفني للشاشة,5,"التاريخ: 11/02/1448
الموافق: 26/07/2026",26/07/2026,"التاريخ: 15/02/1448
الموافق: 30/07/2026",30/07/2026,,الرياض حي النخيل البوابة الرقميه مبني IT02,داخل المملكة,
1082799,2026-08-15T22:55:56.005488+00:00,2500.00,تشغيل وصيانة الري والمزروعات ومعالجة التشوه البصري بحديقة الملك فهد في المدينة المنورة,5,"التاريخ: 06/03/1448
الموافق: 19/08/2026",19/08/2026,"التاريخ: 07/04/1448
الموافق: 19/09/2026",19/09/2026,,امانة المدينة ادارة المنافسات والعقود,داخل المملكة,صيــانة الحدائق والمنتزهـات
1082803,2026-08-15T22:56:05.173176+00:00,500.00,اعمال الصيانة والنظافة والتشغيل لعدد (300) مسجد بمنطقة مكة المكرمة,5,"التاريخ: 03/03/1448
الموافق: 16/08/2026",16/08/2026,"التاريخ: 01/04/1448
الموافق: 13/09/2026",13/09/2026,,الرياض طريق الملك فهد,داخل المملكة,
1082806,2026-08-15T20:44:50.803171+00:00,2500.00,صيانة وتشغيل الخزانات الرئيسية وخطوط الامداد بالمرحلة الأولى والثانية والثالثة من خطوط المعالجة وصيانة الآبار بالمدينة المنورة.,5,"التاريخ: 17/03/1448
الموافق: 30/08/2026",30/08/2026,"التاريخ: 18/04/1448
الموافق: 30/09/2026",30/09/2026,,امانة المدينة ادارة المنافسات والعقود,داخل المملكة,صيانة وتشغيل أعمال المياه والصرف الصحي
1082809,2026-08-15T20:44:55.471599+00:00,2500.00,صيانة وتشغيل الخزانات الرئيسية وخطوط الامداد ونظام التحكم المركزي بالمرحلة الرابعة والخامسة وخط العاقول من خطوط المياه المعالجة بالمدينة المنورة,5,"التاريخ: 17/03/1448
الموافق: 30/08/2026",30/08/2026,"التاريخ: 18/04/1448
الموافق: 30/09/2026",30/09/2026,,امانة المدينة ادارة المنافسات والعقود,داخل المملكة,صيانة وتشغيل أعمال المياه والصرف الصحي
1082823,2026-08-15T22:11:41.623004+00:00,500.00,تقديم خدمات تنفيذية لقياس آراء المستفيدين عن جودة التعليم الجامعي، من خلال تنفيذ عمليات جمع البيانات وتحليلها ومعالجتها، وإعداد التقارير النتائجية وفق المواصفات الموضحة في الكراسة والملحقات.,5,"التاريخ: 15/02/1448
الموافق: 30/07/2026",30/07/2026,"التاريخ: 04/03/1448
الموافق: 17/08/2026",17/08/2026,,هيئة تقويم التعليم والتدريب (المبنى الرئيسي),داخل المملكة,
1082824,2026-08-15T19:44:40.010513+00:00,500.00,تعتزم الجهة تنفيذ مشروع تشغيل وصيانة أجهزة وبرامج الحاسب الالي عبر التعاقد مع مزود خدمة ذو اختصاص، يشمل نطاق المشروع تقديم خدمات متكاملة تهدف إلى رفع مستوى الجاهزية والاستمرارية للبنية التحتية الرقمية والانظمة، وضمان تقديم خدمات تقنية عالية الأداء وفق أفضل الممارسات والمعايير العالمية,5,"التاريخ: 05/03/1448
الموافق: 18/08/2026",18/08/2026,"التاريخ: 12/04/1448
الموافق: 24/09/2026",24/09/2026,,بلدية محافظة ينبع إدارة المشتريات والعقود,داخل المملكة,صيانة وتشغيل الأعمال الاكترونية
1082833,2026-08-15T21:12:38.655724+00:00,1000.00,"أولاً: الغرض من الإتفاقية هو إلتزام المتعاقد بالقيام بتوريد وتسليم  الأثاث المكتبي متضمنا أعمال الشحن والنقل وكافة أجور العمالة وجميع مايلزم لإنهاء الأعمال  وفقًا للشروط والمواصفات ووثائق الاتفاقية المبينة في البند رقم (2) من هذه الوثيقة وبموجب أوامر شراء.
ثانيًا: يحق للجهة الحكومية وبناءً على تقديرها الخاص لحاجتها أن تصدر إلى المتعاقد أوامر الشراء وفق الإجراءات المتفق عليها في البند رقم ‏4  من هذه الاتفاقية الإطارية ليقوم المتعاقد بتوريد الأصناف والمواد وفق التفاصيل المبينة في أمر الشراء.",5,"التاريخ: 28/02/1448
الموافق: 12/08/2026",12/08/2026,"التاريخ: 19/03/1448
الموافق: 01/09/2026",01/09/2026,,منصة اعتماد,داخل المملكة,
1082844,2026-08-15T22:53:23.991348+00:00,500.00,تعزيز مبدأ الشفافية والموثوقية مع المستفيدين من خلال مشاركة التقارير المالية ذات العلاقة بهم لإحاطتهم بالكيفية التي يتم فيها إدارة أموالهم والاستثمارات المحققة من تلك الأموال,5,"التاريخ: 22/02/1448
الموافق: 06/08/2026",06/08/2026,"التاريخ: 12/04/1448
الموافق: 24/09/2026",24/09/2026,,المقر الرئيس,داخل المملكة,
1082852,2026-08-15T22:11:46.607207+00:00,300.00,تشغيل وصيانة ونظافة محطات تحلية المياه ومعالجة مياه الصرف الصحي بميناء جازان,5,"التاريخ: 09/04/1448
الموافق: 21/09/2026",21/09/2026,"التاريخ: 23/05/1448
الموافق: 03/11/2026",03/11/2026,,الهيئة العامة للموانئ,داخل المملكة,صيانة وتشغيل أعمال المياه والصرف الصحي
1082899,2026-08-15T22:44:51.985377+00:00,1000.00,صيانة وتأهيل الشوارع والأرصفة لبلدية السهي,5,"التاريخ: 03/03/1448
الموافق: 16/08/2026",16/08/2026,"التاريخ: 15/04/1448
الموافق: 27/09/2026",27/09/2026,,بلدية أحد المسارحة,داخل المملكة,صيانة الطرق
1082914,2026-08-15T22:02:13.113533+00:00,1000.00,تهدف المنافسة إلى استئجار قوارب مجهزة لدعم أعمال الدوريات البحرية والبحث العلمي التابعة لهيئة تطوير محمية الأمير محمد بن سلمان الملكية بمحافظة الوجه.,5,"التاريخ: 03/03/1448
الموافق: 16/08/2026",16/08/2026,"التاريخ: 01/04/1448
الموافق: 13/09/2026",13/09/2026,,هيئة تطوير محمية الأمير محمد بن سلمان,داخل المملكة,
1082915,2026-08-15T19:10:18.503739+00:00,300.00,تأمين احتياجات المنشآت الطبية التابعة لتجمع الرياض الصحي الأول بمنطقة الرياض من المياه الصالحة للشرب و نزح مياه الصرف الصحي لكافة المستشفيات و المراكز الصحية و المرافق التابعة لها لمدة ( 36 ) شهر .,5,"التاريخ: 18/05/1448
الموافق: 29/10/2026",29/10/2026,"التاريخ: 15/07/1448
الموافق: 24/12/2026",24/12/2026,,الكترونيا عبر منصة اعتماد,داخل المملكة,
1082920,2026-08-15T20:57:52.424914+00:00,500.00,صيانة أنظـــمة الســــلامة بالمـــركــــز الحضـــــاري لبـــــلدية محــــافظـــــة ريـــــاض الخبــــــــراء,5,"التاريخ: 19/02/1448
الموافق: 03/08/2026",03/08/2026,"التاريخ: 22/02/1448
الموافق: 06/08/2026",06/08/2026,,بلدية محافظة رياض الخبراء,داخل المملكة,
1082926,2026-08-15T21:10:24.598507+00:00,0.00,تأمين قرنيات وأنسجة عينية للمدينة الطبية بجامعة الملك خالد,5,"التاريخ: 04/02/1448
الموافق: 19/07/2026",19/07/2026,"التاريخ: 12/02/1448
الموافق: 27/07/2026",27/07/2026,,جامعة الملك خالد بالفرعاء - الإدارة العامة للشؤون الإدارية والمالية,داخل المملكة,
1082943,2026-08-15T22:02:21.657699+00:00,0.00,ترغب دارة الملك عبد العزيز بتنفيذ وتصميم جناح الدارة في معرض جدة الدولي للكتاب لعام 2026م.,5,"التاريخ: 25/02/1448
الموافق: 09/08/2026",09/08/2026,"التاريخ: 26/02/1448
الموافق: 10/08/2026",10/08/2026,,منصه اعتماد,داخل المملكة,
1082958,2026-08-15T21:42:27.461984+00:00,0.00,يهدف المشروع إلى تعزيز الأمن السيبراني بالمؤسسة وتطوير قدراتها في مجابهة التحديات المتزايدة والمتغيرة.,5,"التاريخ: 11/02/1448
الموافق: 26/07/2026",26/07/2026,"التاريخ: 03/03/1448
الموافق: 16/08/2026",16/08/2026,,منصة اعتماد,داخل المملكة,
1082968,2026-08-15T22:56:12.322319+00:00,500.00,يعتبر مشروع شراء وتجديد رخص وتطبيقات تقنية المعلومات أحد الركائز الأساسية لضمان استمرارية الأعمال، ورفع مستوى الأمن السيبراني، وضمان الامتثال التنظيمي، ودعم التحول الرقمي داخل الهيئة. كما يساهم بشكل مباشر في تعزيز كفاءة البنية التحتية التقنية لتضمنه دعم فني وخدمات احترافيه لضمان عمل الأنظمة بشكل آمن، مستقر، ومتكامل.,5,"التاريخ: 05/02/1448
الموافق: 20/07/2026",20/07/2026,"التاريخ: 07/02/1448
الموافق: 22/07/2026",22/07/2026,,مقر الهيئة السعودية للسياحة,داخل المملكة,
1082975,2026-08-15T20:22:41.313402+00:00,250.00,توريد جهاز الطاقة الاحتياطية UPS وذلك للمحافظة والتأكد من إمدادات الطاقة الكهربائية في حال تأثرت الطاقة الكهربائية من المصدر وللحفاظ على المعدات والأجهزة.,5,"التاريخ: 10/03/1448
الموافق: 23/08/2026",23/08/2026,"التاريخ: 01/04/1448
الموافق: 13/09/2026",13/09/2026,,إدارة العقود مبنى 350مستشفى الأمير محمد بن عبد العزيز بالمدينة المنورة التابع للشؤون الصحية بوزارة الحرس الوطني,داخل المملكة,
1082994,2026-08-15T22:43:23.530332+00:00,500.00,تأمين عدد من الحافلات لنقل السجناء ( 48/26/60 ),5,"التاريخ: 08/02/1448
الموافق: 23/07/2026",23/07/2026,"التاريخ: 12/02/1448
الموافق: 27/07/2026",27/07/2026,,المديريه العامه للسجون طريق الدمام ادارة المنافسات,داخل المملكة,
1083009,2026-08-15T19:44:46.534375+00:00,500.00,"تنفيذ اعمال ازالة واستبدال انابيب البولى اثيلين الحالية والخاصة بنظام استرداد الطاقة للقاطرة رقم 26, بما يشمل التوريد والتركيب والفحص والاختبارات التشغيلية. وفقا للمواصفات الفنية المعتمدة, لضمان سلامة التشغيل الامن ورفع الاعتمادية.",5,"التاريخ: 13/03/1448
الموافق: 26/08/2026",26/08/2026,"التاريخ: 21/03/1448
الموافق: 03/09/2026",03/09/2026,,•	مكان فتح المظاريف للساحل الشرقي  البريد الإلكتروني الخاص للجنة فتح العروض بالساحل الشرقي – عدنان ( AAlshahab2@swcc.gov.sa  ) محمد ( Mal-huwaidi@swcc.gov.sa ) •	رقم التواصل / سكرتير اللجنة– عدنان الشهاب ( 84797 ) النائب – محمد ( 85631 ) رئيس اللجنة الأستاذ/ عبدالله ( 84999) •	مكان تسليم الضمان ( الأصل ) لجنة فحص العروض بالساحل الشرقي – الجبيل سكرتير اللجنة – يحيى ( 39203) النائب -  حمود ( 39233).,داخل المملكة,
1083011,2026-08-15T22:35:06.755188+00:00,1000.00,توريد وتركيب كاميرات المراقبة الأمنية لمباني ديوان الإمارة والمكتب الخاص ومحافظة الطائف (المرحلة الثالثة),5,"التاريخ: 22/02/1448
الموافق: 06/08/2026",06/08/2026,"التاريخ: 04/03/1448
الموافق: 17/08/2026",17/08/2026,,مكة المكرمة ديوان إمارة منطقة مكة المكرمة,داخل المملكة,
1083017,2026-08-15T21:29:23.946997+00:00,50.00,توريد اسمنت سائب,5,"التاريخ: 29/01/1448
الموافق: 14/07/2026",14/07/2026,"التاريخ: 27/03/1448
الموافق: 09/09/2026",09/09/2026,,ادارة مدينة الملك خالد بحفرالباطن,داخل المملكة,
1083018,2026-08-15T20:25:02.647663+00:00,500.00,تشغيل وصيانة ونظافة مباني فروع سجون منطقة مكة المكرمة,5,"التاريخ: 25/02/1448
الموافق: 09/08/2026",09/08/2026,"التاريخ: 28/02/1448
الموافق: 12/08/2026",12/08/2026,,المديريه العامه للسجون طريق الدمام  ادارة المنافسات,داخل المملكة,
1083025,2026-08-15T21:42:33.275137+00:00,100.00,يهدف هذا المشروع إلى تنفيذ برنامج شامل لنشر وترحيل وتشغيل خدمات Microsoft 365 E5 او ما يعادلها وحلول الذكاء الاصطناعي، بما يشمل نقل البيئة الحالية CSP إلى اتفاقية المؤسسية EA، ترحيل جميع أحمال العمل الإنتاجية، تمكين الأمن والامتثال، تفعيل Copilot او ما يعادلها، وتطوير حلول أتمتة وذكاء اصطناعي، إضافة إلى تشغيل بيئة Microsoft 365 E5 او ما يعادلها لمدة ثلاث سنوات وفق نموذج خدمات مُدارة.,5,"التاريخ: 11/02/1448
الموافق: 26/07/2026",26/07/2026,"التاريخ: 18/02/1448
الموافق: 02/08/2026",02/08/2026,,بالمنصة وعند العطل حسب النظام بالصندوق,داخل المملكة,
1083029,2026-08-15T20:14:31.085143+00:00,500.00,تحسين المشهد الحضري لمحور الأمير محمد بن سلمان,,"التاريخ: 05/03/1448
الموافق: 18/08/2026",18/08/2026,"التاريخ: 04/04/1448
الموافق: 16/09/2026",16/09/2026,,لا يوجد,داخل المملكة,"الحـــدائق, تنظيــم المواقــع, تشجير الشــوارع, الطــــرق"
1083034,2026-08-15T21:44:54.570830+00:00,500.00,"تعتزم جامعة الإمام محمد بن سعود الإسلامية على طرح منافسة باسم (توفير متطلبات الوصول لذوي الإعاقة لعدد (4 مباني).
تهدف هذه المنافسة إلى 
-	إعداد وتقديم واعتماد المخططات التنفيذية (Shop Drawings) لمتطلبات الوصول لذوي الإعاقة في أربعة كليات.
-	تركيب مسارات الإرشادية البارزة في أرضية هذه الكليات.
-	تركيب ابواب أتوماتيكية منزلقة.
-	تركيب خرائط صوتية في هذه الكليات.
-	تركيب نظام صوتي إرشادي بالمصاعد.
على ان يتم تنفيذ الاعمال وفقاً لمتطلبات الأكواد والمعايير المعتمدة لوصول ذوي الإعاقة.",5,"التاريخ: 14/05/1448
الموافق: 25/10/2026",25/10/2026,"التاريخ: 24/05/1448
الموافق: 04/11/2026",04/11/2026,,مبنى ادارة الجامعة الدور الرابع قاعة فتح العروض,داخل المملكة,
1083041,2026-08-15T21:54:02.009579+00:00,500.00,تشغيل وصيانة سفينة الأبحاث ( العزيزي ) وقارب علوم البحار لمدة ثلاث سنوات,5,"التاريخ: 20/03/1448
الموافق: 02/09/2026",02/09/2026,"التاريخ: 04/04/1448
الموافق: 16/09/2026",16/09/2026,,عبر منصة اعتماد,داخل المملكة,
1083058,2026-08-15T20:16:02.819619+00:00,0.00,توريد وتركيب مشمع وموكيت مساجد كلية الملك فهد البحرية,,"التاريخ: 19/02/1448
الموافق: 03/08/2026",03/08/2026,"التاريخ: 25/02/1448
الموافق: 09/08/2026",09/08/2026,,لا يوجد,داخل المملكة,
1083074,2026-08-15T22:56:18.716649+00:00,500.00,يهدف مشروع تقديم خدمات وإدارة الرقم الموحد لعملاء قطاع المياه والمستثمرين حسب نطاق العمل,5,"التاريخ: 08/04/1448
الموافق: 20/09/2026",20/09/2026,"التاريخ: 08/05/1448
الموافق: 19/10/2026",19/10/2026,,المؤسسة العامة لتحلية المياه المالحة – الرياض – العليا – طريق الملك فهد  الدور الرابع لجنة فتح المظاريف,داخل المملكة,
1083086,2026-08-15T22:31:08.807647+00:00,200.00,تقديم خدمات الدعم الفني لنظام الحقوق المالية لموظفي الدولة (صرف) ومواكبة التحديثات مع نظام صرف في وزارة المالية وتقنيات الربط لمدة ثلاث سنوات ميلادية,5,"التاريخ: 13/02/1448
الموافق: 28/07/2026",28/07/2026,"التاريخ: 20/02/1448
الموافق: 04/08/2026",04/08/2026,,مكة المكرمة جامعة ام القرى العابدية ادارة المشتريات والمناقصات مبي الادارة العامة الدور الثاني,داخل المملكة,
1083094,2026-08-15T21:21:50.493019+00:00,5000.00,( صيانة ومعالجة الحفر والأرصفة بأحياء العزيزية بمحافظة الخبر )  هذا العقد يشمل تنفيذ أعمال صيانة الحفر والارصفة بأحياء العزيزية محافظة الخبر نطاق العقد و(معالجة بلاغات 940) وتوريد المواد وتوفير المعدات والآليات اللازمة لذلك وإجراء كافة القياسات والاختبارات لضبط الجودة وتطبيق الإجراءات الخاصة بالسلامة وإصدار كافة أنواع التقارير الضرورية، ضمن هذا الإطار فهناك عدد من المتطلبات الرئيسية لتقديم العطاء وعلى المتقدم لهذا المشـروع التأكد من تحقيقها,5,"التاريخ: 07/03/1448
الموافق: 20/08/2026",20/08/2026,"التاريخ: 09/05/1448
الموافق: 20/10/2026",20/10/2026,,امانة المنطقة الشرقية,داخل المملكة,
1083096,2026-08-15T22:02:27.946886+00:00,0.00,تأمين حفار حسب جدول الكميات والمواصفات المطلوبة والشروط الخاصة,5,"التاريخ: 01/04/1448
الموافق: 13/09/2026",13/09/2026,"التاريخ: 02/05/1448
الموافق: 13/10/2026",13/10/2026,,قسم الميزانية والعقود بقيادة سلاح المهندسين بالقوات البرية,داخل المملكة,
1083097,2026-08-15T22:41:53.913966+00:00,0.00,تأمين شبك حسب جدول الكميات والمواصفات المطلوبة والشروط الخاصة,5,"التاريخ: 14/02/1448
الموافق: 29/07/2026",29/07/2026,"التاريخ: 01/03/1448
الموافق: 14/08/2026",14/08/2026,,قسم الميزانية والعقود بقيادة سلاح المهندسين بالقوات البرية,داخل المملكة,
1083112,2026-08-15T21:29:30.241187+00:00,0.00,توريد المواد وقطع الغيار مضخات الهيئة السعودية للمياه منظومة انتاج ينبع - الساحل الغربي 60020623,,"التاريخ: 14/02/1448
الموافق: 29/07/2026",29/07/2026,"التاريخ: 05/03/1448
الموافق: 18/08/2026",18/08/2026,,لا يوجد,داخل المملكة,
1083113,2026-08-15T23:37:55.022815+00:00,0.00,توريد المواد وقطع الغيار مضخات الهيئة السعودية للمياه منظومة انتاج القنفذة - الساحل الغربي 60020624,5,"التاريخ: 14/02/1448
الموافق: 29/07/2026",29/07/2026,"التاريخ: 13/03/1448
الموافق: 26/08/2026",26/08/2026,,الادارة التنفيذية للإمداد بالمركز الرئيسي بالرياض,داخل المملكة,
1083119,2026-08-15T18:30:49.801243+00:00,800.00,يعتبر بنك التنمية الاجتماعية أحد الركائز الحكومية الهامة في مجال دعم وتمويل المنشآت الصغيرة والناشئة لما يمثله ذلك من اهتمام الدولة رعاها الله في تنمية القطاع اقتصادياً. لذلك يعتزم طرح مشروع ضمان استمرارية اعمال برنامج الامتياز التجاري لرواد الاعمال لتمكين البنك من تحقيق أهدافه التمويلية والتنموية من خلال بناء منظومة متكاملة للامتياز التجاري، تدعم رواد الأعمال وتجذب العلامات التجارية العالمية والمحلية مع تطوير وتنفيذ استراتيجيات مبتكرة لزيادة قاعدة عملاء البنك من رواد الأعمال ورفع الوعي في قطاع الامتياز التجاري، وتعزيز محفظة تمويلات البنك بطرق تتوائم مع سياسات البنك واستراتيجيته.,5,"التاريخ: 15/02/1448
الموافق: 30/07/2026",30/07/2026,"التاريخ: 20/02/1448
الموافق: 04/08/2026",04/08/2026,,عبر منصة اعتماد,داخل المملكة,
1083129,2026-08-15T22:11:52.270881+00:00,1000.00,"اعداد الدراسات اللازمة وتقديم خطط لأغلاق لمرامي النفايات الصلبة بأمانة نجران والبلديات التابعة لها واعتمادها من المركز الوطني للرقابة على الالتزام البيئي حسب الأنظمة واللوائح المتاحة لديهم وكل ما يلزم لذلك
اعداد كراسات الشروط والموصفات لمعالجة واغلاق مرامي النفايات لاستعادة الأراضي بحسب اللائحة التنفيذية لنظام المشتريات الحكومية – كراسة مستقله لكل مردم على حده",5,"التاريخ: 06/03/1448
الموافق: 19/08/2026",19/08/2026,"التاريخ: 05/04/1448
الموافق: 17/09/2026",17/09/2026,,امانة نجران,داخل المملكة,
1083138,2026-08-15T23:40:00.040765+00:00,2500.00,الغرض من المشروع أعمال تطوير شبكة الإنارة بمحافظة القطيف ويشمل العمل (كل ما يحتاج الى انهاء الاعمال حسب مواصفات أمانة المنطقة الشرقية المدرجة ضمن ملحقات الكراسة والمخططات وجدول الكميات والمواصفات العامة والخاصة وتعليمات المهندس المشرف).,5,"التاريخ: 29/04/1448
الموافق: 11/10/2026",11/10/2026,"التاريخ: 15/05/1448
الموافق: 26/10/2026",26/10/2026,,بلدية محافظة القطيف,داخل المملكة,
1083167,2026-08-15T20:28:37.288363+00:00,0.00,"يتضمن المشروع تنفيذ أعمال توسعة مستودعات قائمة بما يشمل الأعمال المدنية والإنشائية والمعمارية والكهربائية والميكانيكية وأعمال السلامة، وذلك لزيادة الطاقة الاستيعابية للمستودعات وتحسين كفاءة التشغيل والتخزين وفقاً للمخططات المعتمدة وكود البناء السعودي والأنظمة واللوائح ذات العلاقة.
وتشمل الأعمال - على سبيل المثال لا الحصر - أعمال الحفر والردم وتسوية الموقع، وتنفيذ القواعد والأساسات والعناصر الخرسانية والإنشائية، وإنشاء الجدران والأسقف وأعمال العزل الحراري والمائي، وتنفيذ الأرضيات الصناعية، وتركيب الأبواب والمظلات إن وجدت، وتمديد شبكات الكهرباء والإنارة ومخارج القوى، وأنظمة التأريض والحماية، وأنظمة إنذار ومكافحة الحريق، بالإضافة إلى جميع الأعمال المكملة اللازمة لإنجاز المشروع وتشغيله وتسليمه جاهزاً للاستخدام على الوجه الأكمل.
كما يشمل نطاق المشروع توريد جميع المواد والمعدات والعمالة والأدوات اللازمة، وإجراء الاختبارات والفحوصات المطلوبة، وتقديم المخططات التنفيذية ومخططات ما بعد التنفيذ (As-Built Drawings)، وكتيبات التشغيل والصيانة، والحصول على الاعتمادات والتصاريح اللازمة من الجهات ذات العلاقة عند الحاجة",5,"التاريخ: 10/03/1448
الموافق: 23/08/2026",23/08/2026,"التاريخ: 17/03/1448
الموافق: 30/08/2026",30/08/2026,,المقر الرئيسي الرياض,داخل المملكة,
1083176,2026-08-15T19:27:32.940515+00:00,200.00,احتياج مستشفى إرادة والصحة النفسية بأبها للكساوي الصيفية والشتوية وأدوات العناية الشخصية لعام 2026م,5,"التاريخ: 25/03/1448
الموافق: 07/09/2026",07/09/2026,"التاريخ: 25/04/1448
الموافق: 07/10/2026",07/10/2026,,لجنة فحص العروض بتجمع عسير,داخل المملكة,
1083178,2026-08-15T22:42:42.996495+00:00,0.00,يهدف هذا المشروع إلى نقل وتطوير البنية التحتية الرقمية للمركز الوطني للصقور  إلى بيئة سحابية خاصة متطورة داخل المملكة العربية السعودية. يسعى المركز من خلال هذه الخطوة إلى بناء منصة تقنية حديثة تستفيد من تقنيات الجيل القادم .,5,"التاريخ: 03/03/1448
الموافق: 16/08/2026",16/08/2026,"التاريخ: 10/03/1448
الموافق: 23/08/2026",23/08/2026,,المقر الرئيسي الرياض,داخل المملكة,
1083180,2026-08-15T21:33:32.305713+00:00,300.00,عملية إعداد دراسات ومخططات المشاريع والصيانة,5,"التاريخ: 14/02/1448
الموافق: 29/07/2026",29/07/2026,"التاريخ: 21/02/1448
الموافق: 05/08/2026",05/08/2026,,بلدية محافظة بلقرن,داخل المملكة,
1083185,2026-08-15T20:55:01.028438+00:00,0.00,خدمة الكشف والاستجابة المدارة من الفئة الأولى -  الإستجابة لتغطية البيئات المحلية والبيئات السحابية,5,"التاريخ: 10/03/1448
الموافق: 23/08/2026",23/08/2026,"التاريخ: 17/03/1448
الموافق: 30/08/2026",30/08/2026,,المقر الرئيسي الرياض,داخل المملكة,
1083196,2026-08-15T22:51:55.814872+00:00,500.00,يسعى المركز السعودي للشراكات الاستراتيجية الدولية من خلال طرح هذا المشروع إلى الحصول على العروض من الشركات المؤهلة ذات الاختصاص والمعرفة في المجالات القانونية والأنظمة في المملكة بالإضافة الى المعرفة والممارسة في القانون والتعاون الدولي وذلك لتنفيذ مراجعة شاملة للوائح الحالية المنظمة لأعمال اللجان التحضيرية والتوجيهية للخطة التنفيذية لاستضافة المملكة مقار المنظمات الدولية والإقليمية واللجان الفرعية المنبثقة منها، وتوثيق نتائج ذلك في تقرير تحليلي للوضع الراهن وتحديد فجوات الامتثال والمواءمة بين الوضع القائم والمستهدف وتنفيذ مقارنة معيارية لعدد من اللجان المماثلة، بهدف الاستفادة من أفضل الممارسات والنماذج التنظيمية والتشغيلية ذات العلاقة، لبناء نموذج أكثر كفاءة ومواءمة مع طبيعة أعمال اللجان وأهدافها.  كما يستهدف المشروع تصميم وتوثيق دورة العمل الكاملة لطلبات وتكليفات وأعمال اللجان بما يضمن وضوح واستقرار التسلسل الإجرائي، ويحد من التباين في التطبيق بين الجهات المختلفة.  ويشمل المشروع بناء منهجية متكاملة وإطار عمل لقياس أداء لجان الخطة التنفيذية لاستضافة المملكة مقار المنظمات الدولية والاقليمية لمتابعة مخرجاتها،,5,"التاريخ: 28/02/1448
الموافق: 12/08/2026",12/08/2026,"التاريخ: 30/03/1448
الموافق: 12/09/2026",12/09/2026,,مقر المركز,داخل المملكة,
1083203,2026-08-15T20:34:17.948830+00:00,500.00,صيانة الحدائق - صيانة وري حدائق تبوك الشمالية,5,"التاريخ: 18/04/1448
الموافق: 30/09/2026",30/09/2026,"التاريخ: 22/07/1448
الموافق: 31/12/2026",31/12/2026,,الكترونياً من خلال منصة اعتماد,داخل المملكة,
1083205,2026-08-15T22:09:04.481870+00:00,0.00,تجديد تراخيص نظام إدارة الاستثمارات والأصول المالية، وتقديم الخدمات الاحترافية والدعم الفني والتشغيل والصيانة والتطوير، لضمان استمرارية وكفاءة عمل النظام خلال مدة العقد.,5,"التاريخ: 27/01/1448
الموافق: 12/07/2026",12/07/2026,"التاريخ: 04/02/1448
الموافق: 19/07/2026",19/07/2026,,مقر صندوق البيئة الرياض حي قرطبه الدور الثاني,داخل المملكة,
1083206,2026-08-15T20:22:18.982050+00:00,500.00,صيانة وإصلاح الجسور والأنفاق بمدينة تبوك,5,"التاريخ: 21/07/1448
الموافق: 30/12/2026",30/12/2026,"التاريخ: 22/07/1448
الموافق: 31/12/2026",31/12/2026,,الكترونياً من خلال منصة اعتماد,داخل المملكة,
1083208,2026-08-15T21:23:07.744638+00:00,300.00,يسعى مركز مشاريع البنية التحتية بمنطقة الرياض لتوفير أنظمة ورخص تطبيقات للبنية التحتية التقنية لمدة 3 سنوات,5,"التاريخ: 06/02/1448
الموافق: 21/07/2026",21/07/2026,"التاريخ: 20/02/1448
الموافق: 04/08/2026",04/08/2026,,مركز مشاريع البنية التحتية بمنطقة الرياض,داخل المملكة,
1083223,2026-08-15T21:28:59.951934+00:00,0.00,توريد قطع غيار سيارات استهلاكية لقسم الادارة الهندسية بالظهران,,"التاريخ: 15/01/1448
الموافق: 30/06/2026",30/06/2026,"التاريخ: 22/01/1448
الموافق: 07/07/2026",07/07/2026,,لا يوجد,داخل المملكة,
1083243,2026-08-15T22:56:24.925904+00:00,0.00,"Data Logger -  NON STOCK ITEMS FOR PMBAH MADINAH
167395",,"التاريخ: 18/02/1448
الموافق: 02/08/2026",02/08/2026,"التاريخ: 19/03/1448
الموافق: 01/09/2026",01/09/2026,,لا يوجد,داخل المملكة,
1083244,2026-08-15T22:56:32.836039+00:00,0.00,"Probe Thermometer -  NON STOCK ITEMS FOR PMBAH MADINAH
167025",,"التاريخ: 18/02/1448
الموافق: 02/08/2026",02/08/2026,"التاريخ: 19/03/1448
الموافق: 01/09/2026",01/09/2026,,لا يوجد,داخل المملكة,
1083247,2026-08-15T22:44:59.506764+00:00,0.00,Real Cool Snoop Liquid leak detector 236ml bottle,,"التاريخ: 18/02/1448
الموافق: 02/08/2026",02/08/2026,"التاريخ: 19/03/1448
الموافق: 01/09/2026",01/09/2026,,لا يوجد,داخل المملكة,
1083248,2026-08-15T22:45:06.045855+00:00,0.00,"Window ZSU2 2nd Fix.
Split Rings Emergency Pull Up Covers.",,"التاريخ: 18/02/1448
الموافق: 02/08/2026",02/08/2026,"التاريخ: 19/03/1448
الموافق: 01/09/2026",01/09/2026,,لا يوجد,داخل المملكة,
1083251,2026-08-15T22:53:32.787321+00:00,0.00,Ergotron Sit-Stand Vertical Lift - NON STOCK ITEMS FOR PMBAH MADINAH,,"التاريخ: 18/02/1448
الموافق: 02/08/2026",02/08/2026,"التاريخ: 19/03/1448
الموافق: 01/09/2026",01/09/2026,,لا يوجد,داخل المملكة,
1083253,2026-08-15T22:53:38.775812+00:00,0.00,IDEAL SHREDDER 2240/PERSONAL CROSS CUT 5/6 SH,,"التاريخ: 18/02/1448
الموافق: 02/08/2026",02/08/2026,"التاريخ: 19/03/1448
الموافق: 01/09/2026",01/09/2026,,لا يوجد,داخل المملكة,
1083269,2026-08-15T22:09:10.432496+00:00,500.00,لحاجة بلدية المظيلف الى توريد ديزل لتغذية محطة بلدية المظيلف,10,"التاريخ: 27/01/1448
الموافق: 12/07/2026",12/07/2026,"التاريخ: 04/02/1448
الموافق: 19/07/2026",19/07/2026,,بلدية المظيلف,داخل المملكة,
1083270,2026-08-15T22:09:17.806839+00:00,500.00,توريد بنزين من نوع 91لتغذية محطة بلدية المظيلف .,10,"التاريخ: 25/01/1448
الموافق: 10/07/2026",10/07/2026,"التاريخ: 04/02/1448
الموافق: 19/07/2026",19/07/2026,,بلدية المظيلف,داخل المملكة,
1083308,2026-08-15T23:04:38.446217+00:00,500.00,عملية خدمات واحتياجات مركبات إمارة المنطقة الشرقية,5,"التاريخ: 27/01/1448
الموافق: 12/07/2026",12/07/2026,"التاريخ: 29/01/1448
الموافق: 14/07/2026",14/07/2026,,إدارة المشتريات بالإمارة,داخل المملكة,
1083310,2026-08-15T23:40:06.001521+00:00,300.00,توريد أدوات سباكة بلدية رنية,5,"التاريخ: 28/02/1448
الموافق: 12/08/2026",12/08/2026,"التاريخ: 01/04/1448
الموافق: 13/09/2026",13/09/2026,,بلدية رنيه,داخل المملكة,
1083315,2026-08-15T22:24:44.026147+00:00,3000.00,حاجة العملية التعليمية بجامعة حفر الباطن,5,"التاريخ: 07/02/1448
الموافق: 22/07/2026",22/07/2026,"التاريخ: 18/02/1448
الموافق: 02/08/2026",02/08/2026,,جامعة حفرالباطن,داخل المملكة,
1083322,2026-08-15T23:20:30.843259+00:00,500.00,أعمال استبدال وتوريد وتركيب اجهزة التكييف بالكلية التقنية بالمجمعة,5,"التاريخ: 22/04/1448
الموافق: 04/10/2026",04/10/2026,"التاريخ: 29/04/1448
الموافق: 11/10/2026",11/10/2026,,المنصة,داخل المملكة,
1083330,2026-08-15T21:45:02.525030+00:00,1000.00,التعاقد مع مورد مؤهل ومتخصص لتقديم خدمات الدعم الفني والتشغيل والصيانة لتقنية المعلومات، بما يضمن استمرارية وكفاءة عمل البنية التحتية والأنظمة الحالية في المركز الوطني للتنمية الصناعية. ويشمل ذلك تقديم خدمات المساندة الفنية، وإدارة الأجهزة والبرمجيات، ومعالجة الأعطال، والصيانة الدورية، إضافةً إلى توفير التدريب على الأنظمة ونقل العرفة..,5,"التاريخ: 11/02/1448
الموافق: 26/07/2026",26/07/2026,"التاريخ: 13/02/1448
الموافق: 28/07/2026",28/07/2026,,مقر المركز - مجمع اليسن فالي مبنى رقم 17 حي أم الحمام,داخل المملكة,
1083346,2026-08-15T21:45:09.870638+00:00,500.00,- الغرض من هذه المنافسة هو القيام بصيانة ونظافة الطرق الرئيسية وأعمال الزراعة بمعسكرات خشم العان ويشمل ذلك تقديم المواد والمعدات والعمال وجميع الأشياء اللازمة لأعمال المشروع وفقاً لشروط العقد ووثائقه (لمدة 36 شهراً ميلادياً).,5,"التاريخ: 07/05/1448
الموافق: 18/10/2026",18/10/2026,"التاريخ: 22/05/1448
الموافق: 02/11/2026",02/11/2026,,المبنى الرئيسي - الدور الرابع - قاعة رقم 4066,داخل المملكة,
1083366,2026-08-15T18:31:51.605466+00:00,0.00,فحص واصلاح رادار لسفن جلالة الملك لمركز التموين البحري بالاسطول الشرقي,,"التاريخ: 12/01/1448
الموافق: 27/06/2026",27/06/2026,"التاريخ: 13/01/1448
الموافق: 28/06/2026",28/06/2026,,لا يوجد,داخل المملكة,
1083381,2026-08-15T22:02:34.573644+00:00,200.00,توريد محروقات ديزل لبلدية المجمعة,5,"التاريخ: 11/02/1448
الموافق: 26/07/2026",26/07/2026,"التاريخ: 14/02/1448
الموافق: 29/07/2026",29/07/2026,,بلدية محافظة المجمعة,داخل المملكة,
1083387,2026-08-15T23:05:57.131074+00:00,500.00,صيانة الارصفة والشوارع والانارة (صيانة الانارة عقد بديل),5,"التاريخ: 04/02/1448
الموافق: 19/07/2026",19/07/2026,"التاريخ: 05/02/1448
الموافق: 20/07/2026",20/07/2026,,بلدية بيش,داخل المملكة,
1083391,2026-08-15T19:42:08.076056+00:00,0.00,تطوير أقسام التنويم الداخلية وتركيب شاشات ذكية تعريفية لعدد 12 مستشفى بتجمع نجران الصحي,5,"التاريخ: 23/01/1448
الموافق: 08/07/2026",08/07/2026,"التاريخ: 24/01/1448
الموافق: 09/07/2026",09/07/2026,,تجمع صحي منطقة نجران,داخل المملكة,
1083394,2026-08-15T23:29:38.658585+00:00,200.00,ترميم وصيانة عدة مساجد بقاعدة الملك عبدالعزيز البحرية بالحبيل,5,"التاريخ: 25/02/1448
الموافق: 09/08/2026",09/08/2026,"التاريخ: 27/03/1448
الموافق: 09/09/2026",09/09/2026,,اعتماد,داخل المملكة,
1083411,2026-08-15T21:42:40.228849+00:00,0.00,توريد مستلزمات حاسب آلي لإدارة تشغيل وصيانة المنشآت العسكرية بمنطقة المدينة المنورة,,"التاريخ: 16/01/1448
الموافق: 01/07/2026",01/07/2026,"التاريخ: 20/01/1448
الموافق: 05/07/2026",05/07/2026,,لا يوجد,داخل المملكة,
1083422,2026-08-15T22:31:16.284325+00:00,0.00,تأمين قطع غيار لعدد (٢٨) آلية لزوم فرع الإمداد والتموين بمكة المكرمة,,"التاريخ: 24/01/1448
الموافق: 09/07/2026",09/07/2026,"التاريخ: 29/01/1448
الموافق: 14/07/2026",14/07/2026,,لا يوجد,داخل المملكة,
1083438,2026-08-15T22:45:13.504122+00:00,0.00,تحديث قسم الاطفال (1) بمستشفى الولادة والأطفال بتجمع نجران الصحي,5,"التاريخ: 04/02/1448
الموافق: 19/07/2026",19/07/2026,"التاريخ: 05/02/1448
الموافق: 20/07/2026",20/07/2026,,تجمع صحي منطقة نجران,داخل المملكة,
1083440,2026-08-15T22:45:22.442294+00:00,0.00,تحديث قسم الاطفال (2) بمستشفى الولادة والأطفال بتجمع نجران الصحي,5,"التاريخ: 04/02/1448
الموافق: 19/07/2026",19/07/2026,"التاريخ: 05/02/1448
الموافق: 20/07/2026",20/07/2026,,تجمع صحي منطقة نجران,داخل المملكة,
1083446,2026-08-15T20:44:11.638481+00:00,0.00,اتفاقية اطارية لقطع غيار المركبات وعربات الجولف بالهيئة العامة للعناية بشؤون المسجد الحرام والمسجد النبوي,5,"التاريخ: 03/02/1448
الموافق: 18/07/2026",18/07/2026,"التاريخ: 08/02/1448
الموافق: 23/07/2026",23/07/2026,,يتم فتح العروض إلكترونيا,داخل المملكة,
1083452,2026-08-15T22:43:29.654322+00:00,200.00,توريد مستلزمات صيانة الحدائق والمسطحات الخضراء والمشتل,5,"التاريخ: 29/01/1448
الموافق: 14/07/2026",14/07/2026,"التاريخ: 06/02/1448
الموافق: 21/07/2026",21/07/2026,,بلدية محافظة بلقرن,داخل المملكة,
1083453,2026-08-15T22:56:39.883518+00:00,0.00,صيانة معدات مساندة ونقل بكتيبة الدفاع الجوي (120) بينبع,,"التاريخ: 08/02/1448
الموافق: 23/07/2026",23/07/2026,"التاريخ: 11/02/1448
الموافق: 26/07/2026",26/07/2026,,لا يوجد,داخل المملكة,
1083460,2026-08-15T22:56:46.829749+00:00,0.00,صيانة مظلات بكتيبة الدفاع الجوي (120) بينبع,,"التاريخ: 08/02/1448
الموافق: 23/07/2026",23/07/2026,"التاريخ: 11/02/1448
الموافق: 26/07/2026",26/07/2026,,لا يوجد,داخل المملكة,
1083462,2026-08-15T22:56:54.776628+00:00,0.00,صيانة مولدات بكتيبة الدفاع الجوي (120) بينبع,,"التاريخ: 08/02/1448
الموافق: 23/07/2026",23/07/2026,"التاريخ: 11/02/1448
الموافق: 26/07/2026",26/07/2026,,لا يوجد,داخل المملكة,
1083464,2026-08-15T22:57:01.324487+00:00,0.00,صيانة مكيفات بكتيبة الدفاع الجوي (120) بينبع,,"التاريخ: 08/02/1448
الموافق: 23/07/2026",23/07/2026,"التاريخ: 11/02/1448
الموافق: 26/07/2026",26/07/2026,,لا يوجد,داخل المملكة,
1083483,2026-08-15T23:38:01.225532+00:00,1000.00,إجراء الصيانة الدورية مع قطع الغيار لجميع الآلات الطباعة الرقمية وجهاز المقص وآلة التغليف وآلة السلوفان في المركز الرئيسي والفروع .,5,"التاريخ: 14/02/1448
الموافق: 29/07/2026",29/07/2026,"التاريخ: 21/02/1448
الموافق: 05/08/2026",05/08/2026,,منصة اعتماد,داخل المملكة,
1083490,2026-08-15T22:51:14.000323+00:00,500.00,1/ رفع كفاءة انجاز المعاملات 2/ توفير اجراء سريع وامن 3/ الدقة في الحصول على المعلومات,5,"التاريخ: 29/02/1448
الموافق: 13/08/2026",13/08/2026,"التاريخ: 02/05/1448
الموافق: 13/10/2026",13/10/2026,,ادارة المشتريات - المبنى الاداري- بوابة رقم 1,داخل المملكة,
1083500,2026-08-15T20:45:01.779062+00:00,500.00,اعمال التشغيل و الصيانة لدورات المياة العامة نطاق شمال مدينة حائل,5,"التاريخ: 19/02/1448
الموافق: 03/08/2026",03/08/2026,"التاريخ: 24/02/1448
الموافق: 08/08/2026",08/08/2026,,أمانة منطقة حائل,داخل المملكة,
1083504,2026-08-15T20:45:08.297494+00:00,500.00,اعمال التشغيل و الصيانة لدورات المياة العامة نطاق جنوب مدينة حائل,5,"التاريخ: 19/02/1448
الموافق: 03/08/2026",03/08/2026,"التاريخ: 25/02/1448
الموافق: 09/08/2026",09/08/2026,,امانة منطقة حائل,داخل المملكة,
1083505,2026-08-15T21:45:16.285563+00:00,500.00,تشغيل وصيانه المزروعات في نطاق المواقع المستلمه من وزارة النقل والخدمات اللوجستية بمدينة حائل,5,"التاريخ: 11/02/1448
الموافق: 26/07/2026",26/07/2026,"التاريخ: 18/02/1448
الموافق: 02/08/2026",02/08/2026,,امانة منطقة حائل,داخل المملكة,
1083517,2026-08-15T21:54:38.765486+00:00,2000.00,تقديم خدمات التشغيل والصيانة والنظافة للحفاظ على ممتلكات الهيئة وتوفير بيئة عمل آمنة وصحية لمنسوبي الهيئة.,5,"التاريخ: 04/03/1448
الموافق: 17/08/2026",17/08/2026,"التاريخ: 17/04/1448
الموافق: 29/09/2026",29/09/2026,,الكتروني عبر منصة اعتماد,داخل المملكة,
1083524,2026-08-15T21:40:18.774724+00:00,100.00,توريد وتركيب مولدات احتياطية لمواقع الرصد الجوي التابعة لقاعدة الملك فهد الجوية بالقطاع الغربي,5,"التاريخ: 08/05/1448
الموافق: 19/10/2026",19/10/2026,"التاريخ: 15/05/1448
الموافق: 26/10/2026",26/10/2026,,لجنة فتح العروض بقيادة القوات الجوية الجناح الشرقي,داخل المملكة,محطات تحويل الطاقة
1083528,2026-08-15T22:57:09.948120+00:00,0.00,"بشأن تأمين صامولة ,,,,,,,,,,,,,,,,,,,,,,,,,,,,,,,,,,,,,",,"التاريخ: 29/01/1448
الموافق: 14/07/2026",14/07/2026,"التاريخ: 30/01/1448
الموافق: 15/07/2026",15/07/2026,,لا يوجد,داخل المملكة,
1083532,2026-08-15T21:55:07.328806+00:00,300.00,"يهدف المشروع إلى تطوير وتطبيق مجموعة من الحلول الرقمية التي تساعد على إدارة الأعمال والعمليات داخل البرنامج بشكل أسهل وأكثر كفاءة، سواء في الخدمات المقدمة للمستفيدين أو في الأعمال الإدارية الداخلية.
يشمل ذلك تنظيم الإجراءات، وأتمتة سير العمل، وربط البيانات والأنظمة المختلفة، بما يسهم في تسهيل إدارة الطلبات والمنتجات والمشاريع وضمان جودة العمل والالتزام بالسياسات المعتمدة.
كما يتضمن المشروع وضع آليات واضحة لإدارة العمليات والمستخدمين والصلاحيات، إضافة إلى توفير التراخيص والاختبارات اللازمة لضمان جاهزية الأنظمة واستمرارية تشغيلها بكفاءة.",5,"التاريخ: 12/03/1448
الموافق: 25/08/2026",25/08/2026,"التاريخ: 03/04/1448
الموافق: 15/09/2026",15/09/2026,,وزارة الاتصالات وتقنية المعلومات,داخل المملكة,
1083538,2026-08-15T23:16:16.395250+00:00,0.00,تامين محروقات للبلدية,5,"التاريخ: 30/01/1448
الموافق: 15/07/2026",15/07/2026,"التاريخ: 01/02/1448
الموافق: 16/07/2026",16/07/2026,,بلدية ابو راكة,داخل المملكة,
1083547,2026-08-15T20:23:45.571541+00:00,500.00,إعادة التقييم التقني والدعم الفني لمحرك أهلية المنتجات وهو محرك يعمل على طريقة الذكاء الاصطناعي وذلك لغرض تقييم العميل بناء على مدخلات العميل مثل (العمر، الجنس، الراتب، ....الخ) وترشيح المنتجات للعميل بناء على نتيجة التقييم.,5,"التاريخ: 11/02/1448
الموافق: 26/07/2026",26/07/2026,"التاريخ: 18/02/1448
الموافق: 02/08/2026",02/08/2026,,عبر منصة اعتماد,داخل المملكة,
1083549,2026-08-15T21:09:50.012624+00:00,200.00,في إطار حرص بنك التنمية الاجتماعية على تجديد الصيانة والدعم الفني لنظام المحتوى الوثائقي مما يتيح المرونة في انهاء الأعمال اليومية ، لذا يسعى بنك التنمية للتعاقد مع جهة لديها الخبرة والقدرة على توفير وتقديم خدمات الدعم الفني والصيانة للنظام ومساعدة البنك في إدارة وتشغيل وتطوير النظام.,5,"التاريخ: 15/02/1448
الموافق: 30/07/2026",30/07/2026,"التاريخ: 03/03/1448
الموافق: 16/08/2026",16/08/2026,,عبر منصة اعتماد,داخل المملكة,
1083551,2026-08-15T18:58:12.561260+00:00,0.00,توريد مواد كيميائية وثلاجة لحفظ وتخزين المواد.,,"التاريخ: 21/01/1448
الموافق: 06/07/2026",06/07/2026,"التاريخ: 27/01/1448
الموافق: 12/07/2026",12/07/2026,,لا يوجد,داخل المملكة,
1083552,2026-08-15T18:34:29.217403+00:00,5000.00,إن الغرض من هذه المنافسة هو تنفيذ مشروع فتح وتمهيد وصيانة الطرق الترابية بالمنطقة الشرقية بحسب ما هو محدد في الشروط الخاصة والمواصفات الخاصة للطرق التي سيتم تنفيذ العمل عليها وجداول الكميات المرفقة وتنفيذ أعمال الصيانة الإصلاحية التي تحتاج إليها تلك الطرق ويبلغ بها المقاول من قبل صاحب العمل ولمدة (60) شهر ميلادي,5,"التاريخ: 01/04/1448
الموافق: 13/09/2026",13/09/2026,"التاريخ: 02/05/1448
الموافق: 13/10/2026",13/10/2026,,منصة اعتماد,داخل المملكة,"صيانة الطرق, الطــــرق, إنشاء الطرق وتشمل (الأعمال الترابية الردم والتسوية والدك)"
1083565,2026-08-15T23:27:05.580703+00:00,0.00,"تأمين مستلزمات لمستشفيات الملك سلمان للقوات المسلحة بالمنطقة ,,الشمالية الغربية بتبوكـــــــ",,"التاريخ: 08/02/1448
الموافق: 23/07/2026",23/07/2026,"التاريخ: 12/04/1448
الموافق: 24/09/2026",24/09/2026,,لا يوجد,داخل المملكة,
1083583,2026-08-15T19:17:35.439885+00:00,500.00,توريد مواد الكهرباء لإدارة المشاريع والمرافق وصيانة المباني في مدينة الملك عبد العزيز الطبية بالرياض التابعة للشؤون الصحية بوزارة الحرس الوطني (حسب الطلب),5,"التاريخ: 24/03/1448
الموافق: 06/09/2026",06/09/2026,"التاريخ: 22/04/1448
الموافق: 04/10/2026",04/10/2026,,ادارة المشتريات - المبنى الاداري- بوابة رقم 1,داخل المملكة,
1083594,2026-08-15T22:35:13.976535+00:00,0.00,منافسة تقديم خدمة الصيانة الوقائية الدورية والتصحيحية مع توفير قطع الغيار لأجهزة الحواقن الطبية مدراد المستخدمة في قسم التصوير الطبي في مستشفى الملك عبد العزيز التابعة للشؤون الصحية بوزارة الحرس الوطني,,"التاريخ: 28/02/1448
الموافق: 12/08/2026",12/08/2026,"التاريخ: 01/04/1448
الموافق: 13/09/2026",13/09/2026,,لا يوجد,داخل المملكة,
1083630,2026-08-15T21:10:30.895925+00:00,500.00,إستكمال إنشاء مستودع سلاح وملحقاته بميناء رأس مشعاب العسكري,5,"التاريخ: 07/05/1448
الموافق: 18/10/2026",18/10/2026,"التاريخ: 09/08/1448
الموافق: 17/01/2027",17/01/2027,,الإدارة الهندسية والأشغال,داخل المملكة,
1083631,2026-08-15T20:25:08.538335+00:00,500.00,إنشاء مركز اختبارات إلكتروني بمدارس القوات البحرية بقاعدة الملك عبدالعزيز البحرية بالجبيل,5,"التاريخ: 14/05/1448
الموافق: 25/10/2026",25/10/2026,"التاريخ: 09/08/1448
الموافق: 17/01/2027",17/01/2027,,الإدارة الهندسية والأشغال,داخل المملكة,
1083659,2026-08-15T23:38:10.304944+00:00,0.00,توريد وتأمين قطع غيار السيارات التابعة لمديرية مكافحة المخدرات بمنطقة الحدود الشمالية,,"التاريخ: 16/01/1448
الموافق: 01/07/2026",01/07/2026,"التاريخ: 17/01/1448
الموافق: 02/07/2026",02/07/2026,,لا يوجد,داخل المملكة,"صيانة وتشغيل الأعمال الميكانيكيـة, الأعمال الميكانيكية"
1083666,2026-08-15T19:20:33.472062+00:00,200.00,توريد برامج ورخص للجامعة لضمان سير واستمرار العملية التعليمية,5,"التاريخ: 10/03/1448
الموافق: 23/08/2026",23/08/2026,"التاريخ: 20/03/1448
الموافق: 02/09/2026",02/09/2026,,جامعة ام القرى - ادارة المشتريات والمناقصات,داخل المملكة,
1083676,2026-08-15T20:35:12.257204+00:00,500.00,تشغيل وصيانة وسائل السلامة بمباني جامعة الباحة,5,"التاريخ: 27/02/1448
الموافق: 11/08/2026",11/08/2026,"التاريخ: 29/02/1448
الموافق: 13/08/2026",13/08/2026,,المشتريات,داخل المملكة,
1083680,2026-08-15T18:44:15.869209+00:00,0.00,فلاتر طبية لجهاز zenotec cyclonh,,"التاريخ: 20/01/1448
الموافق: 05/07/2026",05/07/2026,"التاريخ: 22/01/1448
الموافق: 07/07/2026",07/07/2026,,لا يوجد,داخل المملكة,
1083691,2026-08-15T21:12:45.226300+00:00,0.00,توريد صمامات لأنظمة نقل الجبيل 60020597,5,"التاريخ: 14/02/1448
الموافق: 29/07/2026",29/07/2026,"التاريخ: 15/02/1448
الموافق: 30/07/2026",30/07/2026,,المؤسسة العامة لتحلية المياه المالحة – الرياض – العليا – طريق الملك فهد الدور الرابع لجنة فتح المظاريف,داخل المملكة,
1083692,2026-08-15T22:35:21.422463+00:00,0.00,توريد وتركيب وحدات عمل مكتبية بمبنى إدارة خدمات الأسكان رقم 325 بمستشفى الملك عبدالعزيز بالأحساء التابع للشؤون الصحية لوزارة الحرس الوطني,,"التاريخ: 06/03/1448
الموافق: 19/08/2026",19/08/2026,"التاريخ: 07/04/1448
الموافق: 19/09/2026",19/09/2026,,لا يوجد,داخل المملكة,
1083698,2026-08-15T23:29:46.093662+00:00,0.00,تأمين وتركيب نظام صوتي ومرئي لإدارة الاجتماعات لأمانة الطائف,,"التاريخ: 29/02/1448
الموافق: 13/08/2026",13/08/2026,"التاريخ: 14/03/1448
الموافق: 27/08/2026",27/08/2026,,لا يوجد,داخل المملكة,
1083701,2026-08-15T23:40:11.522752+00:00,0.00,توريد قطع غيار ميكانيكية لمنظومة انتاج الشعيبة 60020603,5,"التاريخ: 30/01/1448
الموافق: 15/07/2026",15/07/2026,"التاريخ: 15/02/1448
الموافق: 30/07/2026",30/07/2026,,المؤسسة العامة لتحلية المياه المالحة – الرياض – العليا – طريق الملك فهد الدور الرابع لجنة فتح المظاريف,داخل المملكة,
1083709,2026-08-15T20:16:10.357046+00:00,200.00,صيانة نظام وخوادم السنترال والهاتف الرقمي وملحقاتها من خلال عقد صيانة وتشغيل لجميع المتطلبات الفنية الموجودة في المنافسة,5,"التاريخ: 22/04/1448
الموافق: 04/10/2026",04/10/2026,"التاريخ: 23/04/1448
الموافق: 05/10/2026",05/10/2026,,الكترونيا عبر منصة اعتماد,داخل المملكة,
1083717,2026-08-15T23:20:36.629323+00:00,500.00,تعديلات مبنى كلية التربية والآداب,5,"التاريخ: 25/02/1448
الموافق: 09/08/2026",09/08/2026,"التاريخ: 03/03/1448
الموافق: 16/08/2026",16/08/2026,,إدارة العقود والمشتريات,داخل المملكة,
1083740,2026-08-15T21:33:38.265726+00:00,0.00,تأمين وتوريد كاميرات الأمن ومستلزماته,,"التاريخ: 07/02/1448
الموافق: 22/07/2026",22/07/2026,"التاريخ: 08/02/1448
الموافق: 23/07/2026",23/07/2026,,لا يوجد,داخل المملكة,"صيانة المباني, المبـــاني"
1083743,2026-08-15T22:43:37.151468+00:00,1000.00,بشأن حاجة البلدية إلى صيانة الشاشات الإعلانية والمرافق التابعة,5,"التاريخ: 19/02/1448
الموافق: 03/08/2026",03/08/2026,"التاريخ: 29/02/1448
الموافق: 13/08/2026",13/08/2026,,بلدية قنا,داخل المملكة,
1083752,2026-08-15T21:28:37.733026+00:00,500.00,تنفيذ اختبارات تحديد الابوة  DNA fingerprint,5,"التاريخ: 19/02/1448
الموافق: 03/08/2026",03/08/2026,"التاريخ: 29/02/1448
الموافق: 13/08/2026",13/08/2026,,المنصة الالكترونية,داخل المملكة,
1083762,2026-08-15T22:52:09.601562+00:00,300.00,تجديد رخص نظام الحماية,5,"التاريخ: 14/02/1448
الموافق: 29/07/2026",29/07/2026,"التاريخ: 05/03/1448
الموافق: 18/08/2026",18/08/2026,,منصة اعتماد,داخل المملكة,
1083774,2026-08-15T22:35:29.819917+00:00,100.00,توريد مواد الصيانة اليومية,5,"التاريخ: 25/02/1448
الموافق: 09/08/2026",09/08/2026,"التاريخ: 26/03/1448
الموافق: 08/09/2026",08/09/2026,,اعتماد,داخل المملكة,
1083775,2026-08-15T23:10:42.829964+00:00,0.00,توريد أجهزة قياس الجهد والتيار مع كامل الاكسسوارات,,"التاريخ: 11/02/1448
الموافق: 26/07/2026",26/07/2026,"التاريخ: 03/03/1448
الموافق: 16/08/2026",16/08/2026,,لا يوجد,داخل المملكة,
1083777,2026-08-15T22:02:41.759545+00:00,300.00,مشروع صيانة وتطوير تقاطع طريق محول البدائع مع طريق الملك فيصل بالبدائع,5,"التاريخ: 18/02/1448
الموافق: 02/08/2026",02/08/2026,"التاريخ: 19/02/1448
الموافق: 03/08/2026",03/08/2026,,إدارة المشتريات والمناقصات ببلدية البدائع,داخل المملكة,"صيانة الطرق, الطــــرق"
1083778,2026-08-15T21:24:25.744498+00:00,1000.00,صيانة ونظافة مباني قوة أمن المنشآت بمنطقة مكة المكرمة والمحافظات التابعة لها,5,"التاريخ: 11/05/1448
الموافق: 22/10/2026",22/10/2026,"التاريخ: 12/06/1448
الموافق: 22/11/2026",22/11/2026,,الرياض – مبنى قيادة قوات أمن المنشآت الجديد - طريق الدمام,داخل المملكة,
1083796,2026-08-15T20:08:40.177231+00:00,2000.00,الغرض من المشروع هو القيام بمشروع بديل لتشغيل وصيانة شبكات تصريف مياه الأمطار بمحافظة القطيف للأعوام 2026-2029م المرحلة الاولى وفق المخططات وتشمل شبكات تصريف مياه الأمطار ومحطات الضخ  بمحافظة القطيف (مـدينة القطيف ، مـدينة سيهات ، مـدينة صفوى ، مـدينة تاروت ، مـدينة عنك ، الجش) ويشمل العقد أيضاَ توفير المواد والمعدات والأيدي العاملة للتشغيل والصيانة وكذلك يشمل تمديدات تصريف مياه الأمطار الجديدة التي يتم تنفيذها من قبل المقاول في مواقع تجمعات المياه لتحسين وتطوير الشبكة علماً بأن أعمال التشغيل والصيانة تشمل ما هو قائم حالياً أو ما يستجد أثناء فترة سريان العقد.,5,"التاريخ: 21/05/1448
الموافق: 01/11/2026",01/11/2026,"التاريخ: 07/06/1448
الموافق: 17/11/2026",17/11/2026,,بلدية محافظة القطيف,داخل المملكة,
1083810,2026-08-15T21:45:24.564286+00:00,500.00,تأمين التجهيزات والأثاث للمديرية العامة للدفاع المدني,5,"التاريخ: 03/03/1448
الموافق: 16/08/2026",16/08/2026,"التاريخ: 20/03/1448
الموافق: 02/09/2026",02/09/2026,,المديرية العامة للدفاع المدني طريق الدمام مبنى J الدور الاول,داخل المملكة,
1083813,2026-08-15T19:51:45.289049+00:00,0.00,تامين احتياجات مهمه للمستشفى sms temp,,"التاريخ: 27/01/1448
الموافق: 12/07/2026",12/07/2026,"التاريخ: 29/01/1448
الموافق: 14/07/2026",14/07/2026,,لا يوجد,داخل المملكة,
1083816,2026-08-15T23:29:53.800830+00:00,0.00,تأمين قطع غيار مولدات متنوعة (فلاتر هواء وفلتر زيوت وسيور) بالكتيبة (106 و 1045) بالطائف,,"التاريخ: 28/01/1448
الموافق: 13/07/2026",13/07/2026,"التاريخ: 07/02/1448
الموافق: 22/07/2026",22/07/2026,,لا يوجد,داخل المملكة,
1083831,2026-08-15T20:23:25.583489+00:00,0.00,توريد مواد  لصالح مدينة الملك عبدالعزيز الطبية بجدة,,"التاريخ: 25/07/1448
الموافق: 03/01/2027",03/01/2027,"التاريخ: 29/07/1448
الموافق: 07/01/2027",07/01/2027,,لا يوجد,داخل المملكة,
1083836,2026-08-15T21:45:31.193763+00:00,500.00,تقديم وإدارة خدمات الضيافة والإقامة والقاعات وتجهيزاتها والخدمات المساندة المرتبطة بها، لدعم استضافة وتنظيم المؤتمر العالمي الثالث للأمم المتحدة للمعلومات الجيومكانية وفق أعلى المعايير المهنية والتنظيمية,5,"التاريخ: 07/03/1448
الموافق: 20/08/2026",20/08/2026,"التاريخ: 14/03/1448
الموافق: 27/08/2026",27/08/2026,,الهيئة العامة للمساحة,داخل المملكة,
1083845,2026-08-15T19:42:16.765579+00:00,4000.00,ترغب الهيئة العامة لعقارات الدولة بدعوة الشركات والمؤسسات المتخصصة للتقديم على تقديم دراسات أفضل استخدام للعقارات الاستثمارية (HBU) وفق اتفاقية إطارية مفتوحة متضمنة الأسلوب الأمثل للاستثمار حسب النماذج المتاحة بلائحة التصرف بعقارات الدولة. حيث تقدم هذه الوثيقة عرضاً باحتياجات الهيئة، كما تشمل على الشروط المرجعية التي يجب على مقدمي العروض التقيد بها، وتوضح الإرشادات والتعليمات التنظيمية الموجهة للراغبين في التقدم بعروضهم، لذا فإنه من الأهمية قراءة هذه الوثيقة بتمعن، وإتباع التعليمات والإرشادات والبيانات الواردة بها.,5,"التاريخ: 11/02/1448
الموافق: 26/07/2026",26/07/2026,"التاريخ: 26/02/1448
الموافق: 10/08/2026",10/08/2026,,مقر الهيئة,داخل المملكة,
1083855,2026-08-15T21:40:49.467639+00:00,1000.00,تسعى الهيئة إلى تعزيز مكانتها المحلية والدولية بإستضافة المملكة حدث المـؤتمر العالمي الثالث للأمم المتحدة للمعلومات الجيومكانية ممثلة بالهيئة العامة للمساحة والمعلومات الجيومكانية خلال فترة 19-15 نوفمبر 2026.,5,"التاريخ: 06/03/1448
الموافق: 19/08/2026",19/08/2026,"التاريخ: 12/04/1448
الموافق: 24/09/2026",24/09/2026,,الهيئة العامة للمساحة,داخل المملكة,
1083867,2026-08-15T20:45:15.515288+00:00,0.00,تقديم خدمات غسيل السيارات لمديرية الدفاع المدني بمنطقة نجران,,"التاريخ: 13/01/1448
الموافق: 28/06/2026",28/06/2026,"التاريخ: 14/01/1448
الموافق: 29/06/2026",29/06/2026,,لا يوجد,داخل المملكة,
1083881,2026-08-15T21:40:35.524337+00:00,500.00,الغرض من المنافسة	تنفيذ مشروع خدمات مركز عمليات الأمن السيبراني والانتهاك الأمني عن طريق التعاون مع أحد مقدمي خدمات الأمن السيبراني من المستوى الأول في تحقيق استراتيجيات الأمن السيبراني وتحقيق الالتزام الكامل لضوابط الهيئة الوطنية للأمن السيبراني الخاصة بالمراقبة المستمرة للتهديدات السيبرانية,5,"التاريخ: 28/02/1448
الموافق: 12/08/2026",12/08/2026,"التاريخ: 17/03/1448
الموافق: 30/08/2026",30/08/2026,,وزارة الطاقة MU01 المدينة الرقمية,داخل المملكة,
1083901,2026-08-15T20:06:14.720393+00:00,0.00,توريد صمامات لأنظمة نقل الجبيل 60020596,5,"التاريخ: 21/02/1448
الموافق: 05/08/2026",05/08/2026,"التاريخ: 18/04/1448
الموافق: 30/09/2026",30/09/2026,,المؤسسة العامة لتحلية المياه المالحة – الرياض – العليا – طريق الملك فهد الدور الرابع لجنة فتح المظاريف,داخل المملكة,
1083917,2026-08-15T23:30:01.311293+00:00,500.00,يهدف المشروع إلى توريد وتركيب مستلزمات الهوية البصرية الأساسية في مبنى وزارة الإعلام الجديد، ويُنفَّذ المشروع وفق الهوية البصرية لوزارة الإعلام وأفضل الممارسات العالمية شاملاً جميع أعمال التصميم والتنفيذ والتصنيع والتوريد والتركيب والتسليم النهائي.,5,"التاريخ: 13/02/1448
الموافق: 28/07/2026",28/07/2026,"التاريخ: 14/02/1448
الموافق: 29/07/2026",29/07/2026,,الكترونياً,داخل المملكة,
1083922,2026-08-15T22:35:36.919385+00:00,500.00,تصميم هويات بصرية شاملة للمشروعات الإعلامية للوزارة لمواكبة احتفال المملكة بمناسبة مرور 300 عام علي التأسيس.,5,"التاريخ: 15/02/1448
الموافق: 30/07/2026",30/07/2026,"التاريخ: 17/02/1448
الموافق: 01/08/2026",01/08/2026,,الكترونياً,داخل المملكة,
1083955,2026-08-15T19:16:51.500847+00:00,800.00,تقديم خدمات الحوكمة والتقييم والامتثال للأمن السيبراني,5,"التاريخ: 28/02/1448
الموافق: 12/08/2026",12/08/2026,"التاريخ: 12/03/1448
الموافق: 25/08/2026",25/08/2026,,الكتروني,داخل المملكة,
1083961,2026-08-15T20:35:18.933699+00:00,0.00,توريد مبيدات لمكافحة افات الصحه العامه لمدينة دخنة,,"التاريخ: 18/02/1448
الموافق: 02/08/2026",02/08/2026,"التاريخ: 19/02/1448
الموافق: 03/08/2026",03/08/2026,,لا يوجد,داخل المملكة,
1083972,2026-08-15T22:35:43.217007+00:00,0.00,توريد ديزل لتغذية المعدات والآليات التابعة لبلدية الحلوة,5,"التاريخ: 05/02/1448
الموافق: 20/07/2026",20/07/2026,"التاريخ: 06/02/1448
الموافق: 21/07/2026",21/07/2026,,بلدية الحلوة,داخل المملكة,"صيانة وتشغيل الأعمال الميكانيكيـة, الأعمال الصنــاعية"
1083976,2026-08-15T23:20:44.309536+00:00,0.00,طلبات لقسم السلامه,,"التاريخ: 01/02/1448
الموافق: 16/07/2026",16/07/2026,"التاريخ: 04/02/1448
الموافق: 19/07/2026",19/07/2026,,لا يوجد,داخل المملكة,"صيانة المباني, المبـــاني"
1083978,2026-08-15T23:20:50.483268+00:00,0.00,طلبات قسم السلامه,,"التاريخ: 01/02/1448
الموافق: 16/07/2026",16/07/2026,"التاريخ: 03/02/1448
الموافق: 18/07/2026",18/07/2026,,لا يوجد,داخل المملكة,"صيانة المباني, المبـــاني"
1083980,2026-08-15T23:10:49.900659+00:00,300.00,تأمين وتركيب إطارات لزوم مركبات امارة منطقة مكة المكرمة,5,"التاريخ: 04/02/1448
الموافق: 19/07/2026",19/07/2026,"التاريخ: 12/02/1448
الموافق: 27/07/2026",27/07/2026,,مكة المكرمة ديوان إمارة منطقة مكة المكرمة,داخل المملكة,
1083982,2026-08-15T23:20:57.905924+00:00,0.00,طلبات قسم السلامه,,"التاريخ: 30/01/1448
الموافق: 15/07/2026",15/07/2026,"التاريخ: 01/02/1448
الموافق: 16/07/2026",16/07/2026,,لا يوجد,داخل المملكة,"صيانة المباني, المبـــاني"
1083984,2026-08-15T23:21:07.071146+00:00,0.00,طلبات قسم السلامه,,"التاريخ: 30/01/1448
الموافق: 15/07/2026",15/07/2026,"التاريخ: 01/02/1448
الموافق: 16/07/2026",16/07/2026,,لا يوجد,داخل المملكة,"صيانة المباني, المبـــاني"
1083987,2026-08-15T23:21:14.153899+00:00,0.00,طلبات قسم السلامه,,"التاريخ: 30/01/1448
الموافق: 15/07/2026",15/07/2026,"التاريخ: 01/02/1448
الموافق: 16/07/2026",16/07/2026,,لا يوجد,داخل المملكة,"صيانة المباني, المبـــاني"
1083988,2026-08-15T22:57:16.913242+00:00,0.00,أحد البنود الأساسية في المستشفى، ولحاجة المستشفى لهذا البند تم إرفاقه ضمن منافسات الشراء المباشر .,,"التاريخ: 04/02/1448
الموافق: 19/07/2026",19/07/2026,"التاريخ: 05/02/1448
الموافق: 20/07/2026",20/07/2026,,لا يوجد,داخل المملكة,
1084002,2026-08-15T23:40:17.894702+00:00,0.00,الصيانة الكهربائية لانظمة VFD بوحده تحلية مياه البحر في فرسان,,"التاريخ: 28/01/1448
الموافق: 13/07/2026",13/07/2026,"التاريخ: 30/01/1448
الموافق: 15/07/2026",15/07/2026,,لا يوجد,داخل المملكة,
1084005,2026-08-15T19:22:48.644512+00:00,0.00,توريد دهانات لبلدية الفوارة                                                                        .,,"التاريخ: 20/02/1448
الموافق: 04/08/2026",04/08/2026,"التاريخ: 21/02/1448
الموافق: 05/08/2026",05/08/2026,,لا يوجد,داخل المملكة,
1084016,2026-08-15T23:40:25.178032+00:00,200.00,المنافسة تتعلق بالاشتراك وتشغيل منصة لإدارة الخطة الاستراتيجية تشمل أنظمة (مؤشرات الأداء، إدارة المشاريع، إدارة المهام) مع بنية تحتية سحابية متكاملة وخدمات دعم وتشغيل لضمان متابعة الأداء المؤسسي وتحقيق الأهداف الاستراتيجية.,5,"التاريخ: 27/02/1448
الموافق: 11/08/2026",11/08/2026,"التاريخ: 04/03/1448
الموافق: 17/08/2026",17/08/2026,,عبر منصة اعتماد,داخل المملكة,
1084030,2026-08-15T20:33:47.570220+00:00,500.00,صيانة ونظافة وتشغيل مبنى فرع الوزارة وملحقاته بمنطقة الشرقية,5,"التاريخ: 01/04/1448
الموافق: 13/09/2026",13/09/2026,"التاريخ: 01/05/1448
الموافق: 12/10/2026",12/10/2026,,الرياض طريق الملك فهد,داخل المملكة,
1084043,2026-08-15T21:39:02.221750+00:00,500.00,صيانة ونظافة وتشغيل مبنى فرع الوزارة وملحقاته بمنطقة حائل,5,"التاريخ: 01/04/1448
الموافق: 13/09/2026",13/09/2026,"التاريخ: 01/05/1448
الموافق: 12/10/2026",12/10/2026,,الرياض طريق الملك فهد,داخل المملكة,
1084057,2026-08-15T22:21:34.053804+00:00,0.00,تجديد منصة مستمر للتطوير المهني للمستشفى القوات المسلحة بنجران,,"التاريخ: 22/01/1448
الموافق: 07/07/2026",07/07/2026,"التاريخ: 23/01/1448
الموافق: 08/07/2026",08/07/2026,,لا يوجد,داخل المملكة,
1084060,2026-08-15T22:21:40.251054+00:00,0.00,رسوم اعتماد الانشطة الطبية لعام 2026 للممارسين الصحيين من الهيئه السعودية للتخصصات الصحية,,"التاريخ: 22/01/1448
الموافق: 07/07/2026",07/07/2026,"التاريخ: 23/01/1448
الموافق: 08/07/2026",08/07/2026,,لا يوجد,داخل المملكة,
1084065,2026-08-15T18:48:42.259106+00:00,1000.00,أعمال معالجة واستخراج رخص البناء لمباني المديرية العامة للدفاع المدني,5,"التاريخ: 15/05/1448
الموافق: 26/10/2026",26/10/2026,"التاريخ: 30/05/1448
الموافق: 10/11/2026",10/11/2026,,المديرية العامة للدفاع المدني طريق الدمام مبنى J الدور الاول,داخل المملكة,
1084072,2026-08-15T18:34:37.618741+00:00,100.00,تأمين وتوفير الاحتياجات الأمنية والتشغيلية اللازمة لدعم أعمال الأمن الصناعي ورفع مستوى الجاهزية التشغيلية، وتعزيز إجراءات السلامة والأمن بالمواقع، وتحسين كفاءة إدارة الحركة المرورية والتحكم بالدخول والخروج، وتوفير التجهيزات المساندة للعاملين بما يضمن استمرارية الأعمال وتحقيق متطلبات التشغيل وفق المعايير المعتمدة.,5,"التاريخ: 07/03/1448
الموافق: 20/08/2026",20/08/2026,"التاريخ: 08/04/1448
الموافق: 20/09/2026",20/09/2026,,المبنى الرئيسي للهيئة الملكية بمدينة الجبيل الصناعية,داخل المملكة,
1084085,2026-08-15T23:40:31.660566+00:00,0.00,تحديث وصيانة أقسام الصيانة والصحة الإلكترونية وقاعة المحاضرات للتمريض بمستشفى الملك خالد ومركز الأمير سلطان للقلب بتجمع نجران الصحي,5,"التاريخ: 27/01/1448
الموافق: 12/07/2026",12/07/2026,"التاريخ: 28/01/1448
الموافق: 13/07/2026",13/07/2026,,تجمع صحي منطقة نجران,داخل المملكة,
1084087,2026-08-15T22:33:00.537255+00:00,300.00,"في ظل التحديات السيبرانية المتزايدة، يتطلب الأمن السيبراني حلولاً تقنية مبتكرة لتعزيز الحماية. يهدف مشروع "" تجديد رخص الحلول التقنية للإدارة العامة للأمن السيبراني RIPC"" إلى تطوير أنظمة متكاملة تدعم عمليات الأمن السيبراني والتعامل معها بكفاءة، مع ضمان الامتثال للمعايير الوطنية. يركز المشروع على تحسين إدارة المخاطر، حماية البيانات، وتعزيز الكفاءة التشغيلية. كما يشمل بناء قدرات الفرق الداخلية ويُمكّن المركز من مواجهة التهديدات الحديثة بمرونة وفعالية.",5,"التاريخ: 11/02/1448
الموافق: 26/07/2026",26/07/2026,"التاريخ: 25/02/1448
الموافق: 09/08/2026",09/08/2026,,مركز مشاريع البنية التحتية بمنطقة الرياض,داخل المملكة,
1084116,2026-08-15T22:22:23.603858+00:00,0.00,خدمة غسيل وتطهير اليا وتعقيم بالبخار للأدوات الجراحية,,"التاريخ: 21/01/1448
الموافق: 06/07/2026",06/07/2026,"التاريخ: 22/01/1448
الموافق: 07/07/2026",07/07/2026,,لا يوجد,داخل المملكة,
1084123,2026-08-15T23:10:55.149127+00:00,0.00,WM -  Spare parts for fire diesel engine,,"التاريخ: 11/02/1448
الموافق: 26/07/2026",26/07/2026,"التاريخ: 15/02/1448
الموافق: 30/07/2026",30/07/2026,,لا يوجد,داخل المملكة,
1084124,2026-08-15T20:35:25.909469+00:00,0.00,توريد حمض الهيدروفلوريك اسيد لهيئة المساحة الجيولوجية السعودية,,"التاريخ: 16/01/1448
الموافق: 01/07/2026",01/07/2026,"التاريخ: 17/01/1448
الموافق: 02/07/2026",02/07/2026,,لا يوجد,داخل المملكة,
1084129,2026-08-15T23:40:40.279544+00:00,200.00,توريد ديزل لمعدات البلدية,5,"التاريخ: 27/01/1448
الموافق: 12/07/2026",12/07/2026,"التاريخ: 30/01/1448
الموافق: 15/07/2026",15/07/2026,,البير,داخل المملكة,
1084130,2026-08-15T23:40:46.132972+00:00,200.00,توريد بنزين لمعدات البلدية,5,"التاريخ: 29/01/1448
الموافق: 14/07/2026",14/07/2026,"التاريخ: 30/01/1448
الموافق: 15/07/2026",15/07/2026,,البير,داخل المملكة,
1084171,2026-08-15T19:55:44.480162+00:00,1500.00,تسعى الهيئة العامة للأوقاف الى توفير فريق متخصص يتولى إدارة وتشغيل وصيانة البنية السحابية للجهة، بما يشمل مراقبة الأنظمة، تعزيز الأمن، إدارة الوصول، وضمان جاهزية واستمرارية الخدمات بكفاءة وموثوقية عالية وتقديم الخدمات المدارة على منصة Google Cloud وسيتم شرح الاهداف الخاصة بالقسم المحدد ونطاق العمل المفصل.,5,"التاريخ: 18/03/1448
الموافق: 31/08/2026",31/08/2026,"التاريخ: 19/03/1448
الموافق: 01/09/2026",01/09/2026,,عن طريق المنصة,داخل المملكة,
1084177,2026-08-15T20:58:00.919826+00:00,1000.00,توريد وتركيب إطارات وبطاريات لقوات أمن المنشآت,5,"التاريخ: 21/05/1448
الموافق: 01/11/2026",01/11/2026,"التاريخ: 20/06/1448
الموافق: 30/11/2026",30/11/2026,,الرياض – مبنى قيادة قوات أمن المنشآت الجديد - طريق الدمام,داخل المملكة,
1084182,2026-08-15T23:30:06.602515+00:00,500.00,صيانة الأرصفة بالدرب ( عقد بديل ),5,"التاريخ: 30/01/1448
الموافق: 15/07/2026",15/07/2026,"التاريخ: 08/02/1448
الموافق: 23/07/2026",23/07/2026,,بلدية محافظة الدرب,داخل المملكة,
1084184,2026-08-15T23:40:51.737285+00:00,1000.00,صيانة الشوارع ومعالجة بلاغات الطرق والحفريات بمحافظة الدرب ( عقد بديل ),5,"التاريخ: 30/01/1448
الموافق: 15/07/2026",15/07/2026,"التاريخ: 04/02/1448
الموافق: 19/07/2026",19/07/2026,,بلدية محافظة الدرب,داخل المملكة,
1084215,2026-08-15T23:40:58.892063+00:00,500.00,بشأن كراسة الشروط الخاصة بتشغيل نظام تفرد لمدة عام,10,"التاريخ: 19/02/1448
الموافق: 03/08/2026",03/08/2026,"التاريخ: 20/02/1448
الموافق: 04/08/2026",04/08/2026,,مبنى الامارة الرئيس ـ لجنة فتح العروض ـ الدور الثاني,داخل المملكة,
1084222,2026-08-15T22:43:44.570293+00:00,1000.00,المشاركة في الفعاليات الاعلامية الكبرى كالمؤتمرات والمعارض لإبراز مهام وانجازات الهيئة، وتبادل المعارف وتعزيز الروابط المهنية التي من شأنها الاسهام في نمو قطاع الاعلام بشكل عام وتسريع وتيرة تطوره,5,"التاريخ: 08/02/1448
الموافق: 23/07/2026",23/07/2026,"التاريخ: 22/02/1448
الموافق: 06/08/2026",06/08/2026,,عبر منصة اعتماد,داخل المملكة,
1084225,2026-08-15T21:23:15.404535+00:00,200.00,تأمين وتوريد وتركيب أجهزة بحثية لمبادرة تطوير مختبر الأبحاث المركزي: تمكين التميز والابتكار في مجال البحث,5,"التاريخ: 29/02/1448
الموافق: 13/08/2026",13/08/2026,"التاريخ: 20/03/1448
الموافق: 02/09/2026",02/09/2026,,جامعة ام القرى - ادارة المشتريات والمناقصات,داخل المملكة,توريد وتركيب أجهزة ومعدات الحاسب الآلي (حاسبات وشبكات وملحقات)
1084250,2026-08-15T20:23:31.511135+00:00,0.00,توريد مواد  لصالح مدينة الملك عبدالعزيز الطبية بجدة,,"التاريخ: 25/07/1448
الموافق: 03/01/2027",03/01/2027,"التاريخ: 29/07/1448
الموافق: 07/01/2027",07/01/2027,,لا يوجد,داخل المملكة,
1084261,2026-08-15T23:16:23.518823+00:00,0.00,ترقية النظام البنكي الأساسي للبنك (Temenos Transact) إلى أحدث نسخة مدعومة,5,"التاريخ: 11/02/1448
الموافق: 26/07/2026",26/07/2026,"التاريخ: 10/03/1448
الموافق: 23/08/2026",23/08/2026,,مبنى رقم 2 ليسن فالي,داخل المملكة,
1084264,2026-08-15T20:28:43.112834+00:00,300.00,تهيئة نظام تخزين أرشيفي عالي السعة، يدعم حفظ وادارة البيانات طويلة المدى، ويضمن استمرارية توفرها وامكانية استرجاعها. ويشمل نطاق المنافسة تهيئة نظام التخزين والخوادم المرتبطة به، ورخص أنظمة التشغيل ومكونات الربط والبنية التحتية الشبكية، اضافة الى تنفيذ أعمال الاعداد والتهيئة والتكامل والاختبارات.,5,"التاريخ: 17/03/1448
الموافق: 30/08/2026",30/08/2026,"التاريخ: 18/04/1448
الموافق: 30/09/2026",30/09/2026,,الخدمات المشتركة - لجنة فتح العروض,داخل المملكة,
1084268,2026-08-15T22:35:50.834649+00:00,300.00,تأمين الاحتياج من الملبوسات العسكرية والتجهيزات التدريبية,5,"التاريخ: 10/03/1448
الموافق: 23/08/2026",23/08/2026,"التاريخ: 17/03/1448
الموافق: 30/08/2026",30/08/2026,,الكترونيا عبر منصة اعتماد,داخل المملكة,
1084270,2026-08-15T22:33:08.109678+00:00,300.00,تأمين عدد من الآلات الموسيقية لفصيل الموسيقى,5,"التاريخ: 28/02/1448
الموافق: 12/08/2026",12/08/2026,"التاريخ: 29/02/1448
الموافق: 13/08/2026",13/08/2026,,الكترونيا عبر منصة اعتماد,داخل المملكة,
1084275,2026-08-15T23:30:14.122194+00:00,500.00,عقد صيانة المولدات الكهربائية الاحتياطية,5,"التاريخ: 25/02/1448
الموافق: 09/08/2026",09/08/2026,"التاريخ: 08/04/1448
الموافق: 20/09/2026",20/09/2026,,عن طريق البوابة ( منصة اعتماد),داخل المملكة,
1084278,2026-08-15T22:35:57.745991+00:00,100.00,تحتاج إدارة تقنية المعلومات إلى تجديد الدعم الامتيازي من شركة ساب وذلك لضمان جودة تنفيذ المشاريع والدعم الفني المتقدم، حيث تتيح الخدمات الامتيازية الوصول إلى نطاق واسع من الخبرات والأدوات المقدمة من شركة ساب لدعم الأنظمة والمشاريع.,5,"التاريخ: 18/02/1448
الموافق: 02/08/2026",02/08/2026,"التاريخ: 04/03/1448
الموافق: 17/08/2026",17/08/2026,,بالمنصة وعند العطل حسب النظام بالصندوق,داخل المملكة,
1084291,2026-08-15T22:11:57.579338+00:00,0.00,wm-Aluminum medical Oxygen cylinder 18.6 kg,,"التاريخ: 11/02/1448
الموافق: 26/07/2026",26/07/2026,"التاريخ: 27/02/1448
الموافق: 11/08/2026",11/08/2026,,لا يوجد,داخل المملكة,
1084296,2026-08-15T23:41:08.084658+00:00,500.00,استكمال تشطيبات مبنى البلدية والضيافة لبلدية محافظة تربة - محافظة تربة,5,"التاريخ: 30/01/1448
الموافق: 15/07/2026",15/07/2026,"التاريخ: 01/02/1448
الموافق: 16/07/2026",16/07/2026,,بلدية محافظة تربة,داخل المملكة,المبـــاني
1084313,2026-08-15T21:42:45.593980+00:00,0.00,تأمين مواد طبية مستشفى الملك سلمان العسكري,,"التاريخ: 04/03/1448
الموافق: 17/08/2026",17/08/2026,"التاريخ: 16/04/1448
الموافق: 28/09/2026",28/09/2026,,لا يوجد,داخل المملكة,
1084314,2026-08-15T23:36:37.922381+00:00,100.00,تجهيز البنية التحتية لمقرات الجهات الحكومية بقاعدة الملك سلمان الجوية بالقطاع الأوسط,5,"التاريخ: 23/04/1448
الموافق: 05/10/2026",05/10/2026,"التاريخ: 01/05/1448
الموافق: 12/10/2026",12/10/2026,,لجنة فتح العروض بقيادة القوات الجوية الجناح الشرقي,داخل المملكة,الأعمال الالكترونية
1084323,2026-08-15T23:14:58.377228+00:00,0.00,توريد مواد  لصالح مدينة الملك عبدالعزيز الطبية بجدة,,"التاريخ: 25/07/1448
الموافق: 03/01/2027",03/01/2027,"التاريخ: 29/07/1448
الموافق: 07/01/2027",07/01/2027,,لا يوجد,داخل المملكة,
1084334,2026-08-15T21:55:16.516809+00:00,300.00,تمديد خط مياه بديل للخط الحالي المغذي لمحطة صلبوخ -النية التحتية,5,"التاريخ: 19/02/1448
الموافق: 03/08/2026",03/08/2026,"التاريخ: 20/02/1448
الموافق: 04/08/2026",04/08/2026,,منصة اعتماد,داخل المملكة,
1084341,2026-08-15T21:12:51.804981+00:00,500.00,الغرض من الكراسة هو تأهيل واجهات مباني فرع وزارة الصحة بمنطقة الرياض .,5,"التاريخ: 16/04/1448
الموافق: 28/09/2026",28/09/2026,"التاريخ: 18/04/1448
الموافق: 30/09/2026",30/09/2026,,الكترونيا عبر منصة اعتماد,داخل المملكة,
1084344,2026-08-15T20:23:51.851387+00:00,500.00,"التعاقد مع مكتب هندسي معتمد لتقديم الخدمات الهندسية المتكاملة، بما في ذلك إدارة المعاملات، واستيفاء المتطلبات النظامية والتقارير المساحية، وانهاء كافة الإجراءات اللازمة للاتي:
1-	إعداد وإصدار تقرير مساحي معتمد لدى الجهات المختصة.
2-	إصدار وتحديث الصكوك وإصدار الغير متوفر منها وذلك لجميع مباني واراضي المعهد وإصدار صك إلكتروني لكل منها 
3-	اصدار وتحديث كافة الرخص والشهادات النظامية (رخص بناء وشهادات إتمام البناء) لجميع مباني المعهد ويشمل ذلك الرفع المساحي والهندسي واعتماد المخططات والوثائق اللازمة لذلك. وكذلك تصحيح أوضاعها (إن لزم الامر) وذلك وفقاً للحالة الراهنة لكل مبنى أو أرض تابعة للمعهد. 

مع الالتزام باستكمال كافة الخطوات النظامية والمتابعة لدى الجهات ذات العلاقة ويشمل ذلك كافة المواقع والفروع التابعة للمعهد في كل من مدينة (الرياض، وجدة، الدمام، وأبها) حسب نطاق العمل الموضح، مع التقيد التام والكامل بالأنظمة واللوائح والتعليمات الهندسية والتنظيمية المعتمدة.",5,"التاريخ: 13/02/1448
الموافق: 28/07/2026",28/07/2026,"التاريخ: 14/02/1448
الموافق: 29/07/2026",29/07/2026,,منصة اعتماد,داخل المملكة,
1084355,2026-08-15T23:38:16.774719+00:00,0.00,تأمين جتياج وزارة الحرس الوطني بسعر عادل,,"التاريخ: 27/01/1448
الموافق: 12/07/2026",12/07/2026,"التاريخ: 04/02/1448
الموافق: 19/07/2026",19/07/2026,,لا يوجد,داخل المملكة,
1084375,2026-08-15T19:44:52.872836+00:00,1000.00,إضافات وتحسينات مقر الوسائل الرقابية,5,"التاريخ: 24/03/1448
الموافق: 06/09/2026",06/09/2026,"التاريخ: 08/04/1448
الموافق: 20/09/2026",20/09/2026,,منصة اعتماد,داخل المملكة,
1084376,2026-08-15T20:28:49.129517+00:00,500.00,عبارة عن اعمال صيانة الطرق المستلمة من وزارة النقل والخدمات اللوجيستية شرق أبها والذي يشمل (اعمال اللاند سكيب - اعمال الزراعة - اعمال الاسفلت – اعمال الحمايات والتكسيات – اعمال الانارة – التشجير – الجلسات – الارصفة - المرافق  ......... وغير ذلك ) الذي يساعد علي رفع كفاءة شبكة الطرق بمنطقة عسير وفتح طرق جديدة لزيادة المناطق التجارية والاستثمارية,5,"التاريخ: 19/02/1448
الموافق: 03/08/2026",03/08/2026,"التاريخ: 10/03/1448
الموافق: 23/08/2026",23/08/2026,,أمانة منطقة عسير - ادارة المشتريات,داخل المملكة,
1084389,2026-08-15T22:53:46.063516+00:00,0.00,تأمين كاميرات وعدسات ومعدات تصوير مع ملحقاتها,,"التاريخ: 03/03/1448
الموافق: 16/08/2026",16/08/2026,"التاريخ: 10/03/1448
الموافق: 23/08/2026",23/08/2026,,لا يوجد,داخل المملكة,
1084392,2026-08-15T23:21:21.558526+00:00,500.00,إﺳﻛﺎن ﺿﯾوف ﺟﺎﻣﻌﺔ تبوك,5,"التاريخ: 29/02/1448
الموافق: 13/08/2026",13/08/2026,"التاريخ: 07/03/1448
الموافق: 20/08/2026",20/08/2026,,إدارة العقود والمشتريات,داخل المملكة,
1084394,2026-08-15T22:57:24.091405+00:00,0.00,تأمين زيوت للادارات  التابعة بمديرية الدفاع المدني بمنطقة مكة المكرمة,,"التاريخ: 08/02/1448
الموافق: 23/07/2026",23/07/2026,"التاريخ: 11/02/1448
الموافق: 26/07/2026",26/07/2026,,لا يوجد,داخل المملكة,
1084395,2026-08-15T23:21:28.407081+00:00,0.00,تهدف هذه المنافسة إلى تجديد اشتراكات التراخيص لنظام مسح الثغرات؛ لضمان استمرارية العمليات الرقمية، والحصول على التحديثات الأمنية والدعم الفني المباشر من الشركات المصنعة.,5,"التاريخ: 14/02/1448
الموافق: 29/07/2026",29/07/2026,"التاريخ: 27/03/1448
الموافق: 09/09/2026",09/09/2026,,مبنى رقم 2 ليسن فالي,داخل المملكة,
1084397,2026-08-15T22:57:30.356830+00:00,0.00,تأمين زيوت متنوعة لمحركات البنزين التابعة بمديرية الدفاع المدني بمنطقة مكة المكرمة,,"التاريخ: 08/02/1448
الموافق: 23/07/2026",23/07/2026,"التاريخ: 11/02/1448
الموافق: 26/07/2026",26/07/2026,,لا يوجد,داخل المملكة,
1084406,2026-08-15T21:12:58.157815+00:00,200.00,صيانة عدد (92) سيارة وتركيب قطع الغيار لموديلات السيارات الموضحة في جدول الكميات وفق المواصفات المطلوبة وبناءً على الخدمات المحددة في طلب الصيانة المعتمد من إدارة النقل والحركة,5,"التاريخ: 26/03/1448
الموافق: 08/09/2026",08/09/2026,"التاريخ: 15/04/1448
الموافق: 27/09/2026",27/09/2026,,منصة اعتماد,داخل المملكة,
1084410,2026-08-15T23:41:16.915351+00:00,0.00,"ترغب هيئة السوق المالية بتجديد وتطوير وترقية أنظمة الشبكة اللاسلكية في مباني الهيئة بأنظمة أحدث وأكثر قدرة وكفاءة، نظرا لانتهاء العمر الافتراضي للأنظمة الحالية. وتشمل المنافسة الأنظمة الموضحة بشكل موجز أدناه: 
1.	ترقية وتجديد نقاط الاتصال الحالية بمبنى الهيئة الرئيسي  (Aruba Access points 315) عدد 94
2.	ترقية واستبدال وتوحيد انظمة نقاط الاتصال اللاسلكية الحالية بمبنى الهيئة الفرعي   للتطابق بأنظمة المبنى الرئيسي (Cisco Access points) عدد 94
3.	زيادة السعة الاستيعابية لنظام التحكم بالوصول للشبكة ClearPass
4.	إضافة جميع نقاط الاتصال الجديدة الى جهاز إدارة نقاط الاتصال بالمبنى الرئيسي Aruba Wireless controller",5,"التاريخ: 25/02/1448
الموافق: 09/08/2026",09/08/2026,"التاريخ: 04/03/1448
الموافق: 17/08/2026",17/08/2026,,هيئة السوق المالية - إدارة المشتريات والعقود,داخل المملكة,
1084413,2026-08-15T23:37:12.202771+00:00,50.00,طلب توريد وتركيب أجهزة الحاسب الالي,5,"التاريخ: 04/02/1448
الموافق: 19/07/2026",19/07/2026,"التاريخ: 11/02/1448
الموافق: 26/07/2026",26/07/2026,,جدة - حي المحمدية - شارع أبي هيثم الأنصاري - مبنى مترو جدة - الدور الرابع,داخل المملكة,
1084462,2026-08-15T21:53:08.965879+00:00,500.00,غسيل البياضات و الكساوي للمرضى بمستشفيات منطقة عسير,5,"التاريخ: 10/03/1448
الموافق: 23/08/2026",23/08/2026,"التاريخ: 17/03/1448
الموافق: 30/08/2026",30/08/2026,,لجنة فحص العروض بتجمع عسير,داخل المملكة,
1084463,2026-08-15T21:13:03.312918+00:00,500.00,مشروع إنفاذ السياسات والضوابط السيبرانية,5,"التاريخ: 14/05/1448
الموافق: 25/10/2026",25/10/2026,"التاريخ: 21/05/1448
الموافق: 01/11/2026",01/11/2026,,بمبنى ديوان الوزارة القديم بطريق الملك عبدالعزيز  (المبنى الرئيسي ـ الدور الأول ) إدارة المنافسات,داخل المملكة,
1084469,2026-08-15T19:42:23.257138+00:00,5000.00,صيانة أعمال الأنارة بمدينة محافظة بيش (عقد بديل),5,"التاريخ: 01/03/1448
الموافق: 14/08/2026",14/08/2026,"التاريخ: 30/03/1448
الموافق: 12/09/2026",12/09/2026,,بلدية محافظة بيش,داخل المملكة,
1084474,2026-08-15T21:22:11.058823+00:00,300.00,"يهدف طرح هذه المنافسة إلى تمكين الجهة من اختيار شركة مؤهلة تمتلك الخبرات الفنية والتقنية اللازمة لتنفيذ مشروع ""منصة إدارة الأزمات الذكية"" وفق أعلى المعايير المهنية، وبما يضمن تقديم حل تقني متكامل يلبي المتطلبات التشغيلية والفنية، ويحقق أهداف المشروع بكفاءة وجودة عالية، ضمن الإطار الزمني والمالي المعتمد.",5,"التاريخ: 06/03/1448
الموافق: 19/08/2026",19/08/2026,"التاريخ: 08/04/1448
الموافق: 20/09/2026",20/09/2026,,الخدمات المشتركة - لجنة فتح العروض,داخل المملكة,
1084507,2026-08-15T19:53:07.198488+00:00,0.00,توريد وتركيب مضخة ديزل حسب المواصفات المطلوبة لنظام اطفاء الحريق مستشفى الايمان العام,,"التاريخ: 23/01/1448
الموافق: 08/07/2026",08/07/2026,"التاريخ: 27/01/1448
الموافق: 12/07/2026",12/07/2026,,لا يوجد,داخل المملكة,"صيانة وتشغيل الأعمال الميكانيكيـة, صيانة المباني, صيانة وتشغيل الأعمال الكهربائية, الأعمال الميكانيكية, أنظمة مكافحة الحرائق"
1084538,2026-08-15T19:51:38.010406+00:00,500.00,صيانة الانارة ومستلزماتها بمحافظة العيدابي ( بديل ),5,"التاريخ: 19/02/1448
الموافق: 03/08/2026",03/08/2026,"التاريخ: 25/02/1448
الموافق: 09/08/2026",09/08/2026,,بلدية محافظة صبيا,داخل المملكة,صيانة وتشغيل الأعمال الكهربائية
1084543,2026-08-15T21:55:21.732182+00:00,5000.00,إنشاء محطة انتقالية - بلدية العيساوية,5,"التاريخ: 15/02/1448
الموافق: 30/07/2026",30/07/2026,"التاريخ: 29/02/1448
الموافق: 13/08/2026",13/08/2026,,بلدية العيساوية,داخل المملكة,
1084544,2026-08-15T21:55:28.878737+00:00,5000.00,سفلتة وأرصفة وإنارة المدينة الصناعية,5,"التاريخ: 15/02/1448
الموافق: 30/07/2026",30/07/2026,"التاريخ: 22/02/1448
الموافق: 06/08/2026",06/08/2026,,بلدية العيساوية,داخل المملكة,
1084565,2026-08-15T23:06:04.545526+00:00,1000.00,نظافة وصيانة وتشغيل مبنى الرئاسة العامة للبحوث العلمية والإفتاء بمنطقة مكة المكرمة,5,"التاريخ: 04/04/1448
الموافق: 16/09/2026",16/09/2026,"التاريخ: 19/04/1448
الموافق: 01/10/2026",01/10/2026,,المشتريات والعقود,داخل المملكة,
1084569,2026-08-15T23:06:11.034927+00:00,1500.00,نظافة وصيانة وتشغيل مبنى الرئاسة العامة للبحوث العلمية والإفتاء بمنطقة الجوف وعرعر والقصيم,5,"التاريخ: 04/04/1448
الموافق: 16/09/2026",16/09/2026,"التاريخ: 19/04/1448
الموافق: 01/10/2026",01/10/2026,,المشتريات والعقود,داخل المملكة,
1084570,2026-08-15T23:06:19.473040+00:00,1500.00,نظافة وصيانة وتشغيل مبنى الرئاسة العامة للبحوث العلمية والإفتاء بمنطقة عسير والباحة وجازان,5,"التاريخ: 04/04/1448
الموافق: 16/09/2026",16/09/2026,"التاريخ: 19/04/1448
الموافق: 01/10/2026",01/10/2026,,المشتريات والعقود,داخل المملكة,
1084584,2026-08-15T21:23:24.473970+00:00,300.00,صيانة وتأمين وتركيب قطع الغيار لمحطة غسيل الكلى,5,"التاريخ: 18/02/1448
الموافق: 02/08/2026",02/08/2026,"التاريخ: 07/03/1448
الموافق: 20/08/2026",20/08/2026,,مستشفى قوى الامن بالدمام الدور الاول,داخل المملكة,صيانة المـراكـز الطبيــة
1084588,2026-08-15T23:30:21.589739+00:00,0.00,توريد مواد وقطع غيار أجهزة تحليل مخبريه لمنظومة انتاج مياه ينبع بالساحل الغربي - 60020650,5,"التاريخ: 04/02/1448
الموافق: 19/07/2026",19/07/2026,"التاريخ: 05/02/1448
الموافق: 20/07/2026",20/07/2026,,الادارة التنفيذية للإمداد بالمركز الرئيسي بالرياض,داخل المملكة,
1084589,2026-08-15T23:30:29.200703+00:00,0.00,توريد قطع غيار لمظومة انتاج مياه ينبع بالساحل الغربي - 60020651,,"التاريخ: 06/02/1448
الموافق: 21/07/2026",21/07/2026,"التاريخ: 08/02/1448
الموافق: 23/07/2026",23/07/2026,,لا يوجد,داخل المملكة,
1084590,2026-08-15T23:30:36.794326+00:00,0.00,توريد مواد وقطع غيار  لمنظومة انتاج مياه الليث بالساحل الغربي - 60020652,,"التاريخ: 06/02/1448
الموافق: 21/07/2026",21/07/2026,"التاريخ: 08/02/1448
الموافق: 23/07/2026",23/07/2026,,لا يوجد,داخل المملكة,
1084593,2026-08-15T23:21:34.864676+00:00,0.00,"انطلاقًا من جهود هيئة التأمين في التحسين المستمر للإجراءات والأدوات المستخدمة في مجال الاتصالات الإدارية، ورفع كفاءة الأعمال وتحقيق الأهداف الإستراتيجية، تم تحديد الحاجة إلى تجديد نظام الاتصالات الإدارية (OLE5)؛ وذلك بهدف استمرارية عمل النظام، ورفع كفاءته التشغيلية، وضمان توافقه مع المتطلبات التقنية والتنظيمية الحالية، بما يسهم في دعم سير الأعمال وتحقيق أفضل الممارسات. 
وسيتم طرح المنافسة واستقبال عروض الخدمات من الجهات الراغبة في المشاركة، مع الالتزام الكامل بكافة المتطلبات والشروط والمدد الزمنية المحددة في وثيقة المنافسة عند إبداء الرغبة في المشاركة وتقديم العروض الفنية والمالية من قبل المتنافسين.",5,"التاريخ: 04/02/1448
الموافق: 19/07/2026",19/07/2026,"التاريخ: 05/02/1448
الموافق: 20/07/2026",20/07/2026,,هيئة التأمين - مركز الملك عبدالله المالي برج تداول الدور 18,داخل المملكة,
1084613,2026-08-15T22:24:49.352319+00:00,500.00,توريد اجهزة كهربائية لمغسلة الطلبة بمعهد الدراسات الفنية للقوات البحرية بالدمام,10,"التاريخ: 20/02/1448
الموافق: 04/08/2026",04/08/2026,"التاريخ: 26/02/1448
الموافق: 10/08/2026",10/08/2026,,الكتروني,داخل المملكة,
1084636,2026-08-15T22:12:04.137217+00:00,0.00,توريد قطع غيار صناعية لمنظومة إنتاج الخفجي الساحل الشرقي 60020631,,"التاريخ: 28/02/1448
الموافق: 12/08/2026",12/08/2026,"التاريخ: 01/04/1448
الموافق: 13/09/2026",13/09/2026,,لا يوجد,داخل المملكة,
1084637,2026-08-15T21:45:38.634892+00:00,0.00,توريد قطع غيار معدة لمنظومة انتاج رأس الخير 60020655 الساحل الشرقي,5,"التاريخ: 29/02/1448
الموافق: 13/08/2026",13/08/2026,"التاريخ: 28/03/1448
الموافق: 10/09/2026",10/09/2026,,المؤسسسة العامة لتحلية المياه المالحة الرياض  المركز الرئيسي إدارة المشتريات الدور الرابع مكتب 18   الدور الرابع مكتب 18  يمكنكم تقديم صورة منه في منصة اعتماد,داخل المملكة,
1084640,2026-08-15T22:12:10.991776+00:00,0.00,توريد قطع غيار كهربائية لمنظومة إنتاج رأس الخير الساحل الشرقي 60020632,,"التاريخ: 28/02/1448
الموافق: 12/08/2026",12/08/2026,"التاريخ: 01/04/1448
الموافق: 13/09/2026",13/09/2026,,لا يوجد,داخل المملكة,
1084643,2026-08-15T22:12:17.481913+00:00,0.00,توريد قطع غيار لمنظومة إنتاج رأس الخير الساحل الشرقي 60020633,,"التاريخ: 28/02/1448
الموافق: 12/08/2026",12/08/2026,"التاريخ: 01/04/1448
الموافق: 13/09/2026",13/09/2026,,لا يوجد,داخل المملكة,
1084650,2026-08-15T22:24:56.795690+00:00,0.00,"يهدف هذا الطلب إلى التعاقد لتقديم خدمات التصميم والإنتاج المرئي لـ GSIDC لتعزيز الاتصال المؤسسي وإبراز منجزات الجهة عبر القنوات الرسمية، بما يشمل التصاميم، الموشن جرافيك، التصوير الميداني، وتصميم التقارير.
وثائق العرض الفني
يشمل العرض الفني المتطلبات التالية:
•	منهجية تنفيذ الأعمال وآلية إدارة الطلبات والاعتمادات وتوضيحها.
•	 خطة العمل والجدول الزمني للتنفيذ.
•	آلية ضمان الجودة ومراجعة المخرجات قبل التسليم.
•	نماذج أعمال سابقة ذات صلة (Portfolio) ومشاريع مشابهة.
•	الفريق الفني المقترح وأدواره وخبراته.
•	توضيح أدوات العمل المستخدمة (تصميم/مونتاج/أنيميشن).",5,"التاريخ: 01/02/1448
الموافق: 16/07/2026",16/07/2026,"التاريخ: 11/02/1448
الموافق: 26/07/2026",26/07/2026,,هيئة التأمين - مركز الملك عبدالله المالي برج تداول الدور 18,داخل المملكة,
1084675,2026-08-15T20:14:36.159538+00:00,500.00,عملية توريد وتركيب تجهيزات الأمنية لصالح القوات الخاصة للأمن والحماية,5,"التاريخ: 10/03/1448
الموافق: 23/08/2026",23/08/2026,"التاريخ: 17/03/1448
الموافق: 30/08/2026",30/08/2026,,الرياض,داخل المملكة,
1084683,2026-08-15T21:10:37.256487+00:00,0.00,لضمان استمرارية تقديم الرعاية الصحية للمرضى دون انقطاع يتحتم توفير هذا البند,,"التاريخ: 18/01/1448
الموافق: 03/07/2026",03/07/2026,"التاريخ: 19/01/1448
الموافق: 04/07/2026",04/07/2026,,لا يوجد,داخل المملكة,
1084690,2026-08-15T21:42:51.950317+00:00,300.00,توريد مظلات قفز حر للحرس الملكي,5,"التاريخ: 24/04/1448
الموافق: 06/10/2026",06/10/2026,"التاريخ: 21/06/1448
الموافق: 01/12/2026",01/12/2026,,عبر منصة اعتماد,داخل المملكة,
1084692,2026-08-15T22:25:03.585323+00:00,0.00,وحده ادخال وإخراج للحساسات لمصنع البندقية G36,,"التاريخ: 19/02/1448
الموافق: 03/08/2026",03/08/2026,"التاريخ: 29/02/1448
الموافق: 13/08/2026",13/08/2026,,لا يوجد,داخل المملكة,
1084695,2026-08-15T23:11:01.618583+00:00,700.00,"توفير خدمات السفر( اصدار تذاكر ، حجوزات فنادق , استئجار سيارات , اصدار التأشيرات , خدمات الوفود)  لموظفين بنك المنشآت الصغيرة والمتوسطة من حجوزات الفنادق والمواصلات وتذاكر الطيران وغيرها من الخدمات حسب التفصيل الوارد في نطاق العمل",5,"التاريخ: 03/03/1448
الموافق: 16/08/2026",16/08/2026,"التاريخ: 18/03/1448
الموافق: 31/08/2026",31/08/2026,,بنك المنشآت الصغيرة والمتوسطة,داخل المملكة,
1084714,2026-08-15T20:35:31.278488+00:00,0.00,توريد انابيب لمنظومة انتاج الخفجي 60020435,,"التاريخ: 30/01/1448
الموافق: 15/07/2026",15/07/2026,"التاريخ: 15/02/1448
الموافق: 30/07/2026",30/07/2026,,لا يوجد,داخل المملكة,
1084719,2026-08-15T20:35:38.884487+00:00,0.00,توريد مضخات لمنظومة انتاج الخفجي 60020437,5,"التاريخ: 30/01/1448
الموافق: 15/07/2026",15/07/2026,"التاريخ: 15/02/1448
الموافق: 30/07/2026",30/07/2026,,المؤسسة العامة لتحلية المياه المالحة – الرياض – العليا – طريق الملك فهد الدور الرابع لجنة فتح المظاريف,داخل المملكة,
1084720,2026-08-15T20:16:16.843031+00:00,500.00,نقل السجناء والمبعدين والمخالفين لأنظمة الإقامة والعمل و أمن الحدود عن طريق البر المرحلة الاولى (منطقة الرياض) (48/26/62),5,"التاريخ: 07/03/1448
الموافق: 20/08/2026",20/08/2026,"التاريخ: 12/03/1448
الموافق: 25/08/2026",25/08/2026,,المديريه العامه للسجون طريق الدمام ادارة المنافسات,داخل المملكة,
1084721,2026-08-15T19:42:29.789257+00:00,0.00,توريد قطع غيار لمنظومة انتاج الخفجي 60020517,5,"التاريخ: 11/02/1448
الموافق: 26/07/2026",26/07/2026,"التاريخ: 22/02/1448
الموافق: 06/08/2026",06/08/2026,,المؤسسة العامة لتحلية المياه المالحة – الرياض – العليا – طريق الملك فهد الدور الرابع لجنة فتح المظاريف,داخل المملكة,
1084723,2026-08-15T20:35:44.782731+00:00,0.00,توريد مضخات لمنظومة انتاج الخفجي 60020518,,"التاريخ: 11/02/1448
الموافق: 26/07/2026",26/07/2026,"التاريخ: 22/02/1448
الموافق: 06/08/2026",06/08/2026,,لا يوجد,داخل المملكة,
1084724,2026-08-15T20:16:25.181934+00:00,500.00,تشغيل وصيانة ونظافة مباني سجون جازان 48/26/63,5,"التاريخ: 28/02/1448
الموافق: 12/08/2026",12/08/2026,"التاريخ: 17/03/1448
الموافق: 30/08/2026",30/08/2026,,المديريه العامه للسجون طريق الدمام  ادارة المنافسات,داخل المملكة,
1084726,2026-08-15T23:21:42.705917+00:00,0.00,خدمة التحقق من التدريع والحماية الاشعاعية لغرف الأشعة السينية في مركز صحي إسكان الحرس الوطني بالطائف التابع لمستشفى الملك سلمان التخصصي بالطائف التابع للشؤون الصحية بوزارة الحرس الوطني,,"التاريخ: 15/02/1448
الموافق: 30/07/2026",30/07/2026,"التاريخ: 18/03/1448
الموافق: 31/08/2026",31/08/2026,,لا يوجد,داخل المملكة,
1084729,2026-08-15T20:35:52.857355+00:00,0.00,توريد قطع غيار لمنظومة انتاج الخفجي 60020519,5,"التاريخ: 30/01/1448
الموافق: 15/07/2026",15/07/2026,"التاريخ: 15/02/1448
الموافق: 30/07/2026",30/07/2026,,المؤسسة العامة لتحلية المياه المالحة – الرياض – العليا – طريق الملك فهد الدور الرابع لجنة فتح المظاريف,داخل المملكة,
1084732,2026-08-15T20:36:00.894376+00:00,0.00,توريد مجفف هواء لمنظومة انتاج الخفجي 60020520,5,"التاريخ: 30/01/1448
الموافق: 15/07/2026",15/07/2026,"التاريخ: 15/02/1448
الموافق: 30/07/2026",30/07/2026,,المؤسسة العامة لتحلية المياه المالحة – الرياض – العليا – طريق الملك فهد الدور الرابع لجنة فتح المظاريف,داخل المملكة,
1084743,2026-08-15T22:22:30.353344+00:00,100.00,ضمان جمع ونقل ومعالجة والتخلص الآمن والنهائي من النفايات الطبية الخطرة الصادرة عن المستشفى والمباني التابعة له، وفق الأنظمة والاشتراطات البيئية والصحية المعتمدة، بما يحد من المخاطر الصحية والبيئية ويحافظ على سلامة المرضى والعاملين والمجتمع.,5,"التاريخ: 30/01/1448
الموافق: 15/07/2026",15/07/2026,"التاريخ: 23/07/1448
الموافق: 01/01/2027",01/01/2027,,المدينة الجامعية الحرم الشرقي   مبنى D1    الدور الأرضي    الإدارة العامة للمشتريات والمناقصات – مكتب المناقصات,داخل المملكة,نظافة المدن والتخلص من مقالب النفايات وردمها
1084782,2026-08-15T23:30:46.130380+00:00,0.00,توريد مضخات لمنظومة انتاج الخبر 60020656,5,"التاريخ: 11/02/1448
الموافق: 26/07/2026",26/07/2026,"التاريخ: 13/03/1448
الموافق: 26/08/2026",26/08/2026,,لجنة فحص العروض,داخل المملكة,
1084784,2026-08-15T22:36:03.358344+00:00,300.00,الاتفاقية الإطارية لتوريد أجهزة قارى الباركود,5,"التاريخ: 01/04/1448
الموافق: 13/09/2026",13/09/2026,"التاريخ: 05/06/1448
الموافق: 15/11/2026",15/11/2026,,عبر منصة اعتماد,داخل المملكة,
1084793,2026-08-15T23:21:49.266400+00:00,500.00,تأمين وتوريد أثاث و مستلزمات مكتبية لكلية الملك عبدالله للدفاع الجوي,5,"التاريخ: 29/02/1448
الموافق: 13/08/2026",13/08/2026,"التاريخ: 29/04/1448
الموافق: 11/10/2026",11/10/2026,,ادارة المشتريات الداخلية بكلية الملك عبدالله للدفاع الجوي,داخل المملكة,
1084795,2026-08-15T23:30:54.924674+00:00,0.00,توريد قطع غيار ميكانيكة لمنظومة انتاج جدة (مضخات، صمامات) 60020657,5,"التاريخ: 13/02/1448
الموافق: 28/07/2026",28/07/2026,"التاريخ: 17/03/1448
الموافق: 30/08/2026",30/08/2026,,لجنة فحص العروض,داخل المملكة,
1084803,2026-08-15T23:06:26.917846+00:00,200.00,طلب شراء 21 محطة عمل متطورة مقسمة إلى 15 وحدة للتحليل الهيكلي و6 وحدات لمهام ديناميكا الموائع، جميعها مزودة بأحدث المعالجات ، ذواكر عالية السعة، تخزين فائق السرعة، بطاقات رسوميات احترافية، وأنظمة تشغيل متقدمة لدعم التطبيقات الهندسية والعلمية الثقيلة,5,"التاريخ: 06/02/1448
الموافق: 21/07/2026",21/07/2026,"التاريخ: 21/02/1448
الموافق: 05/08/2026",05/08/2026,,منصة اعتماد,داخل المملكة,
1084805,2026-08-15T21:29:05.803777+00:00,0.00,يهدف هذا المشروع  لتجديد تراخيص برامج وأنظمة تقنية المعلومات لتعزيز استمرارية الأعمال والتأكد من عدم انقطاعها بسبب توقف الأنظمة عند انتهاء الرخص.,5,"التاريخ: 17/02/1448
الموافق: 01/08/2026",01/08/2026,"التاريخ: 02/03/1448
الموافق: 15/08/2026",15/08/2026,,مقر الصندوق (صندوق التنمية الوطني),داخل المملكة,
1084810,2026-08-15T20:58:07.367683+00:00,100.00,إلى تشغيل وإدارة وصيانة طبقات البيانات الداعمة لمنظومة برامج الدعم والإعانات الاجتماعية بما يضمن استمرارية العمليات التشغيلية والتحليلية واتخاذ القرار، حيث يرتكز نطاق العمل على تشغيل ومراقبة وصيانة طبقات استقبال البيانات ومعالجتها وتخزينها ونمذجتها، بالإضافة إلى تشغيل ومراقبة وتحسين خطوط معالجة البيانات (Data Pipelines) لضمان استمرارية وأمان تدفق البيانات من مصادرها المختلفة بشكل منظم، وكذلك تفعيل قدرات إدارة البيانات المرجعية والبيانات الوصفية وإجراء المراقبة الدورية لجودة البيانات وقياس مؤشرات الأداء، بما يضمن الحفاظ على دقة البيانات وتقليل الأخطاء التشغيلية,5,"التاريخ: 03/03/1448
الموافق: 16/08/2026",16/08/2026,"التاريخ: 17/03/1448
الموافق: 30/08/2026",30/08/2026,,ديوان الوزارة بالرياض مخرج 9 مبنى رقم 15 الدور الثالث سكرتير لجنة فتح العروض,داخل المملكة,
1084819,2026-08-15T23:38:22.814867+00:00,0.00,كراسة صيانة واصلاح مركبة من نوع تويوتا كورلا موديل 2016 لمديرية مكافحة المخدرات بمنطقة عسير,,"التاريخ: 23/01/1448
الموافق: 08/07/2026",08/07/2026,"التاريخ: 24/01/1448
الموافق: 09/07/2026",09/07/2026,,لا يوجد,داخل المملكة,
1084860,2026-08-15T18:34:45.357994+00:00,500.00,توريد وتركيب وبرمجة أجهزة ملاحة للقوات الخاصة للأمن البيئي,5,"التاريخ: 10/03/1448
الموافق: 23/08/2026",23/08/2026,"التاريخ: 15/04/1448
الموافق: 27/09/2026",27/09/2026,,مبنى قيادة القوات الخاصة للأمن البيئي,داخل المملكة,
1084863,2026-08-15T21:55:36.226250+00:00,500.00,تجديد أشتراك قاعدة البيانات الوطنية لمؤشرات جودة التمريض,5,"التاريخ: 14/02/1448
الموافق: 29/07/2026",29/07/2026,"التاريخ: 19/02/1448
الموافق: 03/08/2026",03/08/2026,,مبنى العيادات الخارجية برنامج الخدمات الصحية بالهيئة الملكية بالجبيل قاعه رقم 2025,داخل المملكة,
1084866,2026-08-15T23:41:22.941250+00:00,200.00,تأمين مستلزمات وخامات لمطابع الجامعة,5,"التاريخ: 27/02/1448
الموافق: 11/08/2026",11/08/2026,"التاريخ: 28/03/1448
الموافق: 10/09/2026",10/09/2026,,عبر منصة اعتماد,داخل المملكة,
1084868,2026-08-15T20:23:38.186407+00:00,0.00,توريد مواد  لصالح مدينة الملك عبدالعزيز الطبية بجدة,,"التاريخ: 25/07/1448
الموافق: 03/01/2027",03/01/2027,"التاريخ: 29/07/1448
الموافق: 07/01/2027",07/01/2027,,لا يوجد,داخل المملكة,
1084870,2026-08-15T23:15:12.847818+00:00,0.00,توريد مواد  لصالح مدينة الملك عبدالعزيز الطبية بجدة,,"التاريخ: 25/07/1448
الموافق: 03/01/2027",03/01/2027,"التاريخ: 29/07/1448
الموافق: 07/01/2027",07/01/2027,,لا يوجد,داخل المملكة,
1084871,2026-08-15T18:30:31.267801+00:00,0.00,توريد مواد  لصالح مدينة الملك عبدالعزيز الطبية بجدة,,"التاريخ: 25/07/1448
الموافق: 03/01/2027",03/01/2027,"التاريخ: 29/07/1448
الموافق: 07/01/2027",07/01/2027,,لا يوجد,داخل المملكة,
1084884,2026-08-15T22:51:21.661405+00:00,0.00,"Supply and Installation of FUEL TRANSFER PUMP ,

Model: 7JB80M02K, MEZ

0.75 KW /1HP, 220 Volts, 1 phase , 3460 RPM

Site visit is required before submitting quotation",,"التاريخ: 21/01/1448
الموافق: 06/07/2026",06/07/2026,"التاريخ: 22/01/1448
الموافق: 07/07/2026",07/07/2026,,لا يوجد,داخل المملكة,
1084903,2026-08-15T19:09:43.817617+00:00,100.00,تهدف هذه الكراسة إلى إسناد أعمال تشغيل وصيانة قاعدة البيانات والبوابة الجيومكانية والعمل على تحديثها وتطويرها بشكل مستمر للوصول الى بيئة متقدمة تقنياً ومتماشية مع أحدث الإصدارات البرمجية مراعين أن تكون دوماً متكيفة ومتوائمة مع أي مستجدات قد تطرأ على الاحتياج الخاص بالمنظومة والجهات ذات العلاقة بها  ، بالإضافة إلى المحافظة على سلاسة الاستخدام وتقديم تجربة مستخدم عالية الجودة تعزز من أمن وحماية البيانات وجوانب الامتثال الخاصة بها ويراعي السياسات المعمول بها من قبل الإدارات المعنية في الهيئة والتشريعات الخاصة بذلك من الجهات المعنية خارجياً مما يدعم تسهيل أعمال مختلف المستخدمين سواء كانوا داخليين أم خارجيين ، بغرض الاستفادة منها من قبل جميع الأطراف ذات العلاقة مما يدعم رفع الوعي عن مدى أهمية البيانات المكانية ويوفر لأصحاب القرار دراسات تدعمهم على ذلك  يتماشى مع الخطط المستقبلية والإستراتيجية التي تعتمد على البيانات المكانية .,5,"التاريخ: 03/03/1448
الموافق: 16/08/2026",16/08/2026,"التاريخ: 17/03/1448
الموافق: 30/08/2026",30/08/2026,,جدة - حي المحمدية - شارع أبي هيثم الأنصاري - مبنى مترو جدة - الدور الرابع,داخل المملكة,
1084904,2026-08-15T23:14:50.443578+00:00,100.00,توريد وتجديد رخص الحاسب الالي,5,"التاريخ: 11/02/1448
الموافق: 26/07/2026",26/07/2026,"التاريخ: 15/02/1448
الموافق: 30/07/2026",30/07/2026,,جدة - حي المحمدية - شارع أبي هيثم الأنصاري - مبنى مترو جدة - الدور الرابع,داخل المملكة,
1084939,2026-08-15T23:36:25.601070+00:00,1000.00,صيانة واعادة تأهيل كوبري الفريخة ببلدية الحقو,5,"التاريخ: 25/02/1448
الموافق: 09/08/2026",09/08/2026,"التاريخ: 25/04/1448
الموافق: 07/10/2026",07/10/2026,,امانة منطقة جازان,داخل المملكة,
1084941,2026-08-15T19:11:28.747964+00:00,500.00,صيانة شبكة تصريف مياه الامطار والسيول شمال الطائف ويشمل ذلك ( اعمال نظافة العبارات والاودية ومتابعة تشغيل عبارات السيول 00 الخ ) حسب جدول الكميات والشروط الخاصة,5,"التاريخ: 28/05/1448
الموافق: 08/11/2026",08/11/2026,"التاريخ: 28/06/1448
الموافق: 08/12/2026",08/12/2026,,الكتروني,داخل المملكة,شبكات تصريف السيول
1084942,2026-08-15T19:22:55.790187+00:00,500.00,صيانة شبكة تصريف مياه الامطار والسيول جنوب ووسط الطائف ويشمل ذلك ( اعمال نظافة العبارات والاودية ومتابعة تشغيل عبارات السيول 00 الخ ) حسب جدول الكميات والشروط الخاصة .,5,"التاريخ: 25/05/1448
الموافق: 05/11/2026",05/11/2026,"التاريخ: 26/06/1448
الموافق: 06/12/2026",06/12/2026,,الكتروني,داخل المملكة,شبكات تصريف السيول
1084950,2026-08-15T23:21:56.572607+00:00,500.00,توريد وتركيب أجهزة حاسوبية متقدمة لجامعة الإمام محمد بن سعود الإسلامية,5,"التاريخ: 02/05/1448
الموافق: 13/10/2026",13/10/2026,"التاريخ: 12/05/1448
الموافق: 23/10/2026",23/10/2026,,مبنى ادارة الجامعة الدور الرابع قاعة فتح العروض,داخل المملكة,
1084958,2026-08-15T18:31:56.800813+00:00,150.00,توريد التجهيزات والمواد الأمنية والإطفاء والسلامة,5,"التاريخ: 24/03/1448
الموافق: 06/09/2026",06/09/2026,"التاريخ: 24/04/1448
الموافق: 06/10/2026",06/10/2026,,الهيئة الملكية بينبع - قسم العقود,داخل المملكة,
1084962,2026-08-15T19:28:54.077256+00:00,500.00,تأمين متطلبات أمنية لزوم وحدات وزارة الحرس الوطني بالمنطقة الوسطى.,5,"التاريخ: 07/06/1448
الموافق: 17/11/2026",17/11/2026,"التاريخ: 20/06/1448
الموافق: 30/11/2026",30/11/2026,,المبنى الرئيسي - الدور الرابع - قاعة رقم 4066,داخل المملكة,
1084966,2026-08-15T23:28:09.599415+00:00,500.00,صيانة الأرصفة بمركز وادي جازان ( عقد بديل ),5,"التاريخ: 13/02/1448
الموافق: 28/07/2026",28/07/2026,"التاريخ: 20/02/1448
الموافق: 04/08/2026",04/08/2026,,لجنة فتح العروض ببلدية محافظة ابوعريش,داخل المملكة,"صيانة الطرق, الطــــرق"
1084967,2026-08-15T23:31:00.647639+00:00,100.00,تسعى وزارة الاستثمار في ظل الجهود التطويرية لمبانيها وتجهيزاتها إلى التركيز على أفضل المواصفات في مشاريعها سعياً للرقي بمستوى عملها وتوسعة المباني حسب الخطة المستقبلية للوزارة، ولهذا تم طرح هذا المشروع لتأهيل وتطوير مكتب مساعد معالي الوزير في المقر الرئيسي في مدينة الرياض,5,"التاريخ: 15/02/1448
الموافق: 30/07/2026",30/07/2026,"التاريخ: 28/02/1448
الموافق: 12/08/2026",12/08/2026,,وزارة الاستثمار,داخل المملكة,
1084968,2026-08-15T23:11:08.307389+00:00,500.00,يهدف هذا المشروع إلى تشغيل وصيانة ونظافة أنظمة الري ومكوناتها المختلفة، بما في ذلك أنظمة الري بالتنقيط والمرشات الثابتة والمتحركة وما يرتبط بها من خزانات ومضخات ولوحات تحكم ومولدات ومرافق مساندة، بالإضافة إلى تنفيذ أعمال العناية بالمزروعات والمحافظة على جاهزية المواقع التشغيلية,5,"التاريخ: 18/02/1448
الموافق: 02/08/2026",02/08/2026,"التاريخ: 19/03/1448
الموافق: 01/09/2026",01/09/2026,,إلكتروني عبر منصة اعتماد,داخل المملكة,
1084970,2026-08-15T23:41:29.765977+00:00,500.00,اعمال الصيانة والنظافة والتشغيل لعدد (12) مبنى اداري بمنطقة الرياض,5,"التاريخ: 26/04/1448
الموافق: 08/10/2026",08/10/2026,"التاريخ: 28/05/1448
الموافق: 08/11/2026",08/11/2026,,الرياض طريق الملك فهد,داخل المملكة,
1084971,2026-08-15T20:13:27.662498+00:00,500.00,اعمال الصيانة والنظافة والتشغيل لعدد (9) مبنى اداري بمنطقة المدينة المنورة,5,"التاريخ: 15/04/1448
الموافق: 27/09/2026",27/09/2026,"التاريخ: 16/05/1448
الموافق: 27/10/2026",27/10/2026,,الرياض طريق الملك فهد,داخل المملكة,
1084977,2026-08-15T20:05:06.435477+00:00,0.00,لتمديد الكهرباء لعدد (4 )بركسات بمركزالتدريب التكتيكي,,"التاريخ: 28/02/1448
الموافق: 12/08/2026",12/08/2026,"التاريخ: 19/03/1448
الموافق: 01/09/2026",01/09/2026,,لا يوجد,داخل المملكة,
1084989,2026-08-15T22:25:08.726454+00:00,300.00,صيانة اجهزة المحولات الكهربائية صيانة تصحيحية وصيانة وقائية شلملأ توريد وتركيب قطع الغيار,5,"التاريخ: 19/02/1448
الموافق: 03/08/2026",03/08/2026,"التاريخ: 18/03/1448
الموافق: 31/08/2026",31/08/2026,,علي منصة اعتماد,داخل المملكة,صيانة وتشغيل الأعمال الكهربائية
1084990,2026-08-15T22:25:14.809661+00:00,300.00,صيانة اجهزة المولدات الكهربائية صيانة تصحيحية وصيانة وقائية شلملأ توريد وتركيب قطع الغيار,5,"التاريخ: 19/02/1448
الموافق: 03/08/2026",03/08/2026,"التاريخ: 18/03/1448
الموافق: 31/08/2026",31/08/2026,,علي منصة اعتماد,داخل المملكة,"صيانة وتشغيل الأعمال الكهربائية, محطات توليد الطــاقة"
1084991,2026-08-15T22:12:23.864116+00:00,300.00,صيانة اجهزة الطاقة الغير منقطعه صيانة تصحيحية وصيانة وقائية شلملأ توريد وتركيب قطع الغيار,5,"التاريخ: 05/03/1448
الموافق: 18/08/2026",18/08/2026,"التاريخ: 20/03/1448
الموافق: 02/09/2026",02/09/2026,,علي منصة اعتماد,داخل المملكة,صيانة وتشغيل الأعمال الكهربائية
1084995,2026-08-15T22:25:21.976646+00:00,300.00,المعالجات الكيميائية والفيزيائية والبيولوجية للحفاظ على جودة وكفاءة المياه المنتجة والمشغلة لجميع مرافق المستشفى ومحطات التنويم ومختبراتها وغرف العمليات وخزانات المياه,5,"التاريخ: 04/03/1448
الموافق: 17/08/2026",17/08/2026,"التاريخ: 03/04/1448
الموافق: 15/09/2026",15/09/2026,,علي منصة اعتماد,داخل المملكة,"صيانة وتشغيل أعمال المياه والصرف الصحي, صيانة وتشغيل الأعمال الميكانيكيـة"
1085002,2026-08-15T22:02:49.175945+00:00,3000.00,تحقيق  الامتثال بتطبيق متطلبات وضوابط الامن السيبراني بأمانة القصيم,5,"التاريخ: 21/03/1448
الموافق: 03/09/2026",03/09/2026,"التاريخ: 22/04/1448
الموافق: 04/10/2026",04/10/2026,,أمانة منطقة القصيم / الإدارة العامة للمشتريات والمناقصات / فتح المظاريف,داخل المملكة,صيانة وتشغيل تقنية الاتصالات
1085008,2026-08-15T21:13:08.720485+00:00,1000.00,"تجديد خدمات الدعم الفني
لمنظومة المعلومات الجامعية الأكاديمية",5,"التاريخ: 26/02/1448
الموافق: 10/08/2026",10/08/2026,"التاريخ: 06/03/1448
الموافق: 19/08/2026",19/08/2026,,حامعة بيشة ادارة العقود والمشتريات مبنى 25,داخل المملكة,
1085014,2026-08-15T20:55:08.302965+00:00,500.00,المتطلبات العاجلة والملحة لتأمين مكاتب الموظفين بالمبنى الرئيسى (حسب التوجيه في زيارة معالي الوزير لمجمع إرادة للصحة النفسية الجديد بتجمع الرياض الصحي الثالث),5,"التاريخ: 21/02/1448
الموافق: 05/08/2026",05/08/2026,"التاريخ: 25/02/1448
الموافق: 09/08/2026",09/08/2026,,تجمع الرياض الصحي الثالث,داخل المملكة,
1085019,2026-08-15T23:31:06.702968+00:00,0.00,"توريد المواد وقطع الغيار (TRANSMITTER,GAUGE) الهيئة السعودية للمياه منظومة انتاج ينبع - الساحل الغربي.",,"التاريخ: 19/02/1448
الموافق: 03/08/2026",03/08/2026,"التاريخ: 17/03/1448
الموافق: 30/08/2026",30/08/2026,,لا يوجد,داخل المملكة,
1085020,2026-08-15T21:23:30.840672+00:00,0.00,"توريد المواد وقطع الغيار (INST,CONTROL VLV/ACT) الهيئة السعودية للمياه منظومة انتاج ينبع - الساحل الغربي.60020662",,"التاريخ: 19/02/1448
الموافق: 03/08/2026",03/08/2026,"التاريخ: 17/03/1448
الموافق: 30/08/2026",30/08/2026,,لا يوجد,داخل المملكة,
1085021,2026-08-15T23:31:12.472193+00:00,0.00,"توريد المواد وقطع الغيار (GREASE,INDUSTRIAL) الهيئة السعودية للمياه منظومة انتاج املج - الساحل الغربي.60020663",,"التاريخ: 19/02/1448
الموافق: 03/08/2026",03/08/2026,"التاريخ: 17/03/1448
الموافق: 30/08/2026",30/08/2026,,لا يوجد,داخل المملكة,
1085025,2026-08-15T22:53:54.866401+00:00,1000.00,ملحق,5,"التاريخ: 14/02/1448
الموافق: 29/07/2026",29/07/2026,"التاريخ: 15/02/1448
الموافق: 30/07/2026",30/07/2026,,الرياض المبنى الرئيسي,داخل المملكة,
1085034,2026-08-15T23:22:04.502096+00:00,0.00,ROLLER ASM WHEEL WE03 X 10016 GE,,"التاريخ: 14/02/1448
الموافق: 29/07/2026",29/07/2026,"التاريخ: 15/02/1448
الموافق: 30/07/2026",30/07/2026,,لا يوجد,داخل المملكة,
1085035,2026-08-15T23:22:11.325629+00:00,0.00,"2-1/2"" X 1-1/2"" FEMALE & MALE BRASS FIRE HYDRANT ADAPTER WITH PIN PlU(5",,"التاريخ: 07/02/1448
الموافق: 22/07/2026",22/07/2026,"التاريخ: 08/02/1448
الموافق: 23/07/2026",23/07/2026,,لا يوجد,داخل المملكة,
1085037,2026-08-15T23:11:16.120310+00:00,0.00,"BRUSH WIRE 6"" LONG",,"التاريخ: 13/02/1448
الموافق: 28/07/2026",28/07/2026,"التاريخ: 14/02/1448
الموافق: 29/07/2026",29/07/2026,,لا يوجد,داخل المملكة,
1085038,2026-08-15T23:11:24.186491+00:00,0.00,PORCELAIN TILES 11 CM X 20CM X 1CM,,"التاريخ: 13/02/1448
الموافق: 28/07/2026",28/07/2026,"التاريخ: 14/02/1448
الموافق: 29/07/2026",29/07/2026,,لا يوجد,داخل المملكة,
1085041,2026-08-15T22:23:22.223050+00:00,0.00,"KITCHEN MIXER FAUCET, B8592AA IDEAL STANDARD",,"التاريخ: 13/02/1448
الموافق: 28/07/2026",28/07/2026,"التاريخ: 14/02/1448
الموافق: 29/07/2026",29/07/2026,,لا يوجد,داخل المملكة,
1085042,2026-08-15T22:23:27.821389+00:00,0.00,HAND SHOWER TRIGGER SPRAY B0924AA IDEAL,,"التاريخ: 13/02/1448
الموافق: 28/07/2026",28/07/2026,"التاريخ: 14/02/1448
الموافق: 29/07/2026",29/07/2026,,لا يوجد,داخل المملكة,
1085046,2026-08-15T20:16:33.604184+00:00,1000.00,توريد قطع غيار لآليات قوات أمن المنشآت,5,"التاريخ: 18/05/1448
الموافق: 29/10/2026",29/10/2026,"التاريخ: 19/06/1448
الموافق: 29/11/2026",29/11/2026,,الرياض – مبنى قيادة قوات أمن المنشآت الجديد - طريق الدمام,داخل المملكة,
1085047,2026-08-15T22:23:34.977403+00:00,0.00,"COUNTER SINK HEAD 2-1/2"" BRASS SCREW",,"التاريخ: 14/02/1448
الموافق: 29/07/2026",29/07/2026,"التاريخ: 15/02/1448
الموافق: 30/07/2026",30/07/2026,,لا يوجد,داخل المملكة,
1085048,2026-08-15T23:11:31.440210+00:00,0.00,"FILTER BAG EFFICIENT 85%, 8 POCKET SIZE 24"" X 24"" X 16"" BRAND GAFCO",,"التاريخ: 14/02/1448
الموافق: 29/07/2026",29/07/2026,"التاريخ: 15/02/1448
الموافق: 30/07/2026",30/07/2026,,لا يوجد,داخل المملكة,
1085050,2026-08-15T23:11:38.598824+00:00,0.00,"FILTER, EXHAUST, PN-0532140157 (862562 B21), BUSCH",,"التاريخ: 13/02/1448
الموافق: 28/07/2026",28/07/2026,"التاريخ: 14/02/1448
الموافق: 29/07/2026",29/07/2026,,لا يوجد,داخل المملكة,
1085051,2026-08-15T23:11:45.016226+00:00,0.00,"STEELTUBE5X IOCM-6METER, 3MM THICKNESS",,"التاريخ: 13/02/1448
الموافق: 28/07/2026",28/07/2026,"التاريخ: 14/02/1448
الموافق: 29/07/2026",29/07/2026,,لا يوجد,داخل المملكة,
1085052,2026-08-15T23:06:34.598611+00:00,0.00,"REPLACEMENT STAINLEY TOOTH BELT , H-037 - 905 (1,000 CENTIMETER LONG)",,"التاريخ: 14/02/1448
الموافق: 29/07/2026",29/07/2026,"التاريخ: 15/02/1448
الموافق: 30/07/2026",30/07/2026,,لا يوجد,داخل المملكة,
1085053,2026-08-15T23:11:51.975508+00:00,0.00,THE CONTRACTOR SHALL SUPPLY AND INSTALL A PADEL COURT AT KFMMC,,"التاريخ: 14/02/1448
الموافق: 29/07/2026",29/07/2026,"التاريخ: 15/02/1448
الموافق: 30/07/2026",30/07/2026,,لا يوجد,داخل المملكة,
1085055,2026-08-15T20:25:16.002931+00:00,0.00,TEASPOON PLASTIC,,"التاريخ: 15/02/1448
الموافق: 30/07/2026",30/07/2026,"التاريخ: 16/02/1448
الموافق: 31/07/2026",31/07/2026,,لا يوجد,داخل المملكة,
1085058,2026-08-15T23:06:41.356648+00:00,0.00,BIOCIDAL MUTI-PURPOSE CLEANER (5 LITERS),,"التاريخ: 14/02/1448
الموافق: 29/07/2026",29/07/2026,"التاريخ: 15/02/1448
الموافق: 30/07/2026",30/07/2026,,لا يوجد,داخل المملكة,
1085059,2026-08-15T23:06:49.762607+00:00,0.00,RECTANGULAR PLASTIC FOOD CONTAINER WITH COVER FOR LUNCH,,"التاريخ: 14/02/1448
الموافق: 29/07/2026",29/07/2026,"التاريخ: 15/02/1448
الموافق: 30/07/2026",30/07/2026,,لا يوجد,داخل المملكة,
1085061,2026-08-15T23:06:56.711657+00:00,0.00,"ASSY RGB MAIN ,P171.DC92-00143A",,"التاريخ: 13/02/1448
الموافق: 28/07/2026",28/07/2026,"التاريخ: 14/02/1448
الموافق: 29/07/2026",29/07/2026,,لا يوجد,داخل المملكة,
1085065,2026-08-15T23:31:20.439747+00:00,500.00,توريد مواد لتشغيل وتأهيل مختبر الوقاية ووحدات سلاح الدفاع,5,"التاريخ: 04/02/1448
الموافق: 19/07/2026",19/07/2026,"التاريخ: 08/02/1448
الموافق: 23/07/2026",23/07/2026,,إدارة تشغيل وصيانة المنشآت العسكرية بالخرج والسليل,داخل المملكة,
1085066,2026-08-15T20:08:48.989454+00:00,200.00,مشروع تراخيص دعم الأنظمة الدورية للحلول التقنية لدى تقنية المعلومات 2026 جامعة الملك خالد,5,"التاريخ: 10/03/1448
الموافق: 23/08/2026",23/08/2026,"التاريخ: 24/03/1448
الموافق: 06/09/2026",06/09/2026,,أبها,داخل المملكة,خدمات الإنترنت
1085068,2026-08-15T22:57:36.821773+00:00,0.00,إعادة تأهيل مبنى ميز فرع الإدارة الهندية والأشغال بالجنوبية,,"التاريخ: 04/02/1448
الموافق: 19/07/2026",19/07/2026,"التاريخ: 05/02/1448
الموافق: 20/07/2026",20/07/2026,,لا يوجد,داخل المملكة,
1085070,2026-08-15T20:23:03.462400+00:00,500.00,منافسة احلال وتجديد صمامات التحكم بالتدفق بمحطة المبردات المركزية بجامعة الملك فيصل,5,"التاريخ: 19/02/1448
الموافق: 03/08/2026",03/08/2026,"التاريخ: 20/02/1448
الموافق: 04/08/2026",04/08/2026,,القاعة الخاصة بفتح المظاريف بالدور الثالث بمبنى الإدارة الرئيسي رقم 3,داخل المملكة,
1085080,2026-08-15T21:13:15.194976+00:00,0.00,اتفاقية اطارية لتصميم وتوريد وتركيب ارفف لمستودعات الهيئة,5,"التاريخ: 14/02/1448
الموافق: 29/07/2026",29/07/2026,"التاريخ: 15/02/1448
الموافق: 30/07/2026",30/07/2026,,يتم فتح العروض إلكترونيا,داخل المملكة,
1085081,2026-08-15T21:13:22.569522+00:00,100.00,تأمين أجهزة تعبئة أسطوانات الأكسجين لكلية الملك فيصل الجوية,5,"التاريخ: 28/02/1448
الموافق: 12/08/2026",12/08/2026,"التاريخ: 28/03/1448
الموافق: 10/09/2026",10/09/2026,,كلية الملك فيصل الجوية,داخل المملكة,
1085087,2026-08-15T22:25:29.597223+00:00,1500.00,القيام بتنفيذ دراسة بحثية في جميع مناطق المملكة (١٣) لقياس مستوى وعي المواطنين السعوديين بمفاهيم ومبادرات كفاءة الطاقة ميدانياً وعبر الإنترنت وعبر الهاتف,5,"التاريخ: 11/02/1448
الموافق: 26/07/2026",26/07/2026,"التاريخ: 15/02/1448
الموافق: 30/07/2026",30/07/2026,,الرياض حي النخيل البوابة الرقميه مبني IT02,داخل المملكة,
1085090,2026-08-15T22:36:11.042753+00:00,100.00,توريد لوحة توزيع كهربائي مقاس 1600 امبير مصنوعه من الاستانلس 316,5,"التاريخ: 27/02/1448
الموافق: 11/08/2026",11/08/2026,"التاريخ: 28/03/1448
الموافق: 10/09/2026",10/09/2026,,اعتماد,داخل المملكة,
1085095,2026-08-15T22:36:16.383971+00:00,100.00,توريد خلية ضوئية لكشافات الانارة الخارجيه,5,"التاريخ: 27/02/1448
الموافق: 11/08/2026",11/08/2026,"التاريخ: 28/03/1448
الموافق: 10/09/2026",10/09/2026,,اعتماد,داخل المملكة,
1085120,2026-08-15T23:22:17.326416+00:00,0.00,انشاء دوار الهياثم بقطر 30م داخل نطاق مركز الهياثم,5,"التاريخ: 07/02/1448
الموافق: 22/07/2026",22/07/2026,"التاريخ: 14/02/1448
الموافق: 29/07/2026",29/07/2026,,بلدية الهياثم الشئون المالية,داخل المملكة,
1085122,2026-08-15T22:43:50.599072+00:00,0.00,مشروع توريد وتركيب كاميرات بالمواقع الخاصة بالحج,,"التاريخ: 27/01/1448
الموافق: 12/07/2026",12/07/2026,"التاريخ: 28/01/1448
الموافق: 13/07/2026",13/07/2026,,لا يوجد,داخل المملكة,
1085137,2026-08-15T23:11:58.068547+00:00,0.00,تركيب بوابة الكترونية لمدخل مواقف السيارات بالإدارة العامة بالجامعة,,"التاريخ: 05/03/1448
الموافق: 18/08/2026",18/08/2026,"التاريخ: 20/03/1448
الموافق: 02/09/2026",02/09/2026,,لا يوجد,داخل المملكة,
1085140,2026-08-15T22:43:58.162740+00:00,0.00,توريد المواد وقطع الغيار مضخات الهيئة السعودية للمياه منظومة انتاج الشعيبة - الساحل الغربي. 60020664,5,"التاريخ: 19/02/1448
الموافق: 03/08/2026",03/08/2026,"التاريخ: 17/03/1448
الموافق: 30/08/2026",30/08/2026,,الادارة التنفيذية للإمداد بالمركز الرئيسي بالرياض,داخل المملكة,
1085153,2026-08-15T23:07:04.651153+00:00,0.00,توريد وتركيب أبواب wpc لفرع الإدارة الهندسية والأشغال بالجنوبية,,"التاريخ: 04/02/1448
الموافق: 19/07/2026",19/07/2026,"التاريخ: 05/02/1448
الموافق: 20/07/2026",20/07/2026,,لا يوجد,داخل المملكة,
1085161,2026-08-15T23:22:23.983557+00:00,10000.00,سفلتة الصداوي والقرى التابعة لها لامانة محافظة حفر الباطن,5,"التاريخ: 29/02/1448
الموافق: 13/08/2026",13/08/2026,"التاريخ: 03/03/1448
الموافق: 16/08/2026",16/08/2026,,الصداوي,داخل المملكة,
1085170,2026-08-15T23:41:36.652558+00:00,500.00,تجديد رخص أدوبي,5,"التاريخ: 05/02/1448
الموافق: 20/07/2026",20/07/2026,"التاريخ: 12/02/1448
الموافق: 27/07/2026",27/07/2026,,الديوان الملكي بالرياض,داخل المملكة,
1085172,2026-08-15T23:31:26.213469+00:00,500.00,توريد وتركيب مضخة صرف صحي معهد الدراسات الفنية للقوات البحرية,5,"التاريخ: 06/02/1448
الموافق: 21/07/2026",21/07/2026,"التاريخ: 07/02/1448
الموافق: 22/07/2026",22/07/2026,,الكتروني,داخل المملكة,
1085182,2026-08-15T18:41:45.365505+00:00,0.00,صيانة وتأهيل كمبروسرات من النوع طارد مركزي,,"التاريخ: 18/02/1448
الموافق: 02/08/2026",02/08/2026,"التاريخ: 17/03/1448
الموافق: 30/08/2026",30/08/2026,,لا يوجد,داخل المملكة,نظام التكييف المركزي
1085185,2026-08-15T22:42:08.037913+00:00,0.00,تأمين مستلزمات وأجهزة طبية وقطع غيار لمركز الأمير سلطان لمعالجة أمراض وجراحة القلب,,"التاريخ: 23/01/1448
الموافق: 08/07/2026",08/07/2026,"التاريخ: 24/01/1448
الموافق: 09/07/2026",09/07/2026,,لا يوجد,داخل المملكة,
1085188,2026-08-15T23:02:33.368555+00:00,0.00,تأمين مستلزمات وأجهزة طبية وقطع غيار لمركز الأمير سلطان لمعالجة أمراض وجراحة القلب,,"التاريخ: 23/01/1448
الموافق: 08/07/2026",08/07/2026,"التاريخ: 24/01/1448
الموافق: 09/07/2026",09/07/2026,,لا يوجد,داخل المملكة,
1085192,2026-08-15T23:26:38.360298+00:00,200.00,تجهيز معملي أبحاث الكيمياء العضوية بكلية العلوم شطر الطالبات,5,"التاريخ: 15/02/1448
الموافق: 30/07/2026",30/07/2026,"التاريخ: 18/02/1448
الموافق: 02/08/2026",02/08/2026,,قاعة المشتريات,داخل المملكة,
1085212,2026-08-15T19:55:52.327953+00:00,500.00,"إنشاء منظومة تشغيلية متكملة على مستوى المملكة لمعالجة المخالفات المرتبطة بخدمات المياه والصرف 
 الصحي،بما يضمن الاستجابة السريعة للحالات الطارئة،والحد من الاضرار البيئبة والصحية ،وتعزيز كفاءة إدارة المخالفات 
 وفق إطار تنظيمي وتقني موحد.",5,"التاريخ: 05/04/1448
الموافق: 17/09/2026",17/09/2026,"التاريخ: 08/05/1448
الموافق: 19/10/2026",19/10/2026,,المؤسسة العامة لتحلية المياه المالحة – الرياض – العليا – طريق الملك فهد  الدور الرابع لجنة فتح المظاريف,داخل المملكة,
1085214,2026-08-15T18:40:26.678730+00:00,1000.00,دعم تشغيل مركز الرصد والتحليل في الهيئة السعودية لتنظيم الكهرباء في مقرها الرئيسي وفقاً لنطاق العمل التفصيلي الوارد في هذه الكراسة، حيث تعمل الهيئة برصد كل ما يثار حول جوانب تقديم الخدمة الكهربائية على سبيل المثال لا الحصر في وسائل التواصل الاجتماعي ووسائل الإعلام المختلفة والتعامل معها، والتحليل والتنبؤ بالأزمات وإصدار التقارير الخاصة بالمحتوى المنشور وإصدار تقارير متابعة الأزمات والاستجابة وإدارة الأزمات والتقارير الإحصائية لكافة المراكز والإدارات المعنية في الهيئة والجهات ذات العلاقة بأعمال الهيئة.,5,"التاريخ: 13/03/1448
الموافق: 26/08/2026",26/08/2026,"التاريخ: 20/06/1448
الموافق: 30/11/2026",30/11/2026,,يرجى متابعة النتائج عبر منصة اعتماد,داخل المملكة,
1085217,2026-08-15T23:16:30.975570+00:00,0.00,صيانة دورية لجهاز طبي لدعم القلب والرئتين بمدينة الملك عبدالعزيز الطبية بجدة التابعة للشؤون الصحية بوزارة الحرس الوطني,,"التاريخ: 05/02/1448
الموافق: 20/07/2026",20/07/2026,"التاريخ: 06/02/1448
الموافق: 21/07/2026",21/07/2026,,لا يوجد,داخل المملكة,صيانة المـراكـز الطبيــة
1085220,2026-08-15T23:31:31.872296+00:00,0.00,توريد مواد كيميائية لمنظومة انتاج مياه الشعيبة بالساحل الغربي - 60020665,5,"التاريخ: 06/02/1448
الموافق: 21/07/2026",21/07/2026,"التاريخ: 08/02/1448
الموافق: 23/07/2026",23/07/2026,,الادارة التنفيذية للإمداد بالمركز الرئيسي بالرياض,داخل المملكة,
1085224,2026-08-15T22:36:23.592229+00:00,0.00,توريد زيوت صناعية لمنظومة انتاج ينبع بالساحل الغربي - 60020666,5,"التاريخ: 18/02/1448
الموافق: 02/08/2026",02/08/2026,"التاريخ: 19/02/1448
الموافق: 03/08/2026",03/08/2026,,الادارة التنفيذية للإمداد بالمركز الرئيسي بالرياض,داخل المملكة,
1085225,2026-08-15T22:36:30.964747+00:00,0.00,توريد دهانات لمنظومة انتاج الشعيبة بالساحل الغربي - 60020667,5,"التاريخ: 07/02/1448
الموافق: 22/07/2026",22/07/2026,"التاريخ: 11/02/1448
الموافق: 26/07/2026",26/07/2026,,الادارة التنفيذية للإمداد بالمركز الرئيسي بالرياض,داخل المملكة,
1085228,2026-08-15T22:36:38.982938+00:00,200.00,تأهيل نظام التكييف في كلية الملك فهد البحرية,5,"التاريخ: 17/03/1448
الموافق: 30/08/2026",30/08/2026,"التاريخ: 22/04/1448
الموافق: 04/10/2026",04/10/2026,,اعتماد,داخل المملكة,نظام التكييف المركزي
1085237,2026-08-15T23:16:35.711253+00:00,0.00,صيانة وإصلاح مكيفات صحراوية,,"التاريخ: 20/01/1448
الموافق: 05/07/2026",05/07/2026,"التاريخ: 21/01/1448
الموافق: 06/07/2026",06/07/2026,,لا يوجد,داخل المملكة,
1085247,2026-08-15T23:22:30.101791+00:00,400.00,طرحت المنافسة لغرض الحصول على أفضل مورد بأسعار مناسبة وذات جودة ومطابقة وذلك لإتاحة الفرصة لجميع الموردين بتقديمهم والدخول بالمنافسات الحكومية,5,"التاريخ: 11/02/1448
الموافق: 26/07/2026",26/07/2026,"التاريخ: 18/02/1448
الموافق: 02/08/2026",02/08/2026,,بلدية البديع - قاعة الاجتماعية الرئيسية,داخل المملكة,"صيــانة الحدائق والمنتزهـات, صيانة الطرق, صيانة وتشغيل الأعمال الكهربائية"
1085259,2026-08-15T22:31:23.767888+00:00,0.00,تأمين قطع غيار لعدد (25) آلية لفرع الامداد والتموين بمكة المكرمة,,"التاريخ: 29/01/1448
الموافق: 14/07/2026",14/07/2026,"التاريخ: 06/02/1448
الموافق: 21/07/2026",21/07/2026,,لا يوجد,داخل المملكة,
1085260,2026-08-15T19:42:34.777502+00:00,0.00,60020673 - توريد قطع غيار ميكانيكية لمنظومة انتاج رأس الخير,5,"التاريخ: 14/11/1448
الموافق: 20/04/2027",20/04/2027,"التاريخ: 26/12/1448
الموافق: 01/06/2027",01/06/2027,,الرياض المركز الرئيسي إدارة المشتريات الدور الرابع مكتب رقم 18,داخل المملكة,
1085264,2026-08-15T18:44:23.152959+00:00,0.00,طلبات قسم الصيانة,,"التاريخ: 06/02/1448
الموافق: 21/07/2026",21/07/2026,"التاريخ: 07/02/1448
الموافق: 22/07/2026",22/07/2026,,لا يوجد,داخل المملكة,"صيانة المباني, المبـــاني"
1085266,2026-08-15T18:44:29.753626+00:00,0.00,طلبات قسم الصيانة,,"التاريخ: 07/02/1448
الموافق: 22/07/2026",22/07/2026,"التاريخ: 08/02/1448
الموافق: 23/07/2026",23/07/2026,,لا يوجد,داخل المملكة,"صيانة المباني, المبـــاني"
1085268,2026-08-15T18:44:36.301152+00:00,0.00,طلبات قسم الصيانة,,"التاريخ: 07/02/1448
الموافق: 22/07/2026",22/07/2026,"التاريخ: 08/02/1448
الموافق: 23/07/2026",23/07/2026,,لا يوجد,داخل المملكة,"صيانة المباني, المبـــاني"
1085269,2026-08-15T22:54:01.657853+00:00,500.00,المنافسة عبارة عن أعمال التشغيل والمراقبة والصيانة لأعمال ونظم التكييف والتدفئة والتهوية وملحقاتها بعدد من المرافق العدلية بجدة والمدينة المنورة والعلا والرس لضمان استمرار تشغيل النظام بكفاءة عالية,5,"التاريخ: 08/02/1448
الموافق: 23/07/2026",23/07/2026,"التاريخ: 15/02/1448
الموافق: 30/07/2026",30/07/2026,,الرياض,داخل المملكة,
1085270,2026-08-15T22:25:35.820824+00:00,0.00,طلبات قسم الصيانة,,"التاريخ: 07/02/1448
الموافق: 22/07/2026",22/07/2026,"التاريخ: 08/02/1448
الموافق: 23/07/2026",23/07/2026,,لا يوجد,داخل المملكة,"صيانة المباني, المبـــاني"
1085272,2026-08-15T22:25:42.284329+00:00,0.00,طلبات قسم الصيانة,,"التاريخ: 07/02/1448
الموافق: 22/07/2026",22/07/2026,"التاريخ: 08/02/1448
الموافق: 23/07/2026",23/07/2026,,لا يوجد,داخل المملكة,"صيانة المباني, المبـــاني"
1085273,2026-08-15T22:09:24.350551+00:00,500.00,تأمين وتوريد مستلزمات مساعدات التدريب والكاميرات وملحقاتها لكلية الملك عبدالله للدفاع الجوي,5,"التاريخ: 18/02/1448
الموافق: 02/08/2026",02/08/2026,"التاريخ: 25/02/1448
الموافق: 09/08/2026",09/08/2026,,ادارة المشتريات الداخلية بكلية الملك عبدالله للدفاع الجوي,داخل المملكة,
1085276,2026-08-15T22:25:48.413055+00:00,0.00,طلبات قسم الصيانة,,"التاريخ: 06/02/1448
الموافق: 21/07/2026",21/07/2026,"التاريخ: 08/02/1448
الموافق: 23/07/2026",23/07/2026,,لا يوجد,داخل المملكة,"صيانة المباني, المبـــاني"
1085278,2026-08-15T22:12:30.729627+00:00,0.00,طلبات قسم الصيانة,,"التاريخ: 06/02/1448
الموافق: 21/07/2026",21/07/2026,"التاريخ: 07/02/1448
الموافق: 22/07/2026",22/07/2026,,لا يوجد,داخل المملكة,"صيانة المباني, المبـــاني"
1085284,2026-08-15T22:25:56.644688+00:00,0.00,طلبات قسم الصيانة,,"التاريخ: 06/02/1448
الموافق: 21/07/2026",21/07/2026,"التاريخ: 08/02/1448
الموافق: 23/07/2026",23/07/2026,,لا يوجد,داخل المملكة,"صيانة المباني, المبـــاني"
1085285,2026-08-15T22:12:36.869987+00:00,0.00,طلبات قسم الصيانة,,"التاريخ: 04/02/1448
الموافق: 19/07/2026",19/07/2026,"التاريخ: 05/02/1448
الموافق: 20/07/2026",20/07/2026,,لا يوجد,داخل المملكة,"صيانة المباني, المبـــاني"
1085290,2026-08-15T22:33:16.045138+00:00,0.00,توريد المواد وقطع الغيار مضخات الهيئة السعودية للمياه منظومة انتاج الشعيبة - الساحل الغربي. 60020684,5,"التاريخ: 19/02/1448
الموافق: 03/08/2026",03/08/2026,"التاريخ: 17/03/1448
الموافق: 30/08/2026",30/08/2026,,الادارة التنفيذية للإمداد بالمركز الرئيسي بالرياض,داخل المملكة,
1085291,2026-08-15T22:12:44.838744+00:00,0.00,طلبات قسم الصيانة,,"التاريخ: 04/02/1448
الموافق: 19/07/2026",19/07/2026,"التاريخ: 05/02/1448
الموافق: 20/07/2026",20/07/2026,,لا يوجد,داخل المملكة,"صيانة المباني, المبـــاني"
1085292,2026-08-15T22:12:50.558879+00:00,0.00,طلبات قسم الصيانة,,"التاريخ: 01/02/1448
الموافق: 16/07/2026",16/07/2026,"التاريخ: 04/02/1448
الموافق: 19/07/2026",19/07/2026,,لا يوجد,داخل المملكة,"صيانة المباني, المبـــاني"
1085293,2026-08-15T19:27:38.147084+00:00,500.00,اعمال الصيانة والنظافة والتشغيل لعدد (60) مسجد وجامع بمنطقة تبوك,5,"التاريخ: 21/06/1448
الموافق: 01/12/2026",01/12/2026,"التاريخ: 21/07/1448
الموافق: 30/12/2026",30/12/2026,,الرياض طريق الملك فهد,داخل المملكة,
1085294,2026-08-15T22:12:57.800934+00:00,0.00,طلبات قسم الصيانة,,"التاريخ: 01/02/1448
الموافق: 16/07/2026",16/07/2026,"التاريخ: 04/02/1448
الموافق: 19/07/2026",19/07/2026,,لا يوجد,داخل المملكة,"صيانة المباني, المبـــاني"
1085295,2026-08-15T20:25:24.453203+00:00,0.00,توريد water sensor,,"التاريخ: 28/01/1448
الموافق: 13/07/2026",13/07/2026,"التاريخ: 29/01/1448
الموافق: 14/07/2026",14/07/2026,,لا يوجد,داخل المملكة,
1085302,2026-08-15T23:22:37.017048+00:00,0.00,توريد وتركيب عدد (112) إطار آليات مختلفه بوزارة الحرس الوطني بالقطاع الشرقي,,"التاريخ: 04/02/1448
الموافق: 19/07/2026",19/07/2026,"التاريخ: 05/02/1448
الموافق: 20/07/2026",20/07/2026,,لا يوجد,داخل المملكة,
1085318,2026-08-15T22:51:28.902310+00:00,500.00,تنظيف وتلميع ارضيات الليلينيوم والفينيل بمستشفى الصحة النفسية بالرياض التابع للشؤون الصحية بوزارة الحرس الوطني للبدا بالتشغيل,5,"التاريخ: 14/02/1448
الموافق: 29/07/2026",29/07/2026,"التاريخ: 17/03/1448
الموافق: 30/08/2026",30/08/2026,,ادارة المشتريات - المبنى الاداري بوابة رقم 1,داخل المملكة,
1085320,2026-08-15T21:33:44.715353+00:00,300.00,صيانة اجهزة الأطفال حديثي الولادة صيانة تصحيحية,5,"التاريخ: 04/03/1448
الموافق: 17/08/2026",17/08/2026,"التاريخ: 19/03/1448
الموافق: 01/09/2026",01/09/2026,,علي منصة اعتماد,داخل المملكة,"صيانة المـراكـز الطبيــة, صيانة وتشغيل الأعمال الاكترونية"
1085323,2026-08-15T20:58:12.518171+00:00,500.00,أعمال تشغيل وصيانة الأنظمة الأمنية والسلامة بجامعة الملك عبدالعزيز,5,"التاريخ: 28/03/1448
الموافق: 10/09/2026",10/09/2026,"التاريخ: 15/04/1448
الموافق: 27/09/2026",27/09/2026,,منصة اعتماد,داخل المملكة,
1085326,2026-08-15T22:02:58.499954+00:00,300.00,صيانة لوحات الجهد المنخفض ولوحات التحكم الكهربائية,5,"التاريخ: 12/03/1448
الموافق: 25/08/2026",25/08/2026,"التاريخ: 26/03/1448
الموافق: 08/09/2026",08/09/2026,,علي منصة اعتماد,داخل المملكة,صيانة وتشغيل الأعمال الكهربائية
1085327,2026-08-15T21:33:50.184240+00:00,300.00,صيانة اجهزة العلاج التنفسي صيانة تصحيحية وصيانة وقائية,5,"التاريخ: 04/03/1448
الموافق: 17/08/2026",17/08/2026,"التاريخ: 19/03/1448
الموافق: 01/09/2026",01/09/2026,,علي منصة اعتماد,داخل المملكة,"صيانة المـراكـز الطبيــة, صيانة وتشغيل الأعمال الاكترونية"
1085339,2026-08-15T23:22:43.373057+00:00,500.00,عملية صيانة ونظافة مبنى المحكمة العليا بمنطقة الرياض,5,"التاريخ: 08/02/1448
الموافق: 23/07/2026",23/07/2026,"التاريخ: 15/02/1448
الموافق: 30/07/2026",30/07/2026,,الرياض,داخل المملكة,
1085346,2026-08-15T23:36:46.179806+00:00,500.00,"-	الغرض إن الغاية من هذا المشروع هو صيانة الميادين ""غرف المحولات"" بمحافظة رأس تنورة",5,"التاريخ: 07/03/1448
الموافق: 20/08/2026",20/08/2026,"التاريخ: 17/03/1448
الموافق: 30/08/2026",30/08/2026,,بلدية محافظة الجبيل,داخل المملكة,
1085355,2026-08-15T21:33:56.106137+00:00,200.00,توفير خدمات المشروبات ومتطلبات الضيافة لمنسوبي الهيئة الملكية بينبع,5,"التاريخ: 03/04/1448
الموافق: 15/09/2026",15/09/2026,"التاريخ: 09/05/1448
الموافق: 20/10/2026",20/10/2026,,الهيئة الملكية بينبع - قسم العقود,داخل المملكة,
1085357,2026-08-15T23:31:40.248310+00:00,0.00,توضيب طرمبات الديزل ولف دينمو توليد كهرباء للمولدات بقيادة حرس الحدود بمنطقة جازان,,"التاريخ: 25/02/1448
الموافق: 09/08/2026",09/08/2026,"التاريخ: 26/02/1448
الموافق: 10/08/2026",10/08/2026,,لا يوجد,داخل المملكة,
1085359,2026-08-15T22:21:46.878058+00:00,0.00,معايرة وصيانة أجهزة عيادة السمعيات  لمستشفى القوات المسلحة بنجران,,"التاريخ: 30/01/1448
الموافق: 15/07/2026",15/07/2026,"التاريخ: 01/02/1448
الموافق: 16/07/2026",16/07/2026,,لا يوجد,داخل المملكة,
1085372,2026-08-15T19:30:01.966114+00:00,200.00,تهدف هذه المنافسة إلى توريد رخص منصة بيم (برنامج التواصل الفوري) لصالح جامعة نجران وذلك لتمكين منسوبي الجهة من استخدام منصة رقمية متكاملة وآمنه والتي تجمع بين التواصل المؤسسي والعمل الجماعي للتنظيم والإنتاجية وتوحيد الأعمال في منصة واحدة.,5,"التاريخ: 24/02/1448
الموافق: 08/08/2026",08/08/2026,"التاريخ: 03/03/1448
الموافق: 16/08/2026",16/08/2026,,ادارة المشتريات,داخل المملكة,
1085376,2026-08-15T20:33:11.234957+00:00,500.00,تحديث وتطوير برامج معلومات وصور الاشعة بالمستشفى الجامعي لمدة (36) شهر ميلادي,5,"التاريخ: 26/03/1448
الموافق: 08/09/2026",08/09/2026,"التاريخ: 09/04/1448
الموافق: 21/09/2026",21/09/2026,,عبر منصة اعتماد,داخل المملكة,
1085379,2026-08-15T21:40:57.560903+00:00,500.00,مشروع توريد رخص أكاديمية حاجة الكليات والعمادات بجامعة الملك فيصل,5,"التاريخ: 10/03/1448
الموافق: 23/08/2026",23/08/2026,"التاريخ: 11/03/1448
الموافق: 24/08/2026",24/08/2026,,القاعة الخاصة بفتح المظاريف بالدور الثالث بمبنى الإدارة الرئيسي رقم 3,داخل المملكة,
1085380,2026-08-15T23:31:45.876771+00:00,500.00,توريد وتركيب محطات عمل وكراسي لمركز التموين البحري بالاسطول الشرقي,5,"التاريخ: 30/01/1448
الموافق: 15/07/2026",15/07/2026,"التاريخ: 01/02/1448
الموافق: 16/07/2026",16/07/2026,,مركز التموين البحري بالاسطول الشرقي,داخل المملكة,
1085382,2026-08-15T20:04:45.119413+00:00,500.00,احتياج قوات الأمن الخاصة بشأن تمديد خط مياه رئيسي لقيادة قوات الأمن الخاصة موقع (117) بمدينة الرياض,5,"التاريخ: 25/04/1448
الموافق: 07/10/2026",07/10/2026,"التاريخ: 14/06/1448
الموافق: 24/11/2026",24/11/2026,,الكتروني,داخل المملكة,
1085387,2026-08-15T23:31:52.576853+00:00,500.00,تقديم خدمات الاحتفال باليوم الوطني 96 بمدينة الملك عبدالعزيز الطبية بالرياض,5,"التاريخ: 22/02/1448
الموافق: 06/08/2026",06/08/2026,"التاريخ: 10/04/1448
الموافق: 22/09/2026",22/09/2026,,ادارة المشتريات - المبنى الاداري- بوابة رقم 1,داخل المملكة,
1085392,2026-08-15T21:10:43.988859+00:00,0.00,تامين احبار لطابعات المديرية العامة لمكاحفة المخدرات,,"التاريخ: 18/02/1448
الموافق: 02/08/2026",02/08/2026,"التاريخ: 19/02/1448
الموافق: 03/08/2026",03/08/2026,,لا يوجد,داخل المملكة,
1085403,2026-08-15T19:10:24.902978+00:00,100.00,منافسة توريد مستهلكات مخبرية عند الطلب لمركز الملك عبدالله العالمي للأبحاث الطبية بالرياض التابع لجامعة الملك سعود بن عبدالعزيز للعلوم الصحية ذات الإعلان رقم كاساو/2026/008,5,"التاريخ: 25/03/1448
الموافق: 07/09/2026",07/09/2026,"التاريخ: 23/04/1448
الموافق: 05/10/2026",05/10/2026,,ادارة العقود والتموين بجامعه الملك سعود بن عبدالعزيز للعلوم الصحية في الرياض,داخل المملكة,
1085405,2026-08-15T23:22:51.487580+00:00,0.00,فحص وصيانة وتشغيل أبواب منزلقة (رول اب ) لمكتب الإدارة الهندسية والأشغال بجازان,,"التاريخ: 11/02/1448
الموافق: 26/07/2026",26/07/2026,"التاريخ: 18/02/1448
الموافق: 02/08/2026",02/08/2026,,لا يوجد,داخل المملكة,
1085406,2026-08-15T23:31:59.620546+00:00,500.00,صيانة وتطوير الأنظمة الإلكترونية,5,"التاريخ: 01/02/1448
الموافق: 16/07/2026",16/07/2026,"التاريخ: 04/02/1448
الموافق: 19/07/2026",19/07/2026,,الرياض هيئة الاذاعة والتلفزيون مبنى المالية الدور الثاني مكتب بندر الرديني,داخل المملكة,
1085409,2026-08-15T23:32:05.399899+00:00,0.00,توريد باب مزلق نفايات في المباني السكنية بمستشفى الملك سلمان التخصصي بالطائف التابع للشؤون الصحية بوزارة الحرس الوطني,,"التاريخ: 15/02/1448
الموافق: 30/07/2026",30/07/2026,"التاريخ: 17/03/1448
الموافق: 30/08/2026",30/08/2026,,لا يوجد,داخل المملكة,
1085410,2026-08-15T23:22:58.392788+00:00,0.00,إعادة تأهيل محابس شبكة توزيع المياه لموقع للدفاع الجوي بجازان,,"التاريخ: 04/02/1448
الموافق: 19/07/2026",19/07/2026,"التاريخ: 11/02/1448
الموافق: 26/07/2026",26/07/2026,,لا يوجد,داخل المملكة,"صيانة المباني, المبـــاني"
1085428,2026-08-15T18:34:51.913869+00:00,300.00,تأمين المشخصات والمستلزمات المخبرية لعزل وتصنيف مسببات الامراض الفيروسية النباتية,5,"التاريخ: 10/03/1448
الموافق: 23/08/2026",23/08/2026,"التاريخ: 01/04/1448
الموافق: 13/09/2026",13/09/2026,,الكتروني عبر منصة مركز وقاء,داخل المملكة,
1085431,2026-08-15T20:55:15.495296+00:00,0.00,H-SAS-HR419885-Spare part of centrifuge Thermo Multifuge X1 ;SN:42290625 توفير قطع غيار لجهاز الطرد المركزي لإصلاحه - قسم المختبرات,,"التاريخ: 24/01/1448
الموافق: 09/07/2026",09/07/2026,"التاريخ: 25/01/1448
الموافق: 10/07/2026",10/07/2026,,لا يوجد,داخل المملكة,
1085434,2026-08-15T21:42:57.306949+00:00,500.00,الأعمال اللازمة لتجهيز مستودع تخزين معدات الوقاية الشخصية من المواد الكيميائية والإشعاعية بمنطقة الرياض,5,"التاريخ: 11/02/1448
الموافق: 26/07/2026",26/07/2026,"التاريخ: 12/02/1448
الموافق: 27/07/2026",27/07/2026,,الإدارة العامة للمشتريات والعقود,داخل المملكة,
1085435,2026-08-15T22:51:46.938516+00:00,0.00,توريد قطع غيار اصلاح زورق كواش للقوة البرحية بجازان,,"التاريخ: 23/01/1448
الموافق: 08/07/2026",08/07/2026,"التاريخ: 24/01/1448
الموافق: 09/07/2026",09/07/2026,,لا يوجد,داخل المملكة,
1085436,2026-08-15T23:16:42.985838+00:00,0.00,H-SAS-HR420159-Replacement of Forklift battery in use in the medical warehouse. استبدال بطارية الرافعة الشوكية المستخدمة في المستودع الطبي,,"التاريخ: 24/01/1448
الموافق: 09/07/2026",09/07/2026,"التاريخ: 25/01/1448
الموافق: 10/07/2026",10/07/2026,,لا يوجد,داخل المملكة,
1085446,2026-08-15T22:26:03.988903+00:00,0.00,لجاجة البلدية لتوريد إسفلت بارد جاهز للاستخدام لمعالجة التشوهات,,"التاريخ: 08/02/1448
الموافق: 23/07/2026",23/07/2026,"التاريخ: 11/02/1448
الموافق: 26/07/2026",26/07/2026,,لا يوجد,داخل المملكة,
1085454,2026-08-15T23:32:12.917873+00:00,1000.00,تأمين أجهزة محطات عمل لمعمل أنظمة المعلومات الجغرافية والخرائط الرقمية لهيئة الاتصالات وتقنية المعلومات للقوات البرية,5,"التاريخ: 07/02/1448
الموافق: 22/07/2026",22/07/2026,"التاريخ: 08/02/1448
الموافق: 23/07/2026",23/07/2026,,معسكر القوات البرية رقم (1),داخل المملكة,
1085460,2026-08-15T23:23:05.956366+00:00,300.00,الحاجة الماسة لتوفير مقر اداري ملائم للموظفين و الموظفات بمركز الوثائق و المحفوظات,5,"التاريخ: 08/02/1448
الموافق: 23/07/2026",23/07/2026,"التاريخ: 11/02/1448
الموافق: 26/07/2026",26/07/2026,,جامعة حائل البرج الاداري ادارة المشتريات,داخل المملكة,
1085461,2026-08-15T22:45:29.565548+00:00,500.00,توريد مياه لمباني سجن المزاحمية ( 48/26/66 ),5,"التاريخ: 15/02/1448
الموافق: 30/07/2026",30/07/2026,"التاريخ: 03/03/1448
الموافق: 16/08/2026",16/08/2026,,المديريه العامه للسجون طريق الدمام  ادارة المنافسات,داخل المملكة,
1085462,2026-08-15T23:12:06.097288+00:00,1000.00,صيانة التخددات في الطرق بالعرضية الجنوبية,5,"التاريخ: 06/02/1448
الموافق: 21/07/2026",21/07/2026,"التاريخ: 27/02/1448
الموافق: 11/08/2026",11/08/2026,,بلدية العرضية الجنوبية,داخل المملكة,
1085475,2026-08-15T23:12:11.535799+00:00,500.00,توريد محروقات ديزل لمحطة بلدية وادي الدواسر  محروقات الآلات و المعدات و المحطات,10,"التاريخ: 01/02/1448
الموافق: 16/07/2026",16/07/2026,"التاريخ: 02/02/1448
الموافق: 17/07/2026",17/07/2026,,لجنة فتح المظاريف في بلدية وادي الدواسر,داخل المملكة,
1085477,2026-08-15T23:32:21.964410+00:00,500.00,توريد وتنفيذ خرسانة وأسفلت لمسارات الدراجات والمشاة,5,"التاريخ: 11/02/1448
الموافق: 26/07/2026",26/07/2026,"التاريخ: 21/02/1448
الموافق: 05/08/2026",05/08/2026,,بلدية محافظة القريات,داخل المملكة,"صيــانة الحدائق والمنتزهـات, السفلته"
1085493,2026-08-15T18:34:58.903884+00:00,500.00,نقل السجناء والمبعدين والمخالفين لأنظمة الإقامة والعمل و أمن الحدود عن طريق البر المرحلة الثالثة مناطق ( مكة المكرمة  - المدينة المنورة - تبوك ),5,"التاريخ: 13/03/1448
الموافق: 26/08/2026",26/08/2026,"التاريخ: 24/03/1448
الموافق: 06/09/2026",06/09/2026,,المديريه العامه للسجون طريق الدمام  ادارة المنافسات,داخل المملكة,
1085503,2026-08-15T21:34:01.255187+00:00,1000.00,إعادة تأهيل واستبدال وسائل السلامة وأنظمة إطفاء الحريق بمباني سجون منطقة مكة المكرمة,5,"التاريخ: 21/02/1448
الموافق: 05/08/2026",05/08/2026,"التاريخ: 10/03/1448
الموافق: 23/08/2026",23/08/2026,,المديريه العامه للسجون طريق الدمام  ادارة المنافسات,داخل المملكة,
1085508,2026-08-15T19:27:44.742069+00:00,200.00,حاجة الوزارة إلى الخدمات المدارة لإدارة تقنية المعلومات بمجمع الملك فهد لطباعة المصحف الشريف في المدينة المنورة,5,"التاريخ: 23/05/1448
الموافق: 03/11/2026",03/11/2026,"التاريخ: 23/06/1448
الموافق: 03/12/2026",03/12/2026,,الرياض طريق الملك فهد,داخل المملكة,
1085515,2026-08-15T20:58:19.210142+00:00,0.00,SUCTION REGULATORS (WALL MOUNTED) - EASYVAC PLUS 1000 FLOW METER,,"التاريخ: 13/02/1448
الموافق: 28/07/2026",28/07/2026,"التاريخ: 14/02/1448
الموافق: 29/07/2026",29/07/2026,,لا يوجد,داخل المملكة,
1085516,2026-08-15T23:07:11.186489+00:00,0.00,تهدف هذه المنافسة إلى اختيار جهة متخصصة لتنفيذ أعمال نقل وتجهيز قاعة الاجتماعات الرئيسية إلى المقر الجديد، بالإضافة إلى تطوير وتجهيز قاعات الاجتماعات الأخرى بأنظمة وتقنيات حديثة تدعم الاجتماعات الذكية ورفع كفاءة بيئة العمل، وذلك من خلال توريد وتركيب وتهيئة وتشغيل الشاشات التفاعلية وأنظمة العرض والاجتماعات المرئية، وتركيب شاشات حجز القاعات الإلكترونية على مداخل القاعات، مع تنفيذ جميع الأعمال الفنية والتقنية اللازمة وربطها بالأنظمة المعتمدة، بما يضمن جاهزية القاعات للتشغيل بكفاءة عالية وتحسين تجربة المستخدم وإدارة القاعات والاجتماعات بشكل فعال.,5,"التاريخ: 14/02/1448
الموافق: 29/07/2026",29/07/2026,"التاريخ: 03/03/1448
الموافق: 16/08/2026",16/08/2026,,مقر صندوق البيئة الرياض حي قرطبه الدور الثاني,داخل المملكة,
1085518,2026-08-15T20:58:25.982248+00:00,0.00,PRINTER INK CARTRIDGE FOR EMG (#: 16977055,,"التاريخ: 14/02/1448
الموافق: 29/07/2026",29/07/2026,"التاريخ: 15/02/1448
الموافق: 30/07/2026",30/07/2026,,لا يوجد,داخل المملكة,
1085519,2026-08-15T22:03:05.183543+00:00,500.00,توريد حاويات نظافة لبلدية محافظة عنيزة,5,"التاريخ: 22/02/1448
الموافق: 06/08/2026",06/08/2026,"التاريخ: 10/03/1448
الموافق: 23/08/2026",23/08/2026,,منصة أعتماد,داخل المملكة,
1085521,2026-08-15T20:58:32.258783+00:00,0.00,"SET OF BATTERIES (3-SET) EACH SET 2-BATE/CHARGER PCB FOR 1133.2284 ( 0970287320 )RIES/BOX ( 31157423) / HAND CONTROL WITH CABLE 1133( 113390AE) / MAQUET 1132.91JO IR HANDHELD, REMOTE CONTROL BATTERY (9XAAA 10.8V, 550MAH, NIMH CHARGE 30MA1/",,"التاريخ: 14/02/1448
الموافق: 29/07/2026",29/07/2026,"التاريخ: 15/02/1448
الموافق: 30/07/2026",30/07/2026,,لا يوجد,داخل المملكة,
1085525,2026-08-15T20:58:40.106327+00:00,0.00,"CAMERA HEAD FOR UROLOGY TOWER (OLYMPUS) (CH-S200-08-LB)WE CANT ORDER
FROM MEDVAL ONLY CAMERA HEAD. CAMERA HFAD FOR UROl.",,"التاريخ: 14/02/1448
الموافق: 29/07/2026",29/07/2026,"التاريخ: 15/02/1448
الموافق: 30/07/2026",30/07/2026,,لا يوجد,داخل المملكة,
1085529,2026-08-15T20:58:46.968999+00:00,0.00,CAMERA HEAD FOR GENERAL SURGERY TOWER (OLYMPUS) (CH-S200-XZ-EA),,"التاريخ: 14/02/1448
الموافق: 29/07/2026",29/07/2026,"التاريخ: 15/02/1448
الموافق: 30/07/2026",30/07/2026,,لا يوجد,داخل المملكة,
1085531,2026-08-15T20:58:55.294088+00:00,0.00,OLYMPUS WATER BOTTLE CONTAINER (MAJ-902),,"التاريخ: 14/02/1448
الموافق: 29/07/2026",29/07/2026,"التاريخ: 15/02/1448
الموافق: 30/07/2026",30/07/2026,,لا يوجد,داخل المملكة,
1085535,2026-08-15T20:59:03.525260+00:00,0.00,BACTI-TRAP PIPE LINE PROTECTOR FILTER (4830-D14),,"التاريخ: 14/02/1448
الموافق: 29/07/2026",29/07/2026,"التاريخ: 15/02/1448
الموافق: 30/07/2026",30/07/2026,,لا يوجد,داخل المملكة,
1085536,2026-08-15T19:30:08.207827+00:00,0.00,"VALVE - CONTROL, MINI 5-WAY (MC11418)         .",,"التاريخ: 25/02/1448
الموافق: 09/08/2026",09/08/2026,"التاريخ: 26/02/1448
الموافق: 10/08/2026",10/08/2026,,لا يوجد,داخل المملكة,
1085539,2026-08-15T20:59:11.878365+00:00,0.00,MOBILITY TRANSFER CHAIR WITH INTEGRATED SEATING SYSTEM,,"التاريخ: 13/02/1448
الموافق: 28/07/2026",28/07/2026,"التاريخ: 14/02/1448
الموافق: 29/07/2026",29/07/2026,,لا يوجد,داخل المملكة,
1085540,2026-08-15T23:32:28.641486+00:00,0.00,أحد البنود الأساسية في المستشفى ، ولحاجة المستشفى لهذا البند تم إرفاقه ضمن منافسات الشراء المباشر .,,"التاريخ: 30/01/1448
الموافق: 15/07/2026",15/07/2026,"التاريخ: 01/02/1448
الموافق: 16/07/2026",16/07/2026,,لا يوجد,داخل المملكة,
1085541,2026-08-15T23:32:36.046511+00:00,0.00,أحد البنود الأساسية في المستشفى ، ولحاجة المستشفى لهذا البند تم إرفاقه ضمن منافسات الشراء المباشر .,,"التاريخ: 30/01/1448
الموافق: 15/07/2026",15/07/2026,"التاريخ: 01/02/1448
الموافق: 16/07/2026",16/07/2026,,لا يوجد,داخل المملكة,
1085542,2026-08-15T23:32:42.390060+00:00,0.00,أحد البنود الأساسية في المستشفى ، ولحاجة المستشفى لهذا البند تم إرفاقه ضمن منافسات الشراء المباشر .,,"التاريخ: 30/01/1448
الموافق: 15/07/2026",15/07/2026,"التاريخ: 01/02/1448
الموافق: 16/07/2026",16/07/2026,,لا يوجد,داخل المملكة,
1085545,2026-08-15T20:36:07.448846+00:00,0.00,توريد توربينات لمنظومة انتاج الخفجي 60020436,5,"التاريخ: 01/02/1448
الموافق: 16/07/2026",16/07/2026,"التاريخ: 16/02/1448
الموافق: 31/07/2026",31/07/2026,,المؤسسة العامة لتحلية المياه المالحة – الرياض – العليا – طريق الملك فهد الدور الرابع لجنة فتح المظاريف,داخل المملكة,
1085546,2026-08-15T22:21:59.663714+00:00,0.00,توريد مواد إختبار كميائية لفرع الادارة الهندسية و الاشغال بالوسطى,,"التاريخ: 21/01/1448
الموافق: 06/07/2026",06/07/2026,"التاريخ: 22/01/1448
الموافق: 07/07/2026",07/07/2026,,لا يوجد,داخل المملكة,
1085550,2026-08-15T19:55:58.972808+00:00,0.00,توريد قطع غيار كهربائية لمنظومة انتاج ينبع – 60018161,5,"التاريخ: 14/02/1448
الموافق: 29/07/2026",29/07/2026,"التاريخ: 28/02/1448
الموافق: 12/08/2026",12/08/2026,,المؤسسة العامة لتحلية المياه المالحة – الرياض – العليا – طريق الملك فهد الدور الرابع لجنة فتح المظاريف,داخل المملكة,
1085553,2026-08-15T20:36:14.015152+00:00,0.00,CAMERA HEAD FOR GENERAL SURGERY TOWER (OLYMPUS) (CH-S200-X2-EA),,"التاريخ: 13/02/1448
الموافق: 28/07/2026",28/07/2026,"التاريخ: 14/02/1448
الموافق: 29/07/2026",29/07/2026,,لا يوجد,داخل المملكة,
1085555,2026-08-15T20:36:21.617221+00:00,0.00,CAMERA HEAD FOR UROLOGY TOWER (OLYMPUS) (CH-S200-08-LB),,"التاريخ: 13/02/1448
الموافق: 28/07/2026",28/07/2026,"التاريخ: 14/02/1448
الموافق: 29/07/2026",29/07/2026,,لا يوجد,داخل المملكة,
1085559,2026-08-15T20:45:23.035274+00:00,0.00,ONE TIME REPAIR FOR ZERO DEGREE 2.7MM PEDIATRICS RIGID SCOPE,,"التاريخ: 18/02/1448
الموافق: 02/08/2026",02/08/2026,"التاريخ: 19/02/1448
الموافق: 03/08/2026",03/08/2026,,لا يوجد,داخل المملكة,
1085561,2026-08-15T19:17:41.731182+00:00,500.00,توريد وتركيب وترقية واختبار ورفع كفاءة التشغيل الخاص بنظام التحكم للمولدات في مستشفى صحة المرأة بمدينة الملك عبد العزيز الطبية بالرياض التابعة للشؤون الصحية بوزارة الحرس الوطني,5,"التاريخ: 10/03/1448
الموافق: 23/08/2026",23/08/2026,"التاريخ: 08/04/1448
الموافق: 20/09/2026",20/09/2026,,ادارة المشتريات - المبنى الاداري- بوابة رقم 1,داخل المملكة,
1085562,2026-08-15T20:55:23.840688+00:00,0.00,تجهيزات لبعض المقرات بمبنى التحول الرقمي ومقر مركز الترجمة الموحد بمبنى الوزارة بالسليمانية,,"التاريخ: 14/02/1448
الموافق: 29/07/2026",29/07/2026,"التاريخ: 29/02/1448
الموافق: 13/08/2026",13/08/2026,,لا يوجد,داخل المملكة,
1085574,2026-08-15T20:25:31.637374+00:00,200.00,"يهدف مشروع “Meet KAU” إلى تصميم وتنفيذ برنامج إعلامي متكامل يعزز الصورة الذهنية لجامعة الملك عبدالعزيز، من خلال إنتاج محتوى إعلامي نوعي يسلّط الضوء على قصص النجاح والإنجازات في مختلف مكونات المنظومة الجامعية. ويشمل المشروع إبراز النماذج المتميزة من العلماء، والطلاب، والخريجين، والقيادات، والمهنيين، والشركاء، والمانحين، والزوار، ضمن إطار سردي احترافي يعكس أثر الجامعة الأكاديمي والبحثي والمجتمعي.
يرتكز المشروع على إنتاج سلسلة من المواد الإعلامية المتنوعة، تشمل مقاطع فيديو احترافية، وتقارير رقمية، وتصاميم وكتابة محتوى احترافي ، تُعرض عبر القنوات الإعلامية والمنصات الرقمية، بهدف تعزيز حضور الجامعة محليًا ودوليًا، وإبراز مكانتها كمؤسسة تعليمية وبحثية رائدة. كما يسهم المشروع في دعم مستهدفات رؤية السعودية 2030، من خلال تعزيز الاقتصاد المعرفي، وتمكين الكفاءات الوطنية، وتحفيز الابتكار، وبناء شراكات استراتيجية مع مختلف القطاعات",5,"التاريخ: 17/03/1448
الموافق: 30/08/2026",30/08/2026,"التاريخ: 30/03/1448
الموافق: 12/09/2026",12/09/2026,,عبر منصة اعتماد,داخل المملكة,
1085575,2026-08-15T18:32:04.064505+00:00,500.00,"تهدف هذه المنافسة إلى تصميم وتنفيذ منصة ذكاء اصطناعي موحّدة لدعم اتخاذ القرار وتحليل البيانات على مستوى الجهة.
وذلك لتمكين القيادات من الوصول إلى رؤى تحليلية متقدمة وتعزيز التكامل مع الأنظمة المؤسسية مع الالتزام بالضوابط الأمنية المعتمدة",5,"التاريخ: 29/02/1448
الموافق: 13/08/2026",13/08/2026,"التاريخ: 14/03/1448
الموافق: 27/08/2026",27/08/2026,,مركز مشاريع البنية التحتية بمنطقة الرياض,داخل المملكة,
1085577,2026-08-15T23:23:14.302287+00:00,0.00,الصيانة الطارئة لمضخة الضغط العالي بوحدة تحلية مياه البحر في فرسان,,"التاريخ: 04/02/1448
الموافق: 19/07/2026",19/07/2026,"التاريخ: 06/02/1448
الموافق: 21/07/2026",21/07/2026,,لا يوجد,داخل المملكة,
1085580,2026-08-15T19:53:42.106814+00:00,300.00,توريد وتركيب قطع غيار صيدلية المحاليل الوريدية,5,"التاريخ: 04/03/1448
الموافق: 17/08/2026",17/08/2026,"التاريخ: 03/04/1448
الموافق: 15/09/2026",15/09/2026,,علي منصة اعتماد,داخل المملكة,
1085587,2026-08-15T19:42:42.846683+00:00,0.00,وعاء تخزين غاز النيتروجين لنظام التحكم الهيدروليكي 60020690 بالساحل الشرقي,5,"التاريخ: 28/02/1448
الموافق: 12/08/2026",12/08/2026,"التاريخ: 27/03/1448
الموافق: 09/09/2026",09/09/2026,,المؤسسسة العامة لتحلية المياه المالحة الرياض  المركز الرئيسي إدارة المشتريات الدور الرابع مكتب 18   الدور الرابع مكتب 18  يمكنكم تقديم صورة منه في منصة اعتماد,داخل المملكة,
1085590,2026-08-15T22:36:45.617198+00:00,0.00,التعاقد لتوفير اشتراك في منصة LSEG Workspace بما يتيح الوصول إلى البيانات المالية والاقتصادية العالمية، والأخبار الفورية، وأدوات التحليل المالي، والتقارير البحثية، لدعم الأعمال البحثية والتحليلية والاستراتيجية في الهيئة.,5,"التاريخ: 03/03/1448
الموافق: 16/08/2026",16/08/2026,"التاريخ: 24/03/1448
الموافق: 06/09/2026",06/09/2026,,هيئة السوق المالية - إدارة المشتريات والعقود,داخل المملكة,
1085595,2026-08-15T23:07:17.517712+00:00,500.00,"في إطار استمرارا تقديم الخدمات الالكترونية في  البريد السعودي لمواكبة التطور التقني والاحتياجات المتغيرة لقطاع البريد ونظراً لأهمية تحديث وتطوير البيانات واستمرارية استقرار تنفيذ البرامج التشغيلية وتقديم الحلول التقنية لعملاء مؤسسة البريد السعودي بالداخل والخارج ولضمان استمرارية تقديم الاعمال التقنية والفنية ودعم كافة الأنظمة التي تعد جزءا مهما في بناء كافة خدمات المؤسسة وبنيتها التحتية وتشكل الرخص للبرامج التشغيلية عنصرا وركيزة أساسية في ذلك طرحنا مشروع تجديد واضافة وتحديث رخص البرامج التشغيلية على نطاق أوسع يشمل جميع الإدارات التي تعمل تحت اشراف قطاع تقنية المعلومات والخدمات الرقمية.
تدعو مؤسسة البريد السعودي (سبل) الجهات والشركات المتخصصة إلى التقدم بعروضها لتجديد وتوريد التراخيص والاشتراكات السحابية، إضافةً إلى تقديم خدمات الدعم الفني للأنظمة المعمول بها حاليًا لدى المؤسسة. وتوضح هذه الوثيقة متطلبات البريد السعودي ونطاق الاحتياج، كما تتضمن الشروط المرجعية الواجب الالتزام بها عند إعداد العروض، إلى جانب التعليمات والإجراءات التنظيمية الخاصة بالتقديم. وعليه،",5,"التاريخ: 14/02/1448
الموافق: 29/07/2026",29/07/2026,"التاريخ: 19/02/1448
الموافق: 03/08/2026",03/08/2026,,الكتروني في منصة اعتماد,داخل المملكة,
1085601,2026-08-15T18:22:23.286515+00:00,0.00,"يهدف هذا المشروع إلى تقديم خدمات النقل والتوزيع والتخزين المؤمنة للأسلحة والذخائر وإكسسوارات الأسلحة المرخصة الخاصة بنادي الصقور السعودي، وذلك من المستودعات الرئيسية للنادي في مدينة الرياض إلى الفروع والمستودعات المعتمدة في عدد من مدن المملكة.
يشمل نطاق المشروع إدارة عمليات الاستلام، والنقل، والتخزين المؤقت، والتسليم النهائي للعميل وفق معايير عالية للأمن والسلامة، إضافة إلى توفير مستودعات آمنة ومجهزة، وربط جميع العمليات بنظام إلكتروني متكامل مع منصة النادي لضمان الشفافية وسرعة الإنجاز",5,"التاريخ: 01/04/1448
الموافق: 13/09/2026",13/09/2026,"التاريخ: 08/04/1448
الموافق: 20/09/2026",20/09/2026,,المقر الرئيسي الرياض,داخل المملكة,
1085603,2026-08-15T20:06:22.710384+00:00,500.00,"طرح مشروع التخليص الجمركي لاستلام الإرساليات البريدية والشحنات للمتاجر الالكترونية الواردة بجميع أنواعها إلى الجهة الحكومية  في المنافذ من شركات النقل ووكلاء الخدمات وإتمام كافة إجراءات فتح الارساليات البريدية حسب دليل إجراءات ومتطلبات اتحاد البريد العالمي  من"" عدم خلط الارساليات ، قراءة كل شحنة حسب الارسالية الوارد فيها ، وزن الاكياس ، الشحنات ، الجس بالعينة ، اصدار كشوف مخالفة و الفسح والتخليص الجمركي شاملة جميع إجراءات المناولة والتحميل والتفريغ على أن تتم هذه الإجراءات بمنطقة عمل يتم تخصيصها للأغراض المشار إليها أعلاه  للجهة الحكومية دون أي مشاركة.
أيضا إتمام جميع الإجراءات الجمركية والتشغيلية لتصدير الإرساليات والشحنات الخارجية عبر المنافذ.",10,"التاريخ: 20/02/1448
الموافق: 04/08/2026",04/08/2026,"التاريخ: 05/03/1448
الموافق: 18/08/2026",18/08/2026,,الكتروني في منصة اعتماد,داخل المملكة,
1085605,2026-08-15T19:42:49.546361+00:00,0.00,توريد وتركيب قطع غيار لجهاز (TECOTHERM NEO ) بمدينة الملك عبدالعزيز الطبية بجدة التابعة للشؤون الصحية بوزارة الحرس الوطني,,"التاريخ: 27/01/1448
الموافق: 12/07/2026",12/07/2026,"التاريخ: 04/02/1448
الموافق: 19/07/2026",19/07/2026,,لا يوجد,داخل المملكة,
1085607,2026-08-15T20:55:28.864679+00:00,0.00,WM-Custom crash cart drug tray design,,"التاريخ: 15/02/1448
الموافق: 30/07/2026",30/07/2026,"التاريخ: 26/02/1448
الموافق: 10/08/2026",10/08/2026,,لا يوجد,داخل المملكة,
1085608,2026-08-15T22:33:23.462857+00:00,0.00,WM-Compressor & Refrigerator Solenoid Valve,,"التاريخ: 04/02/1448
الموافق: 19/07/2026",19/07/2026,"التاريخ: 14/02/1448
الموافق: 29/07/2026",29/07/2026,,لا يوجد,داخل المملكة,
1085615,2026-08-15T20:28:56.409602+00:00,500.00,صيانة الانارة والاعمال الكهربائية بالشقيق والقرى التابعة لها (عقد بديل),5,"التاريخ: 15/03/1448
الموافق: 28/08/2026",28/08/2026,"التاريخ: 14/04/1448
الموافق: 26/09/2026",26/09/2026,,بلديه الدرب,داخل المملكة,
1085628,2026-08-15T22:36:50.876537+00:00,0.00,توريد مواد متنوعة لمنظومة ينبع بالساحل الغربي 60020669,,"التاريخ: 20/02/1448
الموافق: 04/08/2026",04/08/2026,"التاريخ: 29/02/1448
الموافق: 13/08/2026",13/08/2026,,لا يوجد,داخل المملكة,
1085630,2026-08-15T22:13:03.854465+00:00,0.00,توريد مواد متنوعة لمنظومة ينبع بالساحل الغربي 60020670,5,"التاريخ: 06/03/1448
الموافق: 19/08/2026",19/08/2026,"التاريخ: 08/04/1448
الموافق: 20/09/2026",20/09/2026,,الادارة التنفيذية للإمداد بالمركز الرئيسي بالرياض,داخل المملكة,
1085631,2026-08-15T23:28:16.142667+00:00,0.00,توريد عوامة مائية أسترالية WATER FLOATER ISTRALY,,"التاريخ: 21/01/1448
الموافق: 06/07/2026",06/07/2026,"التاريخ: 22/01/1448
الموافق: 07/07/2026",07/07/2026,,لا يوجد,داخل المملكة,
1085632,2026-08-15T22:36:57.571249+00:00,0.00,توريد مواد ( TARPAULIN ) لمنظومة ينبع بالساحل الغربي 60020671,,"التاريخ: 19/02/1448
الموافق: 03/08/2026",03/08/2026,"التاريخ: 27/02/1448
الموافق: 11/08/2026",11/08/2026,,لا يوجد,داخل المملكة,
1085633,2026-08-15T22:37:04.528529+00:00,0.00,توريد مواد ( PACKING ) لمنظومة الشعيبة بالساحل الغربي 60020672,,"التاريخ: 20/02/1448
الموافق: 04/08/2026",04/08/2026,"التاريخ: 27/02/1448
الموافق: 11/08/2026",11/08/2026,,لا يوجد,داخل المملكة,
1085635,2026-08-15T22:37:11.767704+00:00,0.00,"توريد مواد ( MODULE,OEM PART ) لمنظومة الليث بالساحل الغربي 60020674",,"التاريخ: 20/02/1448
الموافق: 04/08/2026",04/08/2026,"التاريخ: 29/02/1448
الموافق: 13/08/2026",13/08/2026,,لا يوجد,داخل المملكة,
1085637,2026-08-15T18:13:26.756835+00:00,0.00,"توريد مواد ( SLING,WEB ) لمنظومة ينبع بالساحل الغربي 60020689",,"التاريخ: 21/03/1448
الموافق: 03/09/2026",03/09/2026,"التاريخ: 29/04/1448
الموافق: 11/10/2026",11/10/2026,,لا يوجد,داخل المملكة,
1085643,2026-08-15T22:13:09.716572+00:00,0.00,توريد المواد وقطع غيار كهرباء الهيئة السعودية للمياه منظومة انتاج الشقيق - الساحل الغربي 60020676.,,"التاريخ: 15/02/1448
الموافق: 30/07/2026",30/07/2026,"التاريخ: 18/03/1448
الموافق: 31/08/2026",31/08/2026,,لا يوجد,داخل المملكة,
1085644,2026-08-15T22:37:19.559106+00:00,0.00,توريد مواد متنوعة لمنظومة الشعيبة بالساحل الغربي 60020668,,"التاريخ: 20/02/1448
الموافق: 04/08/2026",04/08/2026,"التاريخ: 29/02/1448
الموافق: 13/08/2026",13/08/2026,,لا يوجد,داخل المملكة,
1085645,2026-08-15T22:13:18.708317+00:00,0.00,توريد المواد وقطع غيار كهرباء الهيئة السعودية للمياه منظومة انتاج الشقيق - الساحل الغربي 60020677.,,"التاريخ: 15/02/1448
الموافق: 30/07/2026",30/07/2026,"التاريخ: 18/03/1448
الموافق: 31/08/2026",31/08/2026,,لا يوجد,داخل المملكة,
1085646,2026-08-15T22:37:26.641169+00:00,0.00,تأمين خشب حسب جدول الكميات والمواصفات المطلوبة والشروط الخاصة,5,"التاريخ: 14/02/1448
الموافق: 29/07/2026",29/07/2026,"التاريخ: 03/03/1448
الموافق: 16/08/2026",16/08/2026,,قسم الميزانية والعقود بقيادة سلاح المهندسين بالقوات البرية,داخل المملكة,
1085649,2026-08-15T22:13:26.326477+00:00,0.00,"توريد المواد وقطع غيار وحدة تكييفAIR CONDITIONING UNIT,SPLIT الهيئة السعودية للمياه منظومة انتاج الشقيق - الساحل الغربي 60020679.",5,"التاريخ: 18/03/1448
الموافق: 31/08/2026",31/08/2026,"التاريخ: 18/04/1448
الموافق: 30/09/2026",30/09/2026,,المركز الرئيسي بالرياض,داخل المملكة,
1085651,2026-08-15T22:13:34.930259+00:00,0.00,"توريد المواد وقطع غيار تكييفCOMPRESSOR,AIR CONDITIONING الهيئة السعودية للمياه منظومة انتاج ضباء - الساحل الغربي 60020680.",,"التاريخ: 15/02/1448
الموافق: 30/07/2026",30/07/2026,"التاريخ: 18/03/1448
الموافق: 31/08/2026",31/08/2026,,لا يوجد,داخل المملكة,
1085654,2026-08-15T22:37:32.945627+00:00,300.00,توريد وتركيب اسفلت ومظلات بمعهد التخطيط للأسلحة المشتركة بالكلية الحربية,5,"التاريخ: 20/02/1448
الموافق: 04/08/2026",04/08/2026,"التاريخ: 21/02/1448
الموافق: 05/08/2026",05/08/2026,,منصة اعتماد,داخل المملكة,
1085657,2026-08-15T20:29:03.655634+00:00,15000.00,المشروع هو (سفلتة وإنارة ازدواجية طريق رأس الغار الرابط بالطريق السريع وضاحية الملك فهد بمحافظة الجبيل) وذلك حسب الشروط والمواصفات الفنية والخاصة والعامة,5,"التاريخ: 14/05/1448
الموافق: 25/10/2026",25/10/2026,"التاريخ: 21/05/1448
الموافق: 01/11/2026",01/11/2026,,بلدية محافظة الجبيل,داخل المملكة,
1085664,2026-08-15T22:26:11.044758+00:00,0.00,توريد المواد وقطع غيار كهرباء الهيئة السعودية للمياه منظومة انتاج ينبع - الساحل الغربي 60020683.,,"التاريخ: 18/03/1448
الموافق: 31/08/2026",31/08/2026,"التاريخ: 18/04/1448
الموافق: 30/09/2026",30/09/2026,,لا يوجد,داخل المملكة,
1085666,2026-08-15T22:13:40.479007+00:00,500.00,خدمة غسيل ملابس السجناء بالمغسلة المركزية باصلاحية الرياض ( 48/26/68 ),5,"التاريخ: 22/02/1448
الموافق: 06/08/2026",06/08/2026,"التاريخ: 27/02/1448
الموافق: 11/08/2026",11/08/2026,,المديريه العامه للسجون طريق الدمام ادارة المنافسات,داخل المملكة,
1085669,2026-08-15T22:26:18.232825+00:00,0.00,توريد المواد وقطع غيار كهرباء الهيئة السعودية للمياه منظومة انتاج ينبع - الساحل الغربي 60020685.,,"التاريخ: 15/02/1448
الموافق: 30/07/2026",30/07/2026,"التاريخ: 18/03/1448
الموافق: 31/08/2026",31/08/2026,,لا يوجد,داخل المملكة,
1085670,2026-08-15T22:13:47.402402+00:00,0.00,"توريد المواد وقطع غيار تكييف COMPRESSOR,AIR CONDITIONING الهيئة السعودية للمياه منظومة انتاج الشقيق - الساحل الغربي 60020686.",,"التاريخ: 15/02/1448
الموافق: 30/07/2026",30/07/2026,"التاريخ: 18/03/1448
الموافق: 31/08/2026",31/08/2026,,لا يوجد,داخل المملكة,
1085672,2026-08-15T22:13:54.362512+00:00,0.00,توريد المواد وقطع غيار كهرباء الهيئة السعودية للمياه منظومة انتاج ينبع - الساحل الغربي 60020687.,,"التاريخ: 15/02/1448
الموافق: 30/07/2026",30/07/2026,"التاريخ: 18/03/1448
الموافق: 31/08/2026",31/08/2026,,لا يوجد,داخل المملكة,
1085679,2026-08-15T18:22:30.844290+00:00,0.00,LIGHT HEAD (PROCEDURE LIGHT) #: 409429             .,,"التاريخ: 03/03/1448
الموافق: 16/08/2026",16/08/2026,"التاريخ: 04/03/1448
الموافق: 17/08/2026",17/08/2026,,لا يوجد,داخل المملكة,
1085681,2026-08-15T19:29:22.598813+00:00,1500.00,القيام بصيانة معدات إدارة التشغيل والصيانة في بلدية محافظة الدرعية ويشمل صيانة المعدات واستبدال قطع الغيار وتركيب وتشغيل المعدة على أكمل وجه حسب جدول الكميات المرفق,5,"التاريخ: 25/02/1448
الموافق: 09/08/2026",09/08/2026,"التاريخ: 26/02/1448
الموافق: 10/08/2026",10/08/2026,,بلدية محافظة الدرعية,داخل المملكة,
1085696,2026-08-15T21:24:31.647073+00:00,200.00,تجديد تراخيص نظام التحكم الإلكتروني للأبواب وتقديم خدمة الدعم الفني في مستشفى الأمير محمد بن عبد العزيز بالمدينة المنورة التابع للشؤون الصحية بوزارة الحرس الوطني,5,"التاريخ: 19/03/1448
الموافق: 01/09/2026",01/09/2026,"التاريخ: 21/05/1448
الموافق: 01/11/2026",01/11/2026,,إدارة العقود مبنى 350مستشفى الأمير محمد بن عبد العزيز بالمدينة المنورة التابع للشؤون الصحية بوزارة الحرس الوطني,داخل المملكة,
1085701,2026-08-15T18:22:39.963588+00:00,0.00,CAMERA HEAD FOR UROLOGY TOWER (OLYMPUS) (CH-S200-08-LB),,"التاريخ: 03/03/1448
الموافق: 16/08/2026",16/08/2026,"التاريخ: 04/03/1448
الموافق: 17/08/2026",17/08/2026,,لا يوجد,داخل المملكة,
1085704,2026-08-15T18:22:48.004057+00:00,0.00,CAMERA HEAD FOR GENERAL SURGERY TOWER (OLYMPUS) (CH-S200-XA-EA),,"التاريخ: 03/03/1448
الموافق: 16/08/2026",16/08/2026,"التاريخ: 04/03/1448
الموافق: 17/08/2026",17/08/2026,,لا يوجد,داخل المملكة,
1085708,2026-08-15T18:13:32.228266+00:00,0.00,BATTERIES MODULE CSA{ 6487180 )              .,,"التاريخ: 04/03/1448
الموافق: 17/08/2026",17/08/2026,"التاريخ: 05/03/1448
الموافق: 18/08/2026",18/08/2026,,لا يوجد,داخل المملكة,
1085709,2026-08-15T22:57:43.857484+00:00,0.00,توريد‏‏‏ ادوية ومستلزمات طبية لزوم الخزن الاسعافية والعيادة لمجمع الملك فهد لطباعة المصحف الشريف بالمدينة المنورة,,"التاريخ: 11/02/1448
الموافق: 26/07/2026",26/07/2026,"التاريخ: 12/02/1448
الموافق: 27/07/2026",27/07/2026,,لا يوجد,داخل المملكة,
1085710,2026-08-15T22:37:39.882783+00:00,0.00,توريد المواد وقطع الغيار مضخات الهيئة السعودية للمياه منظومة انتاج الشعيبة - الساحل الغربي.60020693,,"التاريخ: 18/02/1448
الموافق: 02/08/2026",02/08/2026,"التاريخ: 18/03/1448
الموافق: 31/08/2026",31/08/2026,,لا يوجد,داخل المملكة,
1085711,2026-08-15T21:23:36.896374+00:00,0.00,توريد المواد وقطع الغيار مضخات الهيئة السعودية للمياه منظومة انتاج الشعيبة - الساحل الغربي.60020691,,"التاريخ: 19/02/1448
الموافق: 03/08/2026",03/08/2026,"التاريخ: 18/03/1448
الموافق: 31/08/2026",31/08/2026,,لا يوجد,داخل المملكة,
1085712,2026-08-15T18:13:37.435880+00:00,0.00,BATTERIES MODULE CSA ( 6487180 )                                       .,,"التاريخ: 03/03/1448
الموافق: 16/08/2026",16/08/2026,"التاريخ: 04/03/1448
الموافق: 17/08/2026",17/08/2026,,لا يوجد,داخل المملكة,
1085713,2026-08-15T21:29:38.318062+00:00,0.00,توريد المواد وقطع الغيار (SEAL MECHANICAL )الهيئة السعودية للمياه منظومة انتاج الشعيبة - الساحل الغربي.60020694,5,"التاريخ: 20/02/1448
الموافق: 04/08/2026",04/08/2026,"التاريخ: 03/03/1448
الموافق: 16/08/2026",16/08/2026,,الادارة التنفيذية للإمداد بالمركز الرئيسي بالرياض,داخل المملكة,
1085717,2026-08-15T23:23:22.880905+00:00,200.00,القيام بتجهيز معمل مهارات قسم العلاج التنفسي بكلية علوم التأهيل الطبية من الأجهزة العلمية والمعملية والتجهيزات.,5,"التاريخ: 28/02/1448
الموافق: 12/08/2026",12/08/2026,"التاريخ: 12/03/1448
الموافق: 25/08/2026",25/08/2026,,عبر منصة اعتماد,داخل المملكة,
1085718,2026-08-15T18:13:44.242359+00:00,0.00,BATTERIES MODULE CSA ( 6487180)        .,,"التاريخ: 03/03/1448
الموافق: 16/08/2026",16/08/2026,"التاريخ: 04/03/1448
الموافق: 17/08/2026",17/08/2026,,لا يوجد,داخل المملكة,
1085733,2026-08-15T23:32:49.984283+00:00,0.00,توريد قطع غيار وإطارات لسيارات فرع الوزارة بمنطقة نجران,,"التاريخ: 13/02/1448
الموافق: 28/07/2026",28/07/2026,"التاريخ: 04/03/1448
الموافق: 17/08/2026",17/08/2026,,لا يوجد,داخل المملكة,
1085734,2026-08-15T22:03:11.009495+00:00,0.00,إزالة وتوريد الخط المتصل من مضخات التزويد الى خزان الفلتر الرملي بمستشفى الملك عبدالعزيز بالأحساء التابع للشؤون الصحية بوزارة الحرس الوطني,,"التاريخ: 25/02/1448
الموافق: 09/08/2026",09/08/2026,"التاريخ: 27/03/1448
الموافق: 09/09/2026",09/09/2026,,لا يوجد,داخل المملكة,
1085737,2026-08-15T20:16:41.333326+00:00,0.00,CHASSIS -ASTRAL#: 19605 / CHASSIS DECALS - ASTRAL ROW #: 19772 / ASTRAL INLET FILTER (4 PACKS) AND COVER #: 27939 / ASTRAL OXYGEN SENSOR #: 27935 / ASTRAL BATTERY PACK S00344 #: 29141 / SERVICE CHARGES (TEST & CALIBRATION SERVICES ) #: SERVOOGI,,"التاريخ: 21/02/1448
الموافق: 05/08/2026",05/08/2026,"التاريخ: 22/02/1448
الموافق: 06/08/2026",06/08/2026,,لا يوجد,داخل المملكة,
1085740,2026-08-15T22:37:48.154036+00:00,500.00,تصميم مخططات السلامة المعتمدة بمدينة الأمير سلطان الطبية العسكرية,5,"التاريخ: 14/03/1448
الموافق: 27/08/2026",27/08/2026,"التاريخ: 22/04/1448
الموافق: 04/10/2026",04/10/2026,,إدارة العقود والمشتريات مبنى 37 مدينة الأمير سلطان الطبية العسكرية بالرياض,داخل المملكة,
1085742,2026-08-15T20:59:18.154166+00:00,0.00,AIR FLOW PROPHYLAXIS MASTER WITH PIEZON NO-PAIN MODULE ( FT-300-2W-Y03),,"التاريخ: 18/02/1448
الموافق: 02/08/2026",02/08/2026,"التاريخ: 19/02/1448
الموافق: 03/08/2026",03/08/2026,,لا يوجد,داخل المملكة,
1085745,2026-08-15T18:40:42.552705+00:00,0.00,تأمين قطع غيار و إصلاح معدات التابعة لمديرية المنطقة الشرقية و الادارات التابعة لها و الفروع DM 26 61 0086,,"التاريخ: 22/01/1448
الموافق: 07/07/2026",07/07/2026,"التاريخ: 23/01/1448
الموافق: 08/07/2026",08/07/2026,,لا يوجد,داخل المملكة,
1085747,2026-08-15T20:59:25.723932+00:00,0.00,"CONMED ELECTROLASE DISPOSABLE ELECTROLASE-BLUNTTIPS STERILE CS/50 (
7-101-ftBX1",,"التاريخ: 18/02/1448
الموافق: 02/08/2026",02/08/2026,"التاريخ: 19/02/1448
الموافق: 03/08/2026",03/08/2026,,لا يوجد,داخل المملكة,
1085754,2026-08-15T20:59:32.657539+00:00,0.00,COUPLING / COUPLING HALF DOCK DRIVER / RUN M3350 MAG SRI-J10TO MAG-BOR,,"التاريخ: 14/02/1448
الموافق: 29/07/2026",29/07/2026,"التاريخ: 15/02/1448
الموافق: 30/07/2026",30/07/2026,,لا يوجد,داخل المملكة,
1085756,2026-08-15T23:23:29.914721+00:00,500.00,توريد سيارات أمنية  للإدارة العامة للمجاهدين,5,"التاريخ: 07/02/1448
الموافق: 22/07/2026",22/07/2026,"التاريخ: 18/02/1448
الموافق: 02/08/2026",02/08/2026,,الإدارة العامة للمجاهدين,داخل المملكة,
1085757,2026-08-15T22:09:32.512578+00:00,0.00,تهدف هذه المنافسة إلى التعاقد مع شركة متخصصة لتشغيل وصيانة منظومة الرصد البحري القائمة التابعة للمركز ( وحدة مراقبة مركزية - أقمار صناعية – عوامات رصد بحري – طائرات بدون طيار - سحب وتحليل عينات مياه بحريه – مركبات للتصوير تحت الماء بالتحكم عن بعد- رادارات )، بما يضمن استدامة جاهزيتها التشغيلية، ورفع كفاءتها، وتحقيق موثوقية عالية في أدائها وفق أفضل الممارسات والمعايير الدولية، إضافة إلى توفير بيانات بيئية دقيقة وموثوقة تدعم أعمال المركز في تقييم حالة البيئة البحرية والساحلية واتخاذ القرار وتعزيز الالتزام البيئي.,,"التاريخ: 03/03/1448
الموافق: 16/08/2026",16/08/2026,"التاريخ: 24/03/1448
الموافق: 06/09/2026",06/09/2026,,لا يوجد,داخل المملكة,"صيانة وتشغيل الأعمال البحرية, الأعمال البحــريـة"
1085771,2026-08-15T23:23:36.811478+00:00,500.00,احتياج القوات البحرية الملكية السعودية,5,"التاريخ: 03/03/1448
الموافق: 16/08/2026",16/08/2026,"التاريخ: 17/03/1448
الموافق: 30/08/2026",30/08/2026,,مركز التموين البحري بالوسطى,داخل المملكة,
1085787,2026-08-15T20:08:55.889126+00:00,0.00,توريد وتأمين قطع غيار للمركبات الخدمية التابعة للمراكز الخارجية بتجمع نجران الصحي,,"التاريخ: 22/02/1448
الموافق: 06/08/2026",06/08/2026,"التاريخ: 24/02/1448
الموافق: 08/08/2026",08/08/2026,,لا يوجد,داخل المملكة,
1085788,2026-08-15T19:30:14.890639+00:00,500.00,تصميم وتطوير وتشغيل وإدارة الموقع الإلكتروني الخاص بنادي سباقات الخيل 2026,5,"التاريخ: 10/03/1448
الموافق: 23/08/2026",23/08/2026,"التاريخ: 17/03/1448
الموافق: 30/08/2026",30/08/2026,,عبر منصة اعتماد,داخل المملكة,
1085802,2026-08-15T21:53:14.785293+00:00,200.00,تقييم أراضي الهيئة لغرض البيع وتحصيل الايرادات,5,"التاريخ: 29/02/1448
الموافق: 13/08/2026",13/08/2026,"التاريخ: 06/03/1448
الموافق: 19/08/2026",19/08/2026,,هيئة تطوير منطقة حائل,داخل المملكة,
1085804,2026-08-15T20:09:04.364124+00:00,0.00,توريد وتأمين قطع غيار للمركبات الخدمية بالمحافظات الشمالية بتجمع نجران الصحي,,"التاريخ: 25/02/1448
الموافق: 09/08/2026",09/08/2026,"التاريخ: 26/02/1448
الموافق: 10/08/2026",10/08/2026,,لا يوجد,داخل المملكة,
1085811,2026-08-15T23:03:53.460075+00:00,0.00,تأمين مستلزمات وأجهزة طبية وقطع غيار لمركز الأمير سلطان لمعالجة أمراض وجراحة القلب,,"التاريخ: 23/01/1448
الموافق: 08/07/2026",08/07/2026,"التاريخ: 24/01/1448
الموافق: 09/07/2026",09/07/2026,,لا يوجد,داخل المملكة,
1085824,2026-08-15T23:04:00.318281+00:00,0.00,تاهيل وترميم اسقف جبسية لقطاع 1 بالظهران,,"التاريخ: 16/02/1448
الموافق: 31/07/2026",31/07/2026,"التاريخ: 17/03/1448
الموافق: 30/08/2026",30/08/2026,,لا يوجد,داخل المملكة,
1085828,2026-08-15T21:39:30.605379+00:00,0.00,صيانة وبرمجة واختبار وتشغيل مولد في مجمع الظهران,,"التاريخ: 15/02/1448
الموافق: 30/07/2026",30/07/2026,"التاريخ: 16/03/1448
الموافق: 29/08/2026",29/08/2026,,لا يوجد,داخل المملكة,
1085834,2026-08-15T23:07:24.216072+00:00,50.00,توريد مواد بناء لقوة حفرالباطن,5,"التاريخ: 23/04/1448
الموافق: 05/10/2026",05/10/2026,"التاريخ: 21/08/1448
الموافق: 29/01/2027",29/01/2027,,ادارة مدينة الملك خالد بحفرالباطن,داخل المملكة,
1085836,2026-08-15T23:02:39.561143+00:00,200.00,توريد اعلاف ابقار ودواجن لمحطة الأبحاث الزراعية بهدى الشام,5,"التاريخ: 24/03/1448
الموافق: 06/09/2026",06/09/2026,"التاريخ: 08/04/1448
الموافق: 20/09/2026",20/09/2026,,عبر منصة اعتماد,داخل المملكة,
1085840,2026-08-15T20:25:39.225047+00:00,1200.00,"يرغب بنك التنمية الاجتماعية التعاقد مع شركة متخصصة في مجال التأمين لتقديم:
1.	خدمات تأمين وفق وثيقة "" تأمين الحياة الائتماني الجماعي "" 
2.	خدمات تأمين وفق وثيقة ""تأمين المركبات""",5,"التاريخ: 17/03/1448
الموافق: 30/08/2026",30/08/2026,"التاريخ: 10/06/1448
الموافق: 20/11/2026",20/11/2026,,عبر منصة اعتماد,داخل المملكة,
1085871,2026-08-15T22:50:47.223341+00:00,1000.00,"●	تعزيز حماية المعلومات الحساسة ومنع تسربها عبر القنوات المختلفة.
●	توحيد سياسات تصنيف المعلومات وتفعيل العلامة المائية على المستندات والبريد والطباعة بما يعكس مستوى التصنيف.
●	دعم الامتثال لضوابط الهيئة الوطنية للأمن السيبراني (NCA) متطلبات ECC-2024 ونظام حماية البيانات الشخصية (PDPL)",5,"التاريخ: 19/04/1448
الموافق: 01/10/2026",01/10/2026,"التاريخ: 01/05/1448
الموافق: 12/10/2026",12/10/2026,,المشتريات والعقود,داخل المملكة,
1085872,2026-08-15T18:44:44.059829+00:00,200.00,تشغيل وإدارة مطابخ سحابية ورفوف سحابية (Cloud Kitchens & Cloud Shelves) لتمكين الأسر المنتجة وأصحاب العمل الحر من الدخول إلى سوق الأطعمة والمنتجات الاستهلاكية عبر قنوات البيع الحديثة (تطبيقات التوصيل، المنصات الإلكترونية، منافذ البيع الكبرى). ويهدف بنك التنمية الاجتماعية كونه ذراعا حكوميا فاعلا ذو تأثير عميق في المحور الاجتماعي والاقتصادي إلى تمكين الافراد والأسر اقتصاديا ونقلهم إلى أفاق الاستثمار والإنتاج عبر برامج مقننة تجسر ذوي الدخل المحدود إلى أصحاب منشآت ذوي قدرة مالية تساهم في تحسين حياتهم ويسهمون في تنمية الاقتصاد الوطني. ويهدف المشروع بشكل رئيسي لتدريب وتمكين عدد من أصحاب المشاريع المنزلية من الأسر المنتجة في مجال الطبخ والتموين الغذائي المنزلي ورفع كفاءتها وتمكينها وتفعيل دورها ومساهمتها في الناتج المحلي الإجمالي، وذلك من خلال عملها في مطابخ ورفوف سحابية تدار باحترافية عالية وتطبق أعلى معايير الجودة والنظافة لتأهيل الأسر المنتجة المحتضنة لسوق العمل وتوفير خبراء مختصين للحرص على رفع كفاءة التشغيل والتحسين المستمر.,5,"التاريخ: 15/02/1448
الموافق: 30/07/2026",30/07/2026,"التاريخ: 18/02/1448
الموافق: 02/08/2026",02/08/2026,,عبر منصة اعتماد,داخل المملكة,
1085873,2026-08-15T20:09:11.107022+00:00,0.00,تأمين وتوريد قطع غيار للمركبات التابعة لمستشفى شرورة ومنفذ الوديعة بتجمع نجران الصحي,,"التاريخ: 25/02/1448
الموافق: 09/08/2026",09/08/2026,"التاريخ: 26/02/1448
الموافق: 10/08/2026",10/08/2026,,لا يوجد,داخل المملكة,
1085879,2026-08-15T20:09:17.604407+00:00,0.00,توريد وتأمين قطع غيار للمركبات الإسعافية بالمراكز الخارجية بتجمع نجران الصحي,,"التاريخ: 25/02/1448
الموافق: 09/08/2026",09/08/2026,"التاريخ: 26/02/1448
الموافق: 10/08/2026",10/08/2026,,لا يوجد,داخل المملكة,
1085904,2026-08-15T22:09:39.499617+00:00,500.00,تهدف المنافسة إلى التعاقد مع مزود خدمة لتقديم الدعم الفني والتقني، وتصميم وتشغيل واجهات التكامل البرمجية بين الأنظمة والجهات ذات العلاقة، مع تجديد رخص منصة التكامل لضمان استمرارية الخدمات واستقرار الأنظمة ورفع كفاءة التشغيل.,5,"التاريخ: 13/02/1448
الموافق: 28/07/2026",28/07/2026,"التاريخ: 16/02/1448
الموافق: 31/07/2026",31/07/2026,,هيئة المدن والمناطق الاقتصادية الخاصة,داخل المملكة,
1085919,2026-08-15T18:41:52.136277+00:00,1500.00,أعمال النظافة والتشجير لمباني هيئة الحكومة الرقمية ومكاتبها ومواقعها، ويشمل جميع الأعمال اللازمة للحفاظ على نظافة وتشجير جميع المرافق محل العقد بكل ما يلزم من فريق عمل ومواد وأدوات وتجهيزات فنية وإدارية ولوجستية,5,"التاريخ: 22/04/1448
الموافق: 04/10/2026",04/10/2026,"التاريخ: 29/05/1448
الموافق: 09/11/2026",09/11/2026,,منصة اعتماد,داخل المملكة,
1085922,2026-08-15T19:17:06.454584+00:00,500.00,توفير رخصة لنظام دعم القرارات الطبية ونظام بيانات المعلومات الدوائية ومركز القيادة المتضمن التحكم بتنبيهات نظام دعم القرارات الطبية المستخدم وتوفير منصة لإدارة نظام بيانات المعلومات الدوائية مع خدمات الدعم الفني مركزيا في مدينة الملك عبدالعزيز الطبية في الرياض و يشمل مدينة الملك عبدالعزيز الطبية في جدة ومستشفى الملك عبدالعزيز بالأحساء ومستشفى الامام عبدالرحمن بن فيصل بالدمام و مستشفى الامير محمد بن عبدالعزيز بالمدينة المنورة ومراكز الرعاية الصحية التابعة لها في الشؤون الصحية بوزارة الحرس الوطني,5,"التاريخ: 24/03/1448
الموافق: 06/09/2026",06/09/2026,"التاريخ: 25/07/1448
الموافق: 03/01/2027",03/01/2027,,ادارة المشتريات - المبنى الاداري- بوابة رقم 1,داخل المملكة,
1085923,2026-08-15T23:12:17.843171+00:00,0.00,توريد وتركيب ستائر لنوافذ بين اسرة المرضى للخصوصية ولضمان جودة الخدمة المقدمة للمرضى,,"التاريخ: 15/02/1448
الموافق: 30/07/2026",30/07/2026,"التاريخ: 26/02/1448
الموافق: 10/08/2026",10/08/2026,,لا يوجد,داخل المملكة,
1085924,2026-08-15T22:57:51.518236+00:00,0.00,توريد غطيان فيبرجلاس لهيئة المساحة الجيولوجية السعودية,,"التاريخ: 06/02/1448
الموافق: 21/07/2026",21/07/2026,"التاريخ: 07/02/1448
الموافق: 22/07/2026",22/07/2026,,لا يوجد,داخل المملكة,
1085945,2026-08-15T19:56:07.560266+00:00,500.00,خدمة الربط مع منصة نفيس (NPHIES) تهدف إلى الربط الإلكتروني المباشر مع المنصة الوطنية الموحدة لإدارة مطالبات التأمين الصحي، بما يضمن تبادل البيانات بشكل آلي وآمن بين مقدمي الخدمة وشركات التأمين، وفق المعايير التنظيمية المعتمدة,5,"التاريخ: 26/02/1448
الموافق: 10/08/2026",10/08/2026,"التاريخ: 24/03/1448
الموافق: 06/09/2026",06/09/2026,,مبنى العيادات الخارجية برنامج الخدمات الصحية بالهيئة الملكية بالجبيل قاعه رقم 2025,داخل المملكة,
1085950,2026-08-15T18:40:50.110522+00:00,0.00,توريد وإعادة تعبئة غازات صناعية وفريون لقسم الإدارة الهندسية والأشغال بالظهران,,"التاريخ: 15/02/1448
الموافق: 30/07/2026",30/07/2026,"التاريخ: 16/03/1448
الموافق: 29/08/2026",29/08/2026,,لا يوجد,داخل المملكة,
1085955,2026-08-15T23:15:20.322486+00:00,0.00,توريد وتركيب عدادات قراءة استهلاك الكهرباء والمياه للوحدات السكنية,,"التاريخ: 08/02/1448
الموافق: 23/07/2026",23/07/2026,"التاريخ: 28/02/1448
الموافق: 12/08/2026",12/08/2026,,لا يوجد,داخل المملكة,
1085956,2026-08-15T19:45:00.128942+00:00,150.00,توريد انظمة الانذار من الحريق بمرافق الهيئة الملكية بمدينة ينبع الصناعية وتشغيلها وعمل الاختبارات اللازمة مع تقديم الضمانات,5,"التاريخ: 21/05/1448
الموافق: 01/11/2026",01/11/2026,"التاريخ: 01/06/1448
الموافق: 11/11/2026",11/11/2026,,الهيئة الملكية بينبع - قسم العقود,داخل المملكة,
1085962,2026-08-15T22:09:47.755866+00:00,0.00,توريد وتركيب عدد من بنود السلامة الشاطئية للمنتزه الترفيهي بالعزيزية,,"التاريخ: 05/02/1448
الموافق: 20/07/2026",20/07/2026,"التاريخ: 06/02/1448
الموافق: 21/07/2026",21/07/2026,,لا يوجد,داخل المملكة,
1085965,2026-08-15T22:14:00.991473+00:00,0.00,"توريد المواد وقطع غيار كهرباء CABLE,ELECTRIC,LOW VOLTAGE,ARMOURED الهيئة السعودية للمياه منظومة انتاج الشعيبة - الساحل الغربي60020696",5,"التاريخ: 15/02/1448
الموافق: 30/07/2026",30/07/2026,"التاريخ: 18/03/1448
الموافق: 31/08/2026",31/08/2026,,الادارة التنفيذية للإمداد بالمركز الرئيسي بالرياض,داخل المملكة,
1085966,2026-08-15T20:29:10.870682+00:00,500.00,- الغرض من هذه المنافسة هو القيام بصيانة وتشغيل ونظافة محطة الصرف الصحي الرئيسية ومرافقها بمدينة الملك عبد العزيز السكنية بخشم العان ويشمل ذلك تقديم المواد والمعدات والعمال وجميع الأشياء اللازمة لأعمال المشروع وفقاً لشروط العقد ووثائقه.,5,"التاريخ: 16/05/1448
الموافق: 27/10/2026",27/10/2026,"التاريخ: 30/05/1448
الموافق: 10/11/2026",10/11/2026,,المبنى الرئيسي - الدور الرابع - قاعة رقم 4066,داخل المملكة,
1085987,2026-08-15T22:45:35.955955+00:00,500.00,تنفيذ أعمال ترشح الهيئة لعضوية مجلس إدارة الاتحاد الدولي لجمعيات الصليب الأحمر والهلال الأحمر,5,"التاريخ: 15/02/1448
الموافق: 30/07/2026",30/07/2026,"التاريخ: 20/06/1448
الموافق: 30/11/2026",30/11/2026,,إدارة المشتريات,خارج المملكة,
1086010,2026-08-15T21:29:47.147885+00:00,0.00,"SPECIFICATIONS:A)FRAME,B)DOUBLE-LEAF DOOR,C)FUNCTION:ONE WAY SWING,DOOR CLOSER,DOOR HANDLE,D)GLASS:BOTH LEAF,SIZE-100SQ/INCH(EX.5X20""),E)DOOR RATING:3 HRS,F)MATERIAL:METAL,G)DOOR ACCESS CONTROL SYS W/ MAGNETIC LACK,H) AUTOMATIC DOOR CLOSER",,"التاريخ: 04/02/1448
الموافق: 19/07/2026",19/07/2026,"التاريخ: 05/02/1448
الموافق: 20/07/2026",20/07/2026,,لا يوجد,داخل المملكة,
1086018,2026-08-15T22:37:55.662411+00:00,0.00,توريد وتركيب لوحات ارشادية لمواقف السيارات بالمحكمة الجزائية والمحكمة التجارية بمحافظة جدة,,"التاريخ: 11/02/1448
الموافق: 26/07/2026",26/07/2026,"التاريخ: 12/02/1448
الموافق: 27/07/2026",27/07/2026,,لا يوجد,داخل المملكة,
1086030,2026-08-15T20:36:28.812785+00:00,500.00,تأمين مواد سباكة وغطاسات ودفاعات لصيانة الحدائق لبلدية محافظة عيون الجواء,5,"التاريخ: 20/02/1448
الموافق: 04/08/2026",04/08/2026,"التاريخ: 26/02/1448
الموافق: 10/08/2026",10/08/2026,,بلدية محافظة عيون الجواء,داخل المملكة,شبكات الري للحدائق
1086045,2026-08-15T19:10:32.762397+00:00,1000.00,الغرض من هذه المنافسة هو التعاقد مع شركات محلية لتقديم خدمات النظافة والصيانة لمبنى الهيئة السعودية للملكية الفكرية وفقاً للشروط والمواصفات ووثائق العقد.,5,"التاريخ: 07/03/1448
الموافق: 20/08/2026",20/08/2026,"التاريخ: 08/04/1448
الموافق: 20/09/2026",20/09/2026,,الرياض,داخل المملكة,
1086047,2026-08-15T19:42:55.730230+00:00,1000.00,يهدف هذا المشروع إلى التعاقد مع جهة متخصصة لتنفيذ خطة اتصالية شاملة للجنة مكافحة جرائم الاتجار بالأشخاص، بما يسهم في تعزيز حضور اللجنة إعلاميًا، ورفع مستوى الوعي المجتمعي والمؤسسي، وتطوير أدوات الاتصال متعددة اللغات، وتحسين التفاعل والردود الإعلامية، وتعزيز الشراكات والتواجد في الفعاليات، ودعم جهود المملكة في مكافحة جرائم الاتجار بالأشخاص محليًا ودوليًا.,5,"التاريخ: 06/02/1448
الموافق: 21/07/2026",21/07/2026,"التاريخ: 20/02/1448
الموافق: 04/08/2026",04/08/2026,,الكترونيا عبر منصة اعتماد وفي حال التعذر يسلم لمقر الهيئة,داخل المملكة,
1086054,2026-08-15T21:43:04.996495+00:00,500.00,عملية صيانة ونظافة مبنى مركز التدريب العدلي بمنطقة الرياض .,5,"التاريخ: 13/02/1448
الموافق: 28/07/2026",28/07/2026,"التاريخ: 20/02/1448
الموافق: 04/08/2026",04/08/2026,,الرياض,داخل المملكة,
1086055,2026-08-15T19:17:46.720333+00:00,500.00,تهدف هذه المنافسة الى توفير رخص أنظمة الربط بالمنصات الحكومية (صرف، تحصيل، فاتورة) و توفير رخص نظام الربط مع منصة التزام، يشمل ذلك تقديم التطوير المستمر لمواكبة التغييرات التي تتم على الأنظمة، وتقديم الدعم الفني بما يشمل الاستجابة للمشاكل التي تخص أنظمة الربط وحلها بشكل فعال وذلك لضمان استمرارية العمل دون انقطاع خلال مدة العقد,5,"التاريخ: 21/03/1448
الموافق: 03/09/2026",03/09/2026,"التاريخ: 21/04/1448
الموافق: 03/10/2026",03/10/2026,,ادارة المشتريات - المبنى الاداري- بوابة رقم 1,داخل المملكة,
1086059,2026-08-15T22:14:09.747722+00:00,0.00,تأمين صاج حديد أسود 260426 تأمين صاج حديد أسود 260426,,"التاريخ: 07/02/1448
الموافق: 22/07/2026",22/07/2026,"التاريخ: 08/02/1448
الموافق: 23/07/2026",23/07/2026,,لا يوجد,داخل المملكة,
1086067,2026-08-15T19:17:13.273177+00:00,200.00,تقديم الخدمات المدارة والصيانة لعمل الخوادم والأجهزة الرئيسية الموجودة بمراكز الحاسب الآلي، وكذلك الشبكة الواسعة والمحلية السلكية واللاسلكية وأجهزتها، بالإضافة للأجهزة والأنظمة الموجودة في جامعة الجوف والمدرجة بالملاحق المرفقة، وذلك في جميع المناطق التي تتواجد بها كليات أو إدارات تابعة للجامعة (سكاكا - طبرجل – القريات).,5,"التاريخ: 28/03/1448
الموافق: 10/09/2026",10/09/2026,"التاريخ: 12/04/1448
الموافق: 24/09/2026",24/09/2026,,منصة اعتماد,داخل المملكة,
1086068,2026-08-15T22:45:42.699676+00:00,0.00,أحد البنود الأساسية في المستشفى، ولحاجة المستشفى لهذا البند تم إرفاقه ضمن منافسات الشراء المباشر .,,"التاريخ: 05/02/1448
الموافق: 20/07/2026",20/07/2026,"التاريخ: 06/02/1448
الموافق: 21/07/2026",21/07/2026,,لا يوجد,داخل المملكة,
1086079,2026-08-15T20:25:45.972128+00:00,0.00,توريد وتركيب قطع غيار سيارات لفرع الإدارة الهندسية والأشغال,,"التاريخ: 30/01/1448
الموافق: 15/07/2026",15/07/2026,"التاريخ: 07/02/1448
الموافق: 22/07/2026",22/07/2026,,لا يوجد,داخل المملكة,
1086088,2026-08-15T19:45:05.821344+00:00,500.00,"تهدف هذه المنافسة إلى اختيار جهة متخصصة ومؤهلة لاستضافة منتدى أخلاقيات الذكاء الاصطناعي في المملكة العربية السعودية، وذلك وفق أعلى المعايير التنظيمية والتشغيلية، وبما يضمن تنفيذ المنتدى بكفاءة وجودة عالية.
ويشمل ذلك إدارة وتنفيذ كافة الجوانب المرتبطة بالمنتدى، إضافة إلى تنسيق الخدمات الداعمة بما يضمن تكامل تجربة الضيوف وسلاسة تنقلاتهم، وتحقيق تجربة احترافية تليق بمستوى الحدث وطبيعته الدولية.",5,"التاريخ: 14/03/1448
الموافق: 27/08/2026",27/08/2026,"التاريخ: 15/04/1448
الموافق: 27/09/2026",27/09/2026,,الخدمات المشتركة - لجنة فتح العروض,داخل المملكة,
1086090,2026-08-15T19:00:16.007290+00:00,0.00,CAMERA HEAD FOR UROLOGY TOWER (OLYMPUS) (CH-S200-08-LB) WITH CONTAINER,,"التاريخ: 28/02/1448
الموافق: 12/08/2026",12/08/2026,"التاريخ: 29/02/1448
الموافق: 13/08/2026",13/08/2026,,لا يوجد,داخل المملكة,
1086093,2026-08-15T20:09:24.815726+00:00,500.00,إنشاء خزانات تعبئة صهاريج الوقود بمنطقة الرياض.,5,"التاريخ: 19/06/1448
الموافق: 29/11/2026",29/11/2026,"التاريخ: 05/07/1448
الموافق: 14/12/2026",14/12/2026,,المبنى الرئيسي - الدور الرابع - قاعة رقم 4066,داخل المملكة,
1086094,2026-08-15T22:45:47.906973+00:00,0.00,لضمان استمرارية تقديم الرعاية الصحية للمرضى دون انقطاع يتحتم توفير هذا البند,,"التاريخ: 07/02/1448
الموافق: 22/07/2026",22/07/2026,"التاريخ: 08/02/1448
الموافق: 23/07/2026",23/07/2026,,لا يوجد,داخل المملكة,
1086097,2026-08-15T21:45:45.877973+00:00,0.00,تامين وتوريد طلبات واحتياجات لمطعم مستشفى الملك فهد للقوات المسلحة بجدة,,"التاريخ: 13/02/1448
الموافق: 28/07/2026",28/07/2026,"التاريخ: 14/02/1448
الموافق: 29/07/2026",29/07/2026,,لا يوجد,داخل المملكة,
1086104,2026-08-15T19:45:14.229278+00:00,300.00,تأمين وتوريد رؤوس شاحنات لقوة الصواريخ الاستراتيجية,5,"التاريخ: 25/05/1448
الموافق: 05/11/2026",05/11/2026,"التاريخ: 26/06/1448
الموافق: 06/12/2026",06/12/2026,,هيئة الامدادات والتموين,داخل المملكة,
1086109,2026-08-15T21:45:51.485074+00:00,0.00,تامين وتوريد طلبات واحتيات لمطعم مستشفى الملك فهد للقوات المسلحة بجدة,,"التاريخ: 14/02/1448
الموافق: 29/07/2026",29/07/2026,"التاريخ: 15/02/1448
الموافق: 30/07/2026",30/07/2026,,لا يوجد,داخل المملكة,
1086113,2026-08-15T21:54:59.947711+00:00,300.00,مشروع استكمال أعمال الإنارة بالأحياء السكنية بطلعة التمياط,5,"التاريخ: 06/02/1448
الموافق: 21/07/2026",21/07/2026,"التاريخ: 07/02/1448
الموافق: 22/07/2026",22/07/2026,,بلدية طلعة التمياط,داخل المملكة,
1086115,2026-08-15T23:38:28.592163+00:00,0.00,تأمين بعض المعدات التقنية اللازمة لدعم أعمال التصوير والإنتاج الإعلامي لإدارة العلاقات العامة والهوية المؤسسية,,"التاريخ: 27/01/1448
الموافق: 12/07/2026",12/07/2026,"التاريخ: 04/02/1448
الموافق: 19/07/2026",19/07/2026,,لا يوجد,داخل المملكة,
1086117,2026-08-15T21:45:56.541132+00:00,0.00,تامين وتوريد طلبات واحتيات لمطعم مستشفى الملك فهد للقوات المسلحة بجدة,,"التاريخ: 14/02/1448
الموافق: 29/07/2026",29/07/2026,"التاريخ: 15/02/1448
الموافق: 30/07/2026",30/07/2026,,لا يوجد,داخل المملكة,
1086118,2026-08-15T21:46:02.103749+00:00,0.00,تامين وتوريد طلبات واحتيات لمطعم مستشفى الملك فهد للقوات المسلحة بجدة,,"التاريخ: 14/02/1448
الموافق: 29/07/2026",29/07/2026,"التاريخ: 15/02/1448
الموافق: 30/07/2026",30/07/2026,,لا يوجد,داخل المملكة,
1086130,2026-08-15T21:46:07.576003+00:00,0.00,تامين وتوريد طلبات واحتيات لمطعم مستشفى الملك فهد للقوات المسلحة بجدة,,"التاريخ: 13/02/1448
الموافق: 28/07/2026",28/07/2026,"التاريخ: 14/02/1448
الموافق: 29/07/2026",29/07/2026,,لا يوجد,داخل المملكة,
1086146,2026-08-15T22:54:08.546284+00:00,500.00,تهدف المنافسة إلى التعاقد مع شركة متخصصة في مجال مراقبة عمليات الأمن السيبراني والتي تصنف Tier 1 من قبل الهيئة الوطنية للأمن السيبراني وذلك لتقديم خدمة مركز المراقبة الأمنية المدارة (SOC) 24/7 على جميع الأصول المتعلقة بأكاديمية مهد الرياضية بالإضافة إلى تقديم خدمات إرسال التنبيهات بالإضافة إلى تقديم خدمة الاستجابة للحوادث السيبرانية وخدمات معلومات التهديدات الاستباقية وخدمة حماية المخاطر الرقمية ويجب على مزود الخدمة أن يستخدم أفضل التقنيات في مجال المراقبة المدارة والاستجابة للحوادث بهدف اكتشاف الحوادث الأمنية وتحليلها والاستجابة لها بشكل فعال.,5,"التاريخ: 07/03/1448
الموافق: 20/08/2026",20/08/2026,"التاريخ: 12/03/1448
الموافق: 25/08/2026",25/08/2026,,أكاديمية مهد الرياضية,داخل المملكة,
1086147,2026-08-15T22:38:04.809184+00:00,500.00,خدمات التخلص من مياه الصرف الصحي (حسب الطلب) لمدة ثلاث سنوات بمدينة الملك عبدالعزيز الطبية بجدة والمرافق التابعة لها التابعة للشؤون الصحية بوزارة الحرس الوطني,5,"التاريخ: 27/03/1448
الموافق: 09/09/2026",09/09/2026,"التاريخ: 02/05/1448
الموافق: 13/10/2026",13/10/2026,,مدينة الملك عبدالعزيز الطبية بجدة,داخل المملكة,
1086157,2026-08-15T21:29:53.819038+00:00,0.00,شراء خدمات تصنيع تركيبات وأطقم الاسنان الثابثة والمتحركة لمستشفى الدرعية,,"التاريخ: 23/01/1448
الموافق: 08/07/2026",08/07/2026,"التاريخ: 24/01/1448
الموافق: 09/07/2026",09/07/2026,,لا يوجد,داخل المملكة,
1086160,2026-08-15T23:07:29.235116+00:00,0.00,تأمين أجهزة صيانة شبكات لقوات أمن المنشآت بمنطقة الرياض,,"التاريخ: 11/02/1448
الموافق: 26/07/2026",26/07/2026,"التاريخ: 18/02/1448
الموافق: 02/08/2026",02/08/2026,,لا يوجد,داخل المملكة,
1086173,2026-08-15T19:45:20.227879+00:00,500.00,الهدف الرئيسي من هذه المنافسة هو توريد أجهزة طبية ومحاكاة لكلية التمريض,5,"التاريخ: 23/05/1448
الموافق: 03/11/2026",03/11/2026,"التاريخ: 05/06/1448
الموافق: 15/11/2026",15/11/2026,,مبنى إدارة الجامعة الدور الرابع الاداره المالية,داخل المملكة,
1086183,2026-08-15T19:11:34.385531+00:00,0.00,تأمين قطع غيار واصلاح أجهزة تعبئة أسطوانات تنفس لمديرية الدفاع المدني بمنطقة مكة المكرمة,,"التاريخ: 04/03/1448
الموافق: 17/08/2026",17/08/2026,"التاريخ: 05/03/1448
الموافق: 18/08/2026",18/08/2026,,لا يوجد,داخل المملكة,
1086185,2026-08-15T18:41:16.930016+00:00,500.00,مشروع إحلال لوحات التحكم ذات الجهد المتوسط الخاصة ببدء تشغيل المبردات المركزية بجامعة الملك فيصل,5,"التاريخ: 03/03/1448
الموافق: 16/08/2026",16/08/2026,"التاريخ: 07/03/1448
الموافق: 20/08/2026",20/08/2026,,القاعة الخاصة بفتح المظاريف بالدور الثالث بمبنى الإدارة الرئيسي رقم 3,داخل المملكة,
1086186,2026-08-15T22:57:57.851005+00:00,0.00,تأمين قطع غيار واصلاح اليات كومندر روزنباور التابعة للدفاع المدني بمنطقة مكة المكرمة,,"التاريخ: 08/02/1448
الموافق: 23/07/2026",23/07/2026,"التاريخ: 11/02/1448
الموافق: 26/07/2026",26/07/2026,,لا يوجد,داخل المملكة,
1086188,2026-08-15T20:45:28.250839+00:00,200.00,تأمين توريد ديزل لمحطة وقود بلدية محافظة الخرج,5,"التاريخ: 19/02/1448
الموافق: 03/08/2026",03/08/2026,"التاريخ: 26/02/1448
الموافق: 10/08/2026",10/08/2026,,منصة اعتماد,داخل المملكة,
1086189,2026-08-15T19:00:22.626370+00:00,500.00,أعمال خدمات صيانة وتشغيل الزراعة للجامعة والمركز الطبي بجامعة الملك عبدالعزيز,5,"التاريخ: 03/04/1448
الموافق: 15/09/2026",15/09/2026,"التاريخ: 18/04/1448
الموافق: 30/09/2026",30/09/2026,,منصة اعتماد,داخل المملكة,
1086201,2026-08-15T19:45:27.844320+00:00,500.00,مشروع تشغيل أنظمة إدارة الحوكمة والالتزام والمخاطر (المرحلة الثانية),5,"التاريخ: 21/05/1448
الموافق: 01/11/2026",01/11/2026,"التاريخ: 05/06/1448
الموافق: 15/11/2026",15/11/2026,,بمبنى ديوان الوزارة القديم بطريق الملك عبدالعزيز  (المبنى الرئيسي ـ الدور الأول ) إدارة المنافسات,داخل المملكة,
1086203,2026-08-15T23:27:13.432546+00:00,0.00,تأمين مستلزمات وأجهزة طبية وقطع غيار لمركز الأمير سلطان لمعالجة أمراض وجراحة القلب,,"التاريخ: 23/01/1448
الموافق: 08/07/2026",08/07/2026,"التاريخ: 24/01/1448
الموافق: 09/07/2026",09/07/2026,,لا يوجد,داخل المملكة,
1086204,2026-08-15T19:43:03.425502+00:00,0.00,نقل محروقات من محطات ارامكو الى الخزانات الارضية بمستشفيات القوات المسلحة بمنطقة الطائف,,"التاريخ: 21/01/1448
الموافق: 06/07/2026",06/07/2026,"التاريخ: 22/01/1448
الموافق: 07/07/2026",07/07/2026,,لا يوجد,داخل المملكة,
1086206,2026-08-15T20:33:55.585931+00:00,1000.00,توضيب وإصلاح محركات ونواقل الحركة لقوات أمن المنشآت,5,"التاريخ: 18/05/1448
الموافق: 29/10/2026",29/10/2026,"التاريخ: 19/06/1448
الموافق: 29/11/2026",29/11/2026,,الرياض – مبنى قيادة قوات أمن المنشآت الجديد - طريق الدمام,داخل المملكة,
1086209,2026-08-15T20:29:15.588372+00:00,1000.00,تعمل هيئة حقوق الإنسان ضمن خطة التحول الرقمي على العديد من المبادرات الرقمية التي تساهم في تحقيق أهداف الهيئة الاستراتيجية والتشغيلية وتحقيق المساهمة الفاعلة في تبني استراتيجيات التحول الرقمي الوطني ورؤية المملكة العربية السعودية (2030) ، حيث تعنى الهيئة برفع مستوها التقني وتعزيز استدامتها لتكون محققة للغايات المنشودة منها,5,"التاريخ: 12/03/1448
الموافق: 25/08/2026",25/08/2026,"التاريخ: 18/03/1448
الموافق: 31/08/2026",31/08/2026,,الكترونيا عبر منصة اعتماد وفي حال تعذر التسليم يسلم في مقر الهيئة,داخل المملكة,
1086214,2026-08-15T20:16:49.897748+00:00,500.00,تجديد الدعم الفني لقاعة الاجتماعات الرئيسية,5,"التاريخ: 20/03/1448
الموافق: 02/09/2026",02/09/2026,"التاريخ: 22/04/1448
الموافق: 04/10/2026",04/10/2026,,صندوق التنمية الزراعية - المركز الرئيسي - طريق الملك سعود,داخل المملكة,
1086218,2026-08-15T22:22:05.213712+00:00,0.00,توريد اجهزة رادار ومجموعة التحكم لسفن القوة البحرية بجازان,5,"التاريخ: 04/02/1448
الموافق: 19/07/2026",19/07/2026,"التاريخ: 11/02/1448
الموافق: 26/07/2026",26/07/2026,,عبر منصة اعتماد,داخل المملكة,
1086223,2026-08-15T22:14:18.483894+00:00,0.00,توريد زيوت لمنظومة انتاج رأس الخير  60020699 الساحل الشرقي,5,"التاريخ: 10/02/1448
الموافق: 25/07/2026",25/07/2026,"التاريخ: 12/03/1448
الموافق: 25/08/2026",25/08/2026,,المؤسسسة العامة لتحلية المياه المالحة الرياض  المركز الرئيسي إدارة المشتريات الدور الرابع مكتب 18   الدور الرابع مكتب 18  يمكنكم تقديم صورة منه في منصة اعتماد,داخل المملكة,
1086227,2026-08-15T22:14:27.261257+00:00,0.00,توريد أغشيه لمنظومة انتاج رأس الخير 60020700 الساحل الشرقي,5,"التاريخ: 29/02/1448
الموافق: 13/08/2026",13/08/2026,"التاريخ: 28/03/1448
الموافق: 10/09/2026",10/09/2026,,المؤسسسة العامة لتحلية المياه المالحة الرياض  المركز الرئيسي إدارة المشتريات الدور الرابع مكتب 18   الدور الرابع مكتب 18  يمكنكم تقديم صورة منه في منصة اعتماد,داخل المملكة,
1086229,2026-08-15T22:26:26.207772+00:00,0.00,توريد قطع غيار لمنظومة انتاج رأس الخير  60020701 الساحل الشرقي,5,"التاريخ: 29/02/1448
الموافق: 13/08/2026",13/08/2026,"التاريخ: 28/03/1448
الموافق: 10/09/2026",10/09/2026,,المؤسسسة العامة لتحلية المياه المالحة الرياض  المركز الرئيسي إدارة المشتريات الدور الرابع مكتب 18   الدور الرابع مكتب 18  يمكنكم تقديم صورة منه في منصة اعتماد,داخل المملكة,
1086230,2026-08-15T22:38:10.958000+00:00,100.00,مقدم الخدمة سوف يقدم الخدمة اللازمة في موقع الصندوق لتقديم الدعم اللازم لحل المشاكل وتقديم الخدمات بشكل احترافي من المستوى الثالث من العمليات التشغيلية لأنظمة الأمان.,5,"التاريخ: 21/02/1448
الموافق: 05/08/2026",05/08/2026,"التاريخ: 06/03/1448
الموافق: 19/08/2026",19/08/2026,,بالمنصة وعند العطل حسب النظام بالصندوق,داخل المملكة,
1086232,2026-08-15T21:46:12.503385+00:00,0.00,تامين وتوريد طلبات واحتياجات لمطعم مستشفى الملك فهد للقوات المسلحة بجدة,,"التاريخ: 13/02/1448
الموافق: 28/07/2026",28/07/2026,"التاريخ: 14/02/1448
الموافق: 29/07/2026",29/07/2026,,لا يوجد,داخل المملكة,
1086234,2026-08-15T21:46:17.323149+00:00,0.00,تامين وتوريد طلبات واحتياجات لمطعم مستشفى الملك فهد للقوات المسلحة بجدة,,"التاريخ: 13/02/1448
الموافق: 28/07/2026",28/07/2026,"التاريخ: 14/02/1448
الموافق: 29/07/2026",29/07/2026,,لا يوجد,داخل المملكة,
1086236,2026-08-15T23:07:35.573309+00:00,200.00,توريد كفرات وبطاريات لادارة التشغيل والصيانة بجازان,5,"التاريخ: 17/03/1448
الموافق: 30/08/2026",30/08/2026,"التاريخ: 18/03/1448
الموافق: 31/08/2026",31/08/2026,,قسم المشتريات إدارة التشغيل والصيانة,داخل المملكة,
1086237,2026-08-15T23:12:24.176841+00:00,0.00,توريد وتركيب واختبار وحدة معالجة الصرف الصحي بوحدة تحلية مياه البحر بفرسان,,"التاريخ: 04/02/1448
الموافق: 19/07/2026",19/07/2026,"التاريخ: 06/02/1448
الموافق: 21/07/2026",21/07/2026,,لا يوجد,داخل المملكة,
1086239,2026-08-15T23:12:31.208736+00:00,0.00,صيانة ومعايرة موثوقية عدادات قارئات التدفق بوحدة تحلية مياه البحر في فرسان,,"التاريخ: 04/02/1448
الموافق: 19/07/2026",19/07/2026,"التاريخ: 06/02/1448
الموافق: 21/07/2026",21/07/2026,,لا يوجد,داخل المملكة,
1086246,2026-08-15T23:23:44.020605+00:00,0.00,"SUPPLY AND INSTALL OF ADDITIONAL FURNITURE ITEMS AT ALULAAUDITORIUM IN
GROUND FLOOR",,"التاريخ: 14/02/1448
الموافق: 29/07/2026",29/07/2026,"التاريخ: 15/02/1448
الموافق: 30/07/2026",30/07/2026,,لا يوجد,داخل المملكة,
1086247,2026-08-15T23:23:50.475002+00:00,0.00,"THE CONTRACTOR SHALL MAINTENANCE AND REPLACEMENT OF FIRST FLOOR
FLOORING WITH SPC FLOORING-HOSPITAI BUILDING",,"التاريخ: 13/02/1448
الموافق: 28/07/2026",28/07/2026,"التاريخ: 14/02/1448
الموافق: 29/07/2026",29/07/2026,,لا يوجد,داخل المملكة,
1086259,2026-08-15T21:13:28.658493+00:00,300.00,تجديد رخص لأنظمة البنية التحتية والأصول بالهيئة  واضافة رخص للبرامج مع توفير الدعم الفني خلال مدة المشروع.,5,"التاريخ: 04/04/1448
الموافق: 16/09/2026",16/09/2026,"التاريخ: 17/04/1448
الموافق: 29/09/2026",29/09/2026,,منصة اعتماد,داخل المملكة,
1086262,2026-08-15T20:14:41.297991+00:00,2000.00,تجهيز بيئة عمل مناسبة للموظفين في مبنى الهيئة بمحافظة الخبر,5,"التاريخ: 05/03/1448
الموافق: 18/08/2026",18/08/2026,"التاريخ: 18/03/1448
الموافق: 31/08/2026",31/08/2026,,عبر منصة اعتماد,داخل المملكة,
1086269,2026-08-15T21:08:11.292279+00:00,500.00,لعد الحبوب وتحريز المواد المخدرة والمؤثرات العقلية المضبوطة لدى فروع المديرية العامة لمكافحة المخدرات بالمناطق,5,"التاريخ: 01/03/1448
الموافق: 14/08/2026",14/08/2026,"التاريخ: 15/03/1448
الموافق: 28/08/2026",28/08/2026,,منصة اعتماد,داخل المملكة,المعدات الإلكترونية الطبية / المختبرية
1086271,2026-08-15T20:29:24.657679+00:00,8000.00,تسعى الادارة العامة للاتصال المؤسسي في وزارة النقل والخدمات اللوجستية إلى التعاقد مع شركة متخصصة في التسويق والإعلان والعلاقات العامة بهدف تعزيز وعي الجمهور باستراتيجيات وخطط ومشاريع الوزارة محلياً ودولياً. يشمل هذا الهدف تصميم وتنفيذ حملات اتصالية إبداعية عبر القنوات والمنصات الرقمية التابعة للوزارة وادارة العلاقات الإعلامية والهوية المؤسسية، سواء كانت رقمية أو تقليدية، لتسليط الضوء على الخطط الاستراتيجية والمشاريع النوعية وكافة اعمال وأنشطة الوزارة. كما تهدف هذه الحملات إلى دعم برامج ومشاريع منظومة النقل والخدمات اللوجستية التي تشرف عليها الوزارة والتي تساهم في  تدعيم وتعزيز مكانة  المملكة كمنصة لوجستية استراتيجية تربط ثلاث قارات والعالم اجمع وتعزيز الصورة الذهنية للوزارة وايصال كافة رسائلها لمختلف أصحاب المصلحة، إضافة إلى نشر الوعي بجهود الوزارة في مجالات عملها، كما تهدف الإدارة العامة للاتصال المؤسسي إلى تعزيز وحماية الهوية المؤسسية للوزارة عبر العمل على ادلة استرشاديه لآلية تطبيق الهوية بالإضافة إلى مراقبة ومتابعة تطبيق الهوية على جميع تطبيقات الهوية الخاصة بالوزارة.,5,"التاريخ: 20/03/1448
الموافق: 02/09/2026",02/09/2026,"التاريخ: 22/04/1448
الموافق: 04/10/2026",04/10/2026,,منصة اعتماد,داخل المملكة,
1086274,2026-08-15T21:10:50.575644+00:00,0.00,WM-إحلال الضاغط القديم وتوريد وتركيب ضاغط جديد خاص بغرفة تبريد الماء في المطبخ الرئيسي بمستشفى الأمير محمد بن عبد العزيز بالمدينة المنورة التابع للشؤون الصحية بوزارة الحرس الوطني.,,"التاريخ: 15/02/1448
الموافق: 30/07/2026",30/07/2026,"التاريخ: 07/03/1448
الموافق: 20/08/2026",20/08/2026,,لا يوجد,داخل المملكة,
1086275,2026-08-15T20:21:41.177024+00:00,500.00,تامين المتطلبات التقنية لتشغيل المركز الطبي بمدينة الامير نايف الامنية,5,"التاريخ: 10/03/1448
الموافق: 23/08/2026",23/08/2026,"التاريخ: 29/04/1448
الموافق: 11/10/2026",11/10/2026,,الكتروني,داخل المملكة,
1086276,2026-08-15T23:23:56.671186+00:00,0.00,بخصوص  احتياج قطع غيار لوسائط الدعم العاجل بالمنطقة الشرقية,,"التاريخ: 28/01/1448
الموافق: 13/07/2026",13/07/2026,"التاريخ: 29/01/1448
الموافق: 14/07/2026",14/07/2026,,لا يوجد,داخل المملكة,
1086278,2026-08-15T23:12:37.963982+00:00,0.00,بخصوص تامين بطاريات الحوامات البحرية والمعدات البحرية والزوارق البحرية بالمنطقة الشرقية,,"التاريخ: 04/02/1448
الموافق: 19/07/2026",19/07/2026,"التاريخ: 05/02/1448
الموافق: 20/07/2026",20/07/2026,,لا يوجد,داخل المملكة,
1086302,2026-08-15T21:34:07.325018+00:00,0.00,توريد وتركيب وترصيص إطارات ووزن الاذراعة مع توريد وتركيب وإصلاح قطع غيار للسيارات التابعة لفرع وزارة العدل بمكة المكرمة,,"التاريخ: 11/02/1448
الموافق: 26/07/2026",26/07/2026,"التاريخ: 12/02/1448
الموافق: 27/07/2026",27/07/2026,,لا يوجد,داخل المملكة,
1086307,2026-08-15T18:55:58.422306+00:00,0.00,صيانة معالجه محطة المياه بمستشفى الهدا العسكري,,"التاريخ: 23/01/1448
الموافق: 08/07/2026",08/07/2026,"التاريخ: 24/01/1448
الموافق: 09/07/2026",09/07/2026,,لا يوجد,داخل المملكة,
1086310,2026-08-15T22:03:17.147751+00:00,0.00,"توريد مواد ( JOURNAL BEARING,OEM PART ) لمنظومة الشعيبة بالساحل الغربي 60020720",5,"التاريخ: 28/02/1448
الموافق: 12/08/2026",12/08/2026,"التاريخ: 27/03/1448
الموافق: 09/09/2026",09/09/2026,,الادارة التنفيذية للإمداد بالمركز الرئيسي بالرياض,داخل المملكة,
1086311,2026-08-15T22:45:52.992467+00:00,0.00,تحديث وصيانة الجناح الخاص (VIP) بالتنويم بمستشفى الملك خالد ومركز الأمير سلطان للقلب بتجمع نجران الصحي,5,"التاريخ: 05/02/1448
الموافق: 20/07/2026",20/07/2026,"التاريخ: 06/02/1448
الموافق: 21/07/2026",21/07/2026,,تجمع صحي منطقة نجران,داخل المملكة,
1086312,2026-08-15T22:38:18.476137+00:00,0.00,تأمين احتياج قسم الصحة الرقمية بمستشفى غرب نجران للولادة والأطفال بتجمع نجران الصحي,5,"التاريخ: 04/02/1448
الموافق: 19/07/2026",19/07/2026,"التاريخ: 05/02/1448
الموافق: 20/07/2026",20/07/2026,,تجمع صحي منطقة نجران,داخل المملكة,
1086314,2026-08-15T22:09:54.826338+00:00,0.00,Scheduled Oil Sampling kit) MH توريد مواد او قطع غيار او ادوات خاصة بالصيانة,,"التاريخ: 24/01/1448
الموافق: 09/07/2026",09/07/2026,"التاريخ: 27/01/1448
الموافق: 12/07/2026",12/07/2026,,لا يوجد,داخل المملكة,
1086315,2026-08-15T22:45:59.248070+00:00,0.00,تحديث بعض الممرات بمستشفى الولادة والأطفال بتجمع نجران الصحي,5,"التاريخ: 04/02/1448
الموافق: 19/07/2026",19/07/2026,"التاريخ: 05/02/1448
الموافق: 20/07/2026",20/07/2026,,تجمع صحي منطقة نجران,داخل المملكة,
1086316,2026-08-15T22:46:04.632039+00:00,0.00,تحديث قسم العيادات الخارجية بمستشفى الولادة والأطفال بتجمع نجران الصحي,5,"التاريخ: 04/02/1448
الموافق: 19/07/2026",19/07/2026,"التاريخ: 05/02/1448
الموافق: 20/07/2026",20/07/2026,,تجمع صحي منطقة نجران,داخل المملكة,
1086318,2026-08-15T22:46:12.580856+00:00,0.00,تحديث وتحسين مكاتب الإدارة الطبية بمستشفى الولادة والأطفال بتجمع نجران الصحي,5,"التاريخ: 04/02/1448
الموافق: 19/07/2026",19/07/2026,"التاريخ: 05/02/1448
الموافق: 20/07/2026",20/07/2026,,تجمع صحي منطقة نجران,داخل المملكة,
1086336,2026-08-15T21:39:08.765962+00:00,0.00,تأمين خدمات شركة متخصصة للإتلاف بمدينة جدة (مطبوعات),,"التاريخ: 28/01/1448
الموافق: 13/07/2026",13/07/2026,"التاريخ: 29/01/1448
الموافق: 14/07/2026",14/07/2026,,لا يوجد,داخل المملكة,
1086337,2026-08-15T22:14:34.956516+00:00,0.00,دريل تثبيت براغي ........................................,,"التاريخ: 07/02/1448
الموافق: 22/07/2026",22/07/2026,"التاريخ: 08/02/1448
الموافق: 23/07/2026",23/07/2026,,لا يوجد,داخل المملكة,
1086343,2026-08-15T22:44:03.543576+00:00,200.00,طرحت المنافسة لغاية توريد زيوت وشحوم وكفرات لمعدات البلدية وأعلنت لغاية الحصول على أفضل الأسعار بالمواصفات والجودة المطلوبة,5,"التاريخ: 11/02/1448
الموافق: 26/07/2026",26/07/2026,"التاريخ: 15/02/1448
الموافق: 30/07/2026",30/07/2026,,بلدية البديع - قاعة الاجتماعية الرئيسية,داخل المملكة,
1086344,2026-08-15T21:13:35.756333+00:00,0.00,تأمين عدة.........................................,,"التاريخ: 13/02/1448
الموافق: 28/07/2026",28/07/2026,"التاريخ: 14/02/1448
الموافق: 29/07/2026",29/07/2026,,لا يوجد,داخل المملكة,
1086347,2026-08-15T22:46:19.713911+00:00,0.00,توريد فلتر...........................................,,"التاريخ: 30/01/1448
الموافق: 15/07/2026",15/07/2026,"التاريخ: 01/02/1448
الموافق: 16/07/2026",16/07/2026,,لا يوجد,داخل المملكة,
1086350,2026-08-15T22:46:26.839651+00:00,0.00,: توريد واير + ختم رصاص ............................................,,"التاريخ: 30/01/1448
الموافق: 15/07/2026",15/07/2026,"التاريخ: 01/02/1448
الموافق: 16/07/2026",16/07/2026,,لا يوجد,داخل المملكة,
1086353,2026-08-15T19:17:21.200825+00:00,200.00,عملية وتركيب وتهيئة شبكة بمبنى محافظة حبونا الجديد,5,"التاريخ: 11/02/1448
الموافق: 26/07/2026",26/07/2026,"التاريخ: 26/02/1448
الموافق: 10/08/2026",10/08/2026,,امارة نجران,داخل المملكة,
1086362,2026-08-15T20:16:58.079247+00:00,0.00,حساس مقياس الشحم................................................,,"التاريخ: 13/02/1448
الموافق: 28/07/2026",28/07/2026,"التاريخ: 14/02/1448
الموافق: 29/07/2026",29/07/2026,,لا يوجد,داخل المملكة,
1086363,2026-08-15T22:38:25.169672+00:00,0.00,توريد قطع غيار كواشف أجهزة تحليل المياه لمنظومات انتاج المياه ينبع وجدة بالساحل الغربي,,"التاريخ: 18/02/1448
الموافق: 02/08/2026",02/08/2026,"التاريخ: 19/02/1448
الموافق: 03/08/2026",03/08/2026,,لا يوجد,داخل المملكة,
1086365,2026-08-15T22:38:30.064029+00:00,0.00,توريد دهانات ومواد صناعية لمنظومتي انتاج مياه ينبع وضبا - 60020703,,"التاريخ: 19/02/1448
الموافق: 03/08/2026",03/08/2026,"التاريخ: 21/02/1448
الموافق: 05/08/2026",05/08/2026,,لا يوجد,داخل المملكة,
1086366,2026-08-15T22:54:15.842548+00:00,0.00,منافسة تـامين ملفات عرض ثنائي ابيض بشعار,5,"التاريخ: 18/02/1448
الموافق: 02/08/2026",02/08/2026,"التاريخ: 03/03/1448
الموافق: 16/08/2026",16/08/2026,,الرياض,داخل المملكة,
1086367,2026-08-15T22:38:38.261358+00:00,0.00,توريد قطع غيار كواشف أجهزة تحليل المياه لمنظومة انتاج ينبع بالساحل الغربي,,"التاريخ: 20/02/1448
الموافق: 04/08/2026",04/08/2026,"التاريخ: 21/02/1448
الموافق: 05/08/2026",05/08/2026,,لا يوجد,داخل المملكة,
1086372,2026-08-15T19:30:22.002612+00:00,3000.00,مشروع تشغيل وصيانة مركز العمليات بأمانة منطقة القصيم,5,"التاريخ: 01/04/1448
الموافق: 13/09/2026",13/09/2026,"التاريخ: 25/04/1448
الموافق: 07/10/2026",07/10/2026,,أمانة منطقة القصيم / الإدارة العامة للمشتريات والمناقصات / فتح المظاريف,داخل المملكة,تقنية الاتصالات
1086378,2026-08-15T20:55:35.120756+00:00,500.00,تأمين كساوي ومستلزمات العناية الشخصية بالمرضى المنومين بمجمع إرادة والصحة النفسية بالتجمع الصحي الثالث بالرياض,5,"التاريخ: 21/02/1448
الموافق: 05/08/2026",05/08/2026,"التاريخ: 25/02/1448
الموافق: 09/08/2026",09/08/2026,,تجمع الرياض الصحي الثالث,داخل المملكة,
1086399,2026-08-15T22:38:45.581025+00:00,200.00,تشغيل تنفيذ مدرسة جامعة القصيم لتعليم القيادة,5,"التاريخ: 15/02/1448
الموافق: 30/07/2026",30/07/2026,"التاريخ: 18/02/1448
الموافق: 02/08/2026",02/08/2026,,قاعة المشتريات,داخل المملكة,
1086400,2026-08-15T22:38:52.060077+00:00,500.00,تأمين وتوريد مواد تشغيلية عاجلة,5,"التاريخ: 07/02/1448
الموافق: 22/07/2026",22/07/2026,"التاريخ: 08/02/1448
الموافق: 23/07/2026",23/07/2026,,إدارة مدينة الملك فيصل العسكرية بخميس مشيط قسم المشتريات,داخل المملكة,
1086406,2026-08-15T20:14:50.259772+00:00,0.00,طلب معلومات RFI لمشروع حوكمة شركات نادي الإبل وإعادة ترتيب الأنشطة والسجلات,,"التاريخ: 22/02/1448
الموافق: 06/08/2026",06/08/2026,"التاريخ: 29/02/1448
الموافق: 13/08/2026",13/08/2026,,لا يوجد,داخل المملكة,
1086409,2026-08-15T21:13:42.919377+00:00,500.00,تأمين زيوت وكفرات لمركبات ومعدات بلدية محافظة ضرية,5,"التاريخ: 14/02/1448
الموافق: 29/07/2026",29/07/2026,"التاريخ: 21/02/1448
الموافق: 05/08/2026",05/08/2026,,بلدية محافظة ضرية,داخل المملكة,
1086413,2026-08-15T19:56:14.262876+00:00,500.00,توريد أسمدة ومبيدات زراعية لأمانة منطقة القصيم,5,"التاريخ: 22/02/1448
الموافق: 06/08/2026",06/08/2026,"التاريخ: 10/03/1448
الموافق: 23/08/2026",23/08/2026,,أمانة القصيم/ الإدارة العامة للمشتريات والمناقصات / فتح المظاريف,داخل المملكة,
1086416,2026-08-15T22:38:59.882727+00:00,0.00,تأمين وتوريد أثاث غير طبي لإسكانات المستشفيات والمراكز الصحية التابعة لتجمع نجران الصحي,5,"التاريخ: 04/02/1448
الموافق: 19/07/2026",19/07/2026,"التاريخ: 05/02/1448
الموافق: 20/07/2026",20/07/2026,,تجمع صحي منطقة نجران,داخل المملكة,
1086433,2026-08-15T20:29:31.740567+00:00,0.00,توفير سكن مؤقت في منطقة المدينة المنورة ومنطقة تبوك,5,"التاريخ: 04/03/1448
الموافق: 17/08/2026",17/08/2026,"التاريخ: 19/03/1448
الموافق: 01/09/2026",01/09/2026,,المقر الرئيسي للبرنامج الوطني للتنمية المجتمعية,داخل المملكة,
1086453,2026-08-15T20:21:46.081576+00:00,0.00,تامين قطع غيار واصلاح الاليات الخاصة بالادارة العامة للدفاع المدني بمحافظة القطيف,,"التاريخ: 30/01/1448
الموافق: 15/07/2026",15/07/2026,"التاريخ: 01/02/1448
الموافق: 16/07/2026",16/07/2026,,لا يوجد,داخل المملكة,
1086458,2026-08-15T22:26:31.142707+00:00,500.00,مشروع صيانة الانارة بمحافظة فرسان وقراها,5,"التاريخ: 14/02/1448
الموافق: 29/07/2026",29/07/2026,"التاريخ: 21/02/1448
الموافق: 05/08/2026",05/08/2026,,الاكتروني عبر منصة اعتماد بادارة المناقصات بامتنة منطقة جازان,داخل المملكة,
1086461,2026-08-15T22:39:06.910995+00:00,0.00,تأمين معايير الوصول الشامل لمستشفى غرب نجران للولادة والأطفال والعيادات التخصصية بتجمع نجران الصحي,5,"التاريخ: 04/02/1448
الموافق: 19/07/2026",19/07/2026,"التاريخ: 05/02/1448
الموافق: 20/07/2026",20/07/2026,,تجمع صحي منطقة نجران,داخل المملكة,
1086472,2026-08-15T22:14:41.531595+00:00,200.00,تهدف هذه المنافسة إلى طرح مشروع لتطوير وتحسين الأنظمة والخدمات التقنية ذات العلاقة، بما يسهم في رفع الكفاءة التشغيلية وتحسين جودة الأداء,5,"التاريخ: 21/02/1448
الموافق: 05/08/2026",05/08/2026,"التاريخ: 07/03/1448
الموافق: 20/08/2026",20/08/2026,,وزارة الاستثمار,داخل المملكة,
1086481,2026-08-15T21:10:58.901405+00:00,500.00,صيانة الإنارة التابعة لبلدية وادي جازان ( عقد بديل ),5,"التاريخ: 22/02/1448
الموافق: 06/08/2026",06/08/2026,"التاريخ: 28/02/1448
الموافق: 12/08/2026",12/08/2026,,لجنة فتح العروض ببلدية محافظة ابوعريش,داخل المملكة,"صيانة وتشغيل الأعمال الكهربائية, الطــــرق"
1086483,2026-08-15T22:14:47.220542+00:00,1000.00,توريد وتركيب عزل بوحدات واسكانات المنطقة الجنوبية,5,"التاريخ: 11/02/1448
الموافق: 26/07/2026",26/07/2026,"التاريخ: 12/02/1448
الموافق: 27/07/2026",27/07/2026,,إدارة مدينة الملك فيصل العسكرية بخميس مشيط قسم المشتريات,داخل المملكة,
1086486,2026-08-15T19:36:01.398664+00:00,0.00,ﺗﻮرﻳﺪ ﺻﻤﺎﻣﺎت ﻷﻧﻈﻤﺔ ﻧﻘﻞ اﻟﺠﺒﻴﻞ 60020702,5,"التاريخ: 19/02/1448
الموافق: 03/08/2026",03/08/2026,"التاريخ: 24/03/1448
الموافق: 06/09/2026",06/09/2026,,لجنة فحص العروض,داخل المملكة,
1086492,2026-08-15T19:09:24.720811+00:00,0.00,يهدف هذا المشروع الى تطوير منهجية متكاملة لتقديم خدمات الاستقبال وارشاد الزوار في حي السفارات، بما يضمن تقديم تجربة  تعريفية راقية لزائري المرافق من خلال تقديم شرح وافي يغطي كل النقاط المهمة والرد على جميع استفسارات المهتمين بزيارة المرافق الرئيسية أو المواقع في الحي، وتوفير كافة المتطلبات التشغيلية اللازمة من أدوات ووسائل وإمكانات لتقديم خدمة استقبال مميزة مبنية على افضل الممارسات المعتمدة وتنفذ على مدى 12 شهر.,5,"التاريخ: 17/03/1448
الموافق: 30/08/2026",30/08/2026,"التاريخ: 15/04/1448
الموافق: 27/09/2026",27/09/2026,,منصة اعتماد,داخل المملكة,
1086498,2026-08-15T22:14:52.410386+00:00,500.00,تصميم وطباعة عدد ثمان كتب مترجمة إلى اللغة العربية، وذلك على مدى ثلاث سنوات، وفقًا لنطاق عمل المشروع وبرنامج العمل.,5,"التاريخ: 05/03/1448
الموافق: 18/08/2026",18/08/2026,"التاريخ: 18/03/1448
الموافق: 31/08/2026",31/08/2026,,هيئة تقويم التعليم والتدريب (المبنى الرئيسي),داخل المملكة,
1086521,2026-08-15T21:28:44.597902+00:00,0.00,توريد وتركيب تجهيزات غير طبية لصالح مستشفى جازان التخصصي لعام 2026,,"التاريخ: 01/02/1448
الموافق: 16/07/2026",16/07/2026,"التاريخ: 08/02/1448
الموافق: 23/07/2026",23/07/2026,,لا يوجد,داخل المملكة,
1086523,2026-08-15T22:39:15.934731+00:00,500.00,توفير صيانة شاملة وقائية وتصحيحية لأجهزة التعقيم بمدينة الملك عبدالعزيز الطبية بجدة، مع تأمين قطع الغيار الأصلية والتحديثات اللازمة، لضمان استمرارية التشغيل بكفاءة عالية وفق مواصفات الشركة المصنعة ومعايير الجودة والسلامة المعتمدة.,5,"التاريخ: 14/02/1448
الموافق: 29/07/2026",29/07/2026,"التاريخ: 14/03/1448
الموافق: 27/08/2026",27/08/2026,,مدينة الملك عبدالعزيز الطبية بجدة,داخل المملكة,
1086526,2026-08-15T19:52:52.918703+00:00,500.00,"تجديد رخص أنظمة الحماية والاستجابة (Cognito Detect, Cognito Recall, M365, Azure AD) وتوريد رخص إضافية لنظام Cognito Detect، بالإضافة إلى تجديد رخص فحص الثغرات الأمنية وخدمات الدعم الفني لمدة ثلاث سنوات، لضمان التوافق والاستقرار التشغيلي للأنظمة الأمنية بالوزارة",5,"التاريخ: 20/03/1448
الموافق: 02/09/2026",02/09/2026,"التاريخ: 21/03/1448
الموافق: 03/09/2026",03/09/2026,,وزارة الطاقة MU01 المدينة الرقمية,داخل المملكة,
1086530,2026-08-15T21:39:39.406650+00:00,500.00,تقديم خدمات الصيانة التصحيحية وتوفير قطع الغيار (حسب الطلب) لجهاز التنفس الصناعي بمدينة الملك عبد العزيز الطبية بالرياض التابعة للشؤون الصحية بوزارة الحرس الوطني,5,"التاريخ: 18/03/1448
الموافق: 31/08/2026",31/08/2026,"التاريخ: 17/04/1448
الموافق: 29/09/2026",29/09/2026,,ادارة المشتريات - المبنى الاداري بوابة رقم 1,داخل المملكة,
1086537,2026-08-15T20:36:36.499151+00:00,0.00,"PAPER COMPUTER 11"" X 14 7/8"" 2 PART (ALL PARTS WHITE)",,"التاريخ: 05/03/1448
الموافق: 18/08/2026",18/08/2026,"التاريخ: 06/03/1448
الموافق: 19/08/2026",19/08/2026,,لا يوجد,داخل المملكة,
1086538,2026-08-15T21:13:50.775690+00:00,0.00,CAKE CONTAINER,,"التاريخ: 05/03/1448
الموافق: 18/08/2026",18/08/2026,"التاريخ: 06/03/1448
الموافق: 19/08/2026",19/08/2026,,لا يوجد,داخل المملكة,
1086539,2026-08-15T20:17:04.749862+00:00,0.00,"UNICA UNIVERSAL JOINT CHROME G1/2""XGl/2""",,"التاريخ: 05/03/1448
الموافق: 18/08/2026",18/08/2026,"التاريخ: 06/03/1448
الموافق: 19/08/2026",19/08/2026,,لا يوجد,داخل المملكة,
1086540,2026-08-15T20:17:13.525625+00:00,0.00,IDEAL STANDARD ART NO. A961166AAAUTOMATIC DIVERT{POP-UP),,"التاريخ: 05/03/1448
الموافق: 18/08/2026",18/08/2026,"التاريخ: 06/03/1448
الموافق: 19/08/2026",19/08/2026,,لا يوجد,داخل المملكة,
1086541,2026-08-15T20:09:31.683483+00:00,0.00,"FILLING VALVE 15MM 1/2""",,"التاريخ: 06/03/1448
الموافق: 19/08/2026",19/08/2026,"التاريخ: 07/03/1448
الموافق: 20/08/2026",20/08/2026,,لا يوجد,داخل المملكة,
1086542,2026-08-15T20:09:37.910690+00:00,0.00,TEFLON TAPE 12MMX0.1 MMX IOMETER BRAVITA,,"التاريخ: 06/03/1448
الموافق: 19/08/2026",19/08/2026,"التاريخ: 07/03/1448
الموافق: 20/08/2026",20/08/2026,,لا يوجد,داخل المملكة,
1086543,2026-08-15T20:09:44.513141+00:00,0.00,VALVE SOLENOID 24V A C.,,"التاريخ: 13/03/1448
الموافق: 26/08/2026",26/08/2026,"التاريخ: 14/03/1448
الموافق: 27/08/2026",27/08/2026,,لا يوجد,داخل المملكة,
1086544,2026-08-15T20:09:50.470464+00:00,0.00,HANDLE LEVER ASSY #A960608,,"التاريخ: 13/03/1448
الموافق: 26/08/2026",26/08/2026,"التاريخ: 14/03/1448
الموافق: 27/08/2026",27/08/2026,,لا يوجد,داخل المملكة,
1086545,2026-08-15T20:09:58.743124+00:00,0.00,MIXER ONE HAND SINK EUROSMART,,"التاريخ: 13/03/1448
الموافق: 26/08/2026",26/08/2026,"التاريخ: 14/03/1448
الموافق: 27/08/2026",27/08/2026,,لا يوجد,داخل المملكة,
1086547,2026-08-15T20:36:43.438912+00:00,0.00,"DISHWASHER INPUT VOLTAGE 220V / 60HZ, SINGLE PHASE (7PROGRAMS  14PLACES INVERTER MOTOR.WHITEI H=850MM W600MM D=600MM",,"التاريخ: 06/03/1448
الموافق: 19/08/2026",19/08/2026,"التاريخ: 07/03/1448
الموافق: 20/08/2026",20/08/2026,,لا يوجد,داخل المملكة,
1086548,2026-08-15T20:36:49.538629+00:00,0.00,FLOURESCENTTUBE CIRCULAR 32W DAYLIGHT,,"التاريخ: 06/03/1448
الموافق: 19/08/2026",19/08/2026,"التاريخ: 07/03/1448
الموافق: 20/08/2026",20/08/2026,,لا يوجد,داخل المملكة,
1086549,2026-08-15T20:36:55.589491+00:00,0.00,FLOURESCENTTUBE 8W FL8D {ES) DAYLIGHT,,"التاريخ: 05/03/1448
الموافق: 18/08/2026",18/08/2026,"التاريخ: 06/03/1448
الموافق: 19/08/2026",19/08/2026,,لا يوجد,داخل المملكة,
1086551,2026-08-15T20:37:03.527490+00:00,0.00,"FRONT LOAD DRYER MACHINE AIR VENTED 10KG DRYING, (12 PROGRAMS GALVANIZED STEEL DRUM POWER SUPPLY 220-240 VAC/50-60HZ.SINGLE PHASE",,"التاريخ: 05/03/1448
الموافق: 18/08/2026",18/08/2026,"التاريخ: 06/03/1448
الموافق: 19/08/2026",19/08/2026,,لا يوجد,داخل المملكة,
1086552,2026-08-15T20:37:12.643480+00:00,0.00,ELECTRIC OVEN WITH GRLLCAPACITY 67 LITRES STAINLESS (STEEL BODY HEAT DISTRIBUTION FAN MULTILEVEL OF SHELVES H=600.W=600.D=535 220-240 VAC/50-60HZ SINGLE PHASE,,"التاريخ: 05/03/1448
الموافق: 18/08/2026",18/08/2026,"التاريخ: 06/03/1448
الموافق: 19/08/2026",19/08/2026,,لا يوجد,داخل المملكة,
1086553,2026-08-15T22:44:12.196747+00:00,1000.00,"تصميم وتطوير وتنفيذ محتوى مرئي متكامل لهيئة حقوق الإنسان، يهدف إلى تعزيز الوعي بمفاهيم وقيم حقوق الإنسان، وتسليط الضوء على الموضوعات والقضايا والمبادرات ذات الصلة، من خلال أساليب إبداعية ومعالجات بصرية حديثة تسهم في الوصول إلى مختلف الفئات المستهدفة.
ويشمل ذلك إنتاج أفلام وثائقية تعتمد على استضافة شخصيات وتجارب واقعية، وأعمال قصيرة بأسلوب الكولاج، تتناول موضوعات متنوعة مرتبطة بحقوق الإنسان من خلال طرح بصري ومعالجات إبداعية تعكس البعد الإنساني للمحتوى، وتسهم في إيصال الرسائل التوعوية بأساليب حديثة ومؤثرة، بما ينسجم مع أهداف الهيئة وتوجهاتها الإعلامية.",5,"التاريخ: 04/04/1448
الموافق: 16/09/2026",16/09/2026,"التاريخ: 17/05/1448
الموافق: 28/10/2026",28/10/2026,,الكترونيا عبر منصة اعتماد وفي حال تعذر التسليم يسلم في مقر الهيئة,داخل المملكة,
1086557,2026-08-15T19:56:22.422489+00:00,3000.00,استبدال عزل المباني المتضررة لإسكانات المنطقة الجنوبية,5,"التاريخ: 22/02/1448
الموافق: 06/08/2026",06/08/2026,"التاريخ: 25/02/1448
الموافق: 09/08/2026",09/08/2026,,إدارة مدينة الملك فيصل العسكرية بخميس مشيط قسم المشتريات,داخل المملكة,
1086560,2026-08-15T20:06:29.145986+00:00,500.00,ربط ثلاجات الأدوية بنظام إدارة المباني لمراكز الرعاية الصحية الأولية التابعة لمدينة الملك عبدالعزيز الطبية بجدة التابعة للشؤون الصحية بوزارة الحرس الوطني,5,"التاريخ: 25/02/1448
الموافق: 09/08/2026",09/08/2026,"التاريخ: 25/03/1448
الموافق: 07/09/2026",07/09/2026,,مدينة الملك عبدالعزيز الطبية بجدة,داخل المملكة,
1086587,2026-08-15T23:07:43.210960+00:00,0.00,قطع غيار كهرباء وسباكة لمباني مديرية الدفاع المدني بمنطقة مكة المكرمة والإدارات التابعة لها,,"التاريخ: 05/02/1448
الموافق: 20/07/2026",20/07/2026,"التاريخ: 06/02/1448
الموافق: 21/07/2026",21/07/2026,,لا يوجد,داخل المملكة,"صيانة المباني, المبـــاني"
1086591,2026-08-15T23:12:43.586698+00:00,0.00,بخصوص احتياج اعمال تجديد الديكور الداخلي للحوامة دارين رقم ح3009,,"التاريخ: 04/02/1448
الموافق: 19/07/2026",19/07/2026,"التاريخ: 05/02/1448
الموافق: 20/07/2026",20/07/2026,,لا يوجد,داخل المملكة,
1086595,2026-08-15T18:13:50.215882+00:00,1500.00,صيانة ونظافة مبني بلدية محافظة عنيزة والمباني التابعه لها,5,"التاريخ: 20/03/1448
الموافق: 02/09/2026",02/09/2026,"التاريخ: 14/07/1449
الموافق: 12/12/2027",12/12/2027,,منصة أعتماد,داخل المملكة,
1086605,2026-08-15T22:15:00.943722+00:00,0.00,الحاجة لتنفيذ أعمال الفحص والاصلاح والتوضيب لعدد 2 صندوق تروس نت نوع (ZF) مع تغيير مايلزم للواسطة البحرية رقم (م415) فئة 15 متر التابعة لقطاع ضباء,,"التاريخ: 04/03/1448
الموافق: 17/08/2026",17/08/2026,"التاريخ: 07/03/1448
الموافق: 20/08/2026",20/08/2026,,لا يوجد,داخل المملكة,
1086606,2026-08-15T18:44:52.088700+00:00,0.00,الحاجة لتوريد عدد (1) شاشة رادار بمقاس 19 بوصة موديل (FT-250) شامل التركيب وعدد 1 كرت الكتروني للردار الساحلي بمركز قيال التابعة لقطاع البدع,,"التاريخ: 03/03/1448
الموافق: 16/08/2026",16/08/2026,"التاريخ: 06/03/1448
الموافق: 19/08/2026",19/08/2026,,لا يوجد,داخل المملكة,
1086608,2026-08-15T23:33:01.697883+00:00,0.00,فحص وصيانة وتشغيل مولدات ديزل بمكتب الإدارة الهندسية والأشغال بجازان,,"التاريخ: 11/02/1448
الموافق: 26/07/2026",26/07/2026,"التاريخ: 18/02/1448
الموافق: 02/08/2026",02/08/2026,,لا يوجد,داخل المملكة,
1086609,2026-08-15T22:15:08.129101+00:00,1000.00,يقوم المتعاقد  بتنفيذ تشغيل وصيانة مبنى الترحيل والمختبر المركزي بالجنادرية لمدة ثلاث سنوات,5,"التاريخ: 07/03/1448
الموافق: 20/08/2026",20/08/2026,"التاريخ: 08/04/1448
الموافق: 20/09/2026",20/09/2026,,منصة اعتماد,داخل المملكة,صيانة المباني
1086610,2026-08-15T21:21:44.965970+00:00,500.00,تنظيف وتوضيب واختبار أنظمة التبريد المائي في مجمع وزارة الحرس الوطني,5,"التاريخ: 06/06/1448
الموافق: 16/11/2026",16/11/2026,"التاريخ: 20/06/1448
الموافق: 30/11/2026",30/11/2026,,المبنى الرئيسي - الدور الرابع - قاعة رقم 4066,داخل المملكة,
1086614,2026-08-15T21:09:07.172179+00:00,500.00,-  احتياج وزارة الحرس الوطني من قطع غيار السيارات الإدارية,5,"التاريخ: 07/05/1448
الموافق: 18/10/2026",18/10/2026,"التاريخ: 22/05/1448
الموافق: 02/11/2026",02/11/2026,,المبنى الرئيسي - الدور الرابع - قاعة رقم 4066,داخل المملكة,
1086627,2026-08-15T22:15:16.212690+00:00,0.00,الحاجة لتنفيذ أعمال الفحص والصيانة الشاملة لعدد 3 قوارب المطاطية مع تغيير ما يلزم رقم (ط ب 6512/ ط ب 6518/ ط ب 6516) فئة 5 متر التابعة لوحدات البحث والانقاذ بقطاع البدع والوجه,,"التاريخ: 04/03/1448
الموافق: 17/08/2026",17/08/2026,"التاريخ: 07/03/1448
الموافق: 20/08/2026",20/08/2026,,لا يوجد,داخل المملكة,
1086628,2026-08-15T20:21:07.119479+00:00,200.00,احتياج عمادة تقنية المعلومات والتعليم الالكتروني لتجديد ضمان خوادم التخزين IBM بجامعة المجمعة,5,"التاريخ: 27/02/1448
الموافق: 11/08/2026",11/08/2026,"التاريخ: 03/04/1448
الموافق: 15/09/2026",15/09/2026,,الكترونيا,داخل المملكة,
1086630,2026-08-15T21:55:41.161539+00:00,0.00,الحاجة لتنفيذ أعمال الفحص والصيانة الشاملة لعدد 3 قوارب المطاطية مع تغيير ما يلزم رقم (ط ب 6512/ ط ب 6518/ ط ب 6516) فئة 5 متر التابعة لوحدات البحث والانقاذ بقطاع البدع والوجه,,"التاريخ: 05/03/1448
الموافق: 18/08/2026",18/08/2026,"التاريخ: 07/03/1448
الموافق: 20/08/2026",20/08/2026,,لا يوجد,داخل المملكة,
1086637,2026-08-15T23:41:45.357523+00:00,0.00,توريد وصلات تمدد لأنابيب البخار لغلايات البخار وأجهزة التعقيم لمستشفى الحرس الوطني التابع لوزارة الحرس الوطني بالاحساء,,"التاريخ: 01/02/1448
الموافق: 16/07/2026",16/07/2026,"التاريخ: 04/02/1448
الموافق: 19/07/2026",19/07/2026,,لا يوجد,داخل المملكة,
1086638,2026-08-15T23:24:04.879564+00:00,0.00,منافسة MK26620104 توريد قطع غيار واصلاح الية,,"التاريخ: 04/02/1448
الموافق: 19/07/2026",19/07/2026,"التاريخ: 05/02/1448
الموافق: 20/07/2026",20/07/2026,,لا يوجد,داخل المملكة,
1086648,2026-08-15T23:24:12.643245+00:00,0.00,منافسة MK26110004 توريد وتعبئة خزان زيت محركات بنزين,,"التاريخ: 01/02/1448
الموافق: 16/07/2026",16/07/2026,"التاريخ: 04/02/1448
الموافق: 19/07/2026",19/07/2026,,لا يوجد,داخل المملكة,
1086649,2026-08-15T21:46:23.862351+00:00,0.00,تامين احتياجات مهمه للمستشفى عاجلة وطارية  حليب formu liq semi 1.5kcal 10 yr,,"التاريخ: 07/02/1448
الموافق: 22/07/2026",22/07/2026,"التاريخ: 11/02/1448
الموافق: 26/07/2026",26/07/2026,,لا يوجد,داخل المملكة,
1086653,2026-08-15T21:13:58.330702+00:00,300.00,تشغيل المركبات الكهربائية للنقل الداخلي بالجامعة,5,"التاريخ: 21/02/1448
الموافق: 05/08/2026",05/08/2026,"التاريخ: 28/02/1448
الموافق: 12/08/2026",12/08/2026,,جامعة جازان البرج الاداري الدور الاول,داخل المملكة,
1086656,2026-08-15T22:03:25.104315+00:00,0.00,تامين احتياجات مهمه للمستشفى خيوط جراحية,,"التاريخ: 24/01/1448
الموافق: 09/07/2026",09/07/2026,"التاريخ: 27/01/1448
الموافق: 12/07/2026",12/07/2026,,لا يوجد,داخل المملكة,
1086660,2026-08-15T21:14:04.752194+00:00,500.00,تأمين شعارات ياقة صدر لمنسوبي الامن العام للرتب القيادية (عقيد / عميد / لواء / فريق ),5,"التاريخ: 07/05/1448
الموافق: 18/10/2026",18/10/2026,"التاريخ: 14/05/1448
الموافق: 25/10/2026",25/10/2026,,الإدارة العامة للمشتريات والعقود بمجمع الأمن العام الجديد بمدينة التدريب,داخل المملكة,
1086664,2026-08-15T22:03:32.484702+00:00,0.00,مستلزمات مكتبية,,"التاريخ: 11/02/1448
الموافق: 26/07/2026",26/07/2026,"التاريخ: 12/02/1448
الموافق: 27/07/2026",27/07/2026,,لا يوجد,داخل المملكة,
1086666,2026-08-15T21:24:38.570347+00:00,1000.00,تقديم منصة بيم كتطبيق موحد للتراسل الفوري لمنسوبي الجهات الحكومية.,5,"التاريخ: 20/02/1448
الموافق: 04/08/2026",04/08/2026,"التاريخ: 28/02/1448
الموافق: 12/08/2026",12/08/2026,,الجامعة السعودية الالكترونية المبنى الرئيسي إدارة العقود والمشتريات قسم المنافسات الدور الأول,داخل المملكة,
1086669,2026-08-15T20:37:19.115401+00:00,0.00,توريد قطع غيار مضخات لمنظومة انتاج الخبر 60020698,5,"التاريخ: 19/02/1448
الموافق: 03/08/2026",03/08/2026,"التاريخ: 05/03/1448
الموافق: 18/08/2026",18/08/2026,,المؤسسة العامة لتحلية المياه المالحة – الرياض – العليا – طريق الملك فهد الدور الرابع لجنة فتح المظاريف,داخل المملكة,
1086672,2026-08-15T22:03:39.883921+00:00,0.00,دولاب ملفات يدوي,,"التاريخ: 11/02/1448
الموافق: 26/07/2026",26/07/2026,"التاريخ: 12/02/1448
الموافق: 27/07/2026",27/07/2026,,لا يوجد,داخل المملكة,
1086678,2026-08-15T22:15:21.688130+00:00,0.00,توريد تروس اسطوانية لمنظومة انتاج الجبيل 60020723,5,"التاريخ: 22/02/1448
الموافق: 06/08/2026",06/08/2026,"التاريخ: 25/03/1448
الموافق: 07/09/2026",07/09/2026,,لجنة فحص العروض,داخل المملكة,
1086683,2026-08-15T23:07:50.436887+00:00,0.00,عقد سحب مياه الصرف الصحي لخزان موقع ومدرسة قوات الدفاع الجوي بمجموعة الدفاع الجوي الثانية,,"التاريخ: 08/02/1448
الموافق: 23/07/2026",23/07/2026,"التاريخ: 15/02/1448
الموافق: 30/07/2026",30/07/2026,,لا يوجد,داخل المملكة,
1086684,2026-08-15T21:54:45.316580+00:00,500.00,تنفيذ اعمال اليوم الوطني السعودي السادس والتسعون (96) في إحدى المواقع في حاضرة الدمام حيث تحددها الجهة المشرفة على الفعالية.,5,"التاريخ: 27/02/1448
الموافق: 11/08/2026",11/08/2026,"التاريخ: 08/04/1448
الموافق: 20/09/2026",20/09/2026,,امانة المنطقة الشرقية,داخل المملكة,
1086685,2026-08-15T23:16:49.887035+00:00,0.00,تأمين مسارات جدارية هاندريل لزوم مستشفى الامير سلمان بن محمد بالدلم,,"التاريخ: 04/02/1448
الموافق: 19/07/2026",19/07/2026,"التاريخ: 06/02/1448
الموافق: 21/07/2026",21/07/2026,,لا يوجد,داخل المملكة,
1086686,2026-08-15T23:24:18.194000+00:00,0.00,منافسة MK26620107 توريد قطع غيار واصلاح الية,,"التاريخ: 01/02/1448
الموافق: 16/07/2026",16/07/2026,"التاريخ: 04/02/1448
الموافق: 19/07/2026",19/07/2026,,لا يوجد,داخل المملكة,
1086688,2026-08-15T23:07:58.624303+00:00,0.00,عقد سحب مياه الصرف الصحي بموقع السرية ثاد بميدان الرماية,,"التاريخ: 08/02/1448
الموافق: 23/07/2026",23/07/2026,"التاريخ: 15/02/1448
الموافق: 30/07/2026",30/07/2026,,لا يوجد,داخل المملكة,
1086691,2026-08-15T19:10:38.761565+00:00,0.00,تجهيز مستودعات الصيانة بمشروع الشمال نيوم ومشروع البحر الاحمر,,"التاريخ: 14/02/1448
الموافق: 29/07/2026",29/07/2026,"التاريخ: 15/02/1448
الموافق: 30/07/2026",30/07/2026,,لا يوجد,داخل المملكة,صيانة وتشغيل الأعمال الاكترونية
1086698,2026-08-15T22:15:28.107521+00:00,0.00,توريد طفايات حريق لمركبات القوات الخاصة للأمن والحماية بعدة مدن ومحافظات,,"التاريخ: 08/02/1448
الموافق: 23/07/2026",23/07/2026,"التاريخ: 11/02/1448
الموافق: 26/07/2026",26/07/2026,,لا يوجد,داخل المملكة,أنظمة مكافحة الحرائق
1086700,2026-08-15T23:36:30.992784+00:00,0.00,رفع جاهزية الوسائط البحرية التابعة لمنطقة جازان,,"التاريخ: 28/01/1448
الموافق: 13/07/2026",13/07/2026,"التاريخ: 29/01/1448
الموافق: 14/07/2026",14/07/2026,,لا يوجد,داخل المملكة,
1086703,2026-08-15T22:39:22.729995+00:00,500.00,توريد واحلال أبواب ورش الصيانة التنظيمية بالقطاع الغربي – إعادة طرح,5,"التاريخ: 06/06/1448
الموافق: 16/11/2026",16/11/2026,"التاريخ: 20/06/1448
الموافق: 30/11/2026",30/11/2026,,وزارة الحرس الوطني مبنى 103 الدور الرابع رقم المكتب 4066,داخل المملكة,
1086714,2026-08-15T23:16:54.713517+00:00,0.00,CUP DRINKING HOT/COLD PAPER 8 OZ FOR PATIENT USE كوب ورقي,,"التاريخ: 27/01/1448
الموافق: 12/07/2026",12/07/2026,"التاريخ: 28/01/1448
الموافق: 13/07/2026",13/07/2026,,لا يوجد,داخل المملكة,
1086715,2026-08-15T19:36:07.834978+00:00,0.00,توريد توربين لمنظومة انتاج الشعيبة 60020724,5,"التاريخ: 22/02/1448
الموافق: 06/08/2026",06/08/2026,"التاريخ: 25/03/1448
الموافق: 07/09/2026",07/09/2026,,لجنة فحص العروض,داخل المملكة,
1086716,2026-08-15T22:15:34.895710+00:00,0.00,توريد قطع غيار ميكانيكية لمنظومة انتاج الشعيبة 60020725,5,"التاريخ: 22/02/1448
الموافق: 06/08/2026",06/08/2026,"التاريخ: 25/03/1448
الموافق: 07/09/2026",07/09/2026,,لجنة فحص العروض,داخل المملكة,
1086754,2026-08-15T22:03:45.550342+00:00,200.00,بشان تامين وتوريد ديزل الحركة وصيانة المعدات,5,"التاريخ: 15/02/1448
الموافق: 30/07/2026",30/07/2026,"التاريخ: 18/02/1448
الموافق: 02/08/2026",02/08/2026,,المنصه,داخل المملكة,
1086755,2026-08-15T19:17:28.375241+00:00,300.00,صيانة وإعادة تأهيل إسكان حرس الحدود القديم بالدائر والعارضة,5,"التاريخ: 24/03/1448
الموافق: 06/09/2026",06/09/2026,"التاريخ: 23/04/1448
الموافق: 05/10/2026",05/10/2026,,الإدارة العامة للمشتريات والتوريد / المديرية العامة لحرس الحدود / الرياض ، ملاحظة : تقديم أصل الضمان الابتدائي الكترونياً عبر منصة اعتماد,داخل المملكة,
1086757,2026-08-15T22:03:52.317979+00:00,500.00,تامين وتوريد كفرات معدات الحركة وصيانة المعدات,5,"التاريخ: 15/02/1448
الموافق: 30/07/2026",30/07/2026,"التاريخ: 18/02/1448
الموافق: 02/08/2026",02/08/2026,,المنصه,داخل المملكة,
1086760,2026-08-15T22:03:58.507235+00:00,200.00,تامين وتوريد زيوت معدات الحركة وصيانة المعدات,5,"التاريخ: 15/02/1448
الموافق: 30/07/2026",30/07/2026,"التاريخ: 18/02/1448
الموافق: 02/08/2026",02/08/2026,,المنصه,داخل المملكة,
1086762,2026-08-15T22:04:06.404995+00:00,200.00,تامين وتوريد بطاريات الحركة وصيانة المعدات,5,"التاريخ: 15/02/1448
الموافق: 30/07/2026",30/07/2026,"التاريخ: 18/02/1448
الموافق: 02/08/2026",02/08/2026,,المنصه,داخل المملكة,
1086765,2026-08-15T22:04:12.118217+00:00,500.00,تامين وتوريد بلاط انترلوك بلديه محافظه تيماء,5,"التاريخ: 15/02/1448
الموافق: 30/07/2026",30/07/2026,"التاريخ: 18/02/1448
الموافق: 02/08/2026",02/08/2026,,المنصه,داخل المملكة,
1086766,2026-08-15T22:04:19.525365+00:00,200.00,تامين وتوريد اسمنت وبلوك اسمنتي بلدية محافظة تيماء,5,"التاريخ: 15/02/1448
الموافق: 30/07/2026",30/07/2026,"التاريخ: 18/02/1448
الموافق: 02/08/2026",02/08/2026,,المنصه,داخل المملكة,
1086774,2026-08-15T20:25:52.298997+00:00,200.00,احتياج عمادة تقنية المعلومات والتعليم الالكتروني لتجديد ضمان خوادم لينوفو بالجامعة,5,"التاريخ: 25/02/1448
الموافق: 09/08/2026",09/08/2026,"التاريخ: 10/03/1448
الموافق: 23/08/2026",23/08/2026,,الكترونيا,داخل المملكة,
1086775,2026-08-15T22:39:30.477477+00:00,0.00,توريد فلاتر وقطع غيار لمولد من نوع كومنز 65 موديل (4BTA39G11)بقيادة حرس الحدود بمنطقة جازان,,"التاريخ: 22/02/1448
الموافق: 06/08/2026",06/08/2026,"التاريخ: 25/02/1448
الموافق: 09/08/2026",09/08/2026,,لا يوجد,داخل المملكة,
1086802,2026-08-15T21:09:23.461207+00:00,0.00,مشروع انشاء مبنى مستشفى الإبل والخيول للطب البيطري بمحطة الأبحاث والتدريب,,"التاريخ: 19/02/1448
الموافق: 03/08/2026",03/08/2026,"التاريخ: 20/02/1448
الموافق: 04/08/2026",04/08/2026,,لا يوجد,داخل المملكة,
1086803,2026-08-15T19:20:40.727199+00:00,1000.00,يهدف المشروع إلى ضمان توفير بيئة آمنة ومحمية لموظفي الهيئة والزوار، وحماية الممتلكات والمرافق والبنية التحتية من أي تهديدات أو مخاطر أمنية.,5,"التاريخ: 13/03/1448
الموافق: 26/08/2026",26/08/2026,"التاريخ: 01/04/1448
الموافق: 13/09/2026",13/09/2026,,الرياض,داخل المملكة,
1086806,2026-08-15T19:45:34.668797+00:00,0.00,مشروع صيانة التجهيزات الامنية - مباني الوزارة بالداخل - الرياض وجدة والدمام والمدينة,5,"التاريخ: 14/03/1448
الموافق: 27/08/2026",27/08/2026,"التاريخ: 26/04/1448
الموافق: 08/10/2026",08/10/2026,,وزارة الخارجية - ادارة المشتريات,داخل المملكة,
1086811,2026-08-15T22:26:37.280514+00:00,0.00,بشأن حاجة منطقة تبوك لعدد (400) صندوق خشبي لحفظ ونقل الأسلحة المرحلة,,"التاريخ: 04/03/1448
الموافق: 17/08/2026",17/08/2026,"التاريخ: 07/03/1448
الموافق: 20/08/2026",20/08/2026,,لا يوجد,داخل المملكة,
1086812,2026-08-15T22:15:42.188540+00:00,200.00,معايرة أجهزة الأفران و الثلاجات و الحاضنات و أجهزة الطرد المركزي للأجهزة المساعدة بالهيئة العامة للغذاء و الدواء لعام 2026,5,"التاريخ: 13/02/1448
الموافق: 28/07/2026",28/07/2026,"التاريخ: 20/02/1448
الموافق: 04/08/2026",04/08/2026,,الرياض المبنى الرئيسي للهييئة العامة للغذاء والدواء حي حطين,داخل المملكة,
1086821,2026-08-15T19:30:29.305120+00:00,1000.00,"تهدف وزارة الحج والعمرة إلى تصميم وتطوير وبناء نظام متكامل لإدارة المشاريع والبرامج والمحافظ داخل الوزارة، وتكامله بالأنظمة الداخلية والخارجية، مع توفير لوحات معلومات وتقارير تفاعلية داعمة لصناع القرار، وبما يحقق أفضل الممارسات العالمية في إدارة الاستراتيجية وإدارة المشاريع والمهام ويتوافق مع أطر العمل والمنهجيات المعتمدة لدى الوزارة.

يشمل نطاق العمل كافة الاعمال التحسينية و التطويرية والدعم الفني للنظام الحالي بما يشمل التقارير ولوحات المعلومات سواء تطويرها أو إضافة تقارير ولوحات معلومات حسب الحاجة, وتطوير وتنفيذ نظام يتيح للوزارة إدارة المحافظ، البرامج، والمشاريع بكفاءة عالية، مع توفير إمكانيات إدارة الخطط الزمنية، المهام، المخرجات إمكانية إدارة بوابة المراحل للمشاريع (بناء إمكانية اعتماد التحرك من مرحلة الى أخرى بناء على انهاء المرحلة السابقة واعتمادها من صاحب الصلاحية)، المخاطر، والتحديات، إضافة إلى الأرشفة الإلكترونية وإدارة الوثائق وربطها بالمشاريع وفق الصلاحيات المحددة لكل مستخدم.",5,"التاريخ: 05/04/1448
الموافق: 17/09/2026",17/09/2026,"التاريخ: 22/04/1448
الموافق: 04/10/2026",04/10/2026,,وزارة الحج والعمرة بمكة المكرمة-الحمراء,داخل المملكة,
1086828,2026-08-15T21:21:58.248104+00:00,1500.00,استبدال الاسوار القائمة أو المناطق الغير مسورة في الطبيعة بأسوار خرسانية مسبقة الصنع,5,"التاريخ: 14/03/1448
الموافق: 27/08/2026",27/08/2026,"التاريخ: 24/03/1448
الموافق: 06/09/2026",06/09/2026,,بلدية محافظة الجبيل,داخل المملكة,
1086838,2026-08-15T21:24:47.624155+00:00,300.00,الاشتراك في تطبيق نظام آمن وموحد للتراسل الفوري لمنصة بيم ( Beem ),5,"التاريخ: 27/02/1448
الموافق: 11/08/2026",11/08/2026,"التاريخ: 10/03/1448
الموافق: 23/08/2026",23/08/2026,,جامعة حائل طريق حائل الخطة المدينة الجامعية مبنى الادارات الادارية رقم 3,داخل المملكة,
1086839,2026-08-15T18:58:18.967695+00:00,500.00,تأمين وتوريد المواد و المستهلكات الخاصة بإدارة مشتقات الدم,5,"التاريخ: 28/02/1448
الموافق: 12/08/2026",12/08/2026,"التاريخ: 06/03/1448
الموافق: 19/08/2026",19/08/2026,,الرياض المبنى الرئيسي للهييئة العامة للغذاء والدواء حي حطين,داخل المملكة,
1086845,2026-08-15T21:14:11.077707+00:00,500.00,مشروع مستلزمات الصيانة المباشرة (الحدائق)),5,"التاريخ: 11/05/1448
الموافق: 22/10/2026",22/10/2026,"التاريخ: 13/06/1448
الموافق: 23/11/2026",23/11/2026,,امانة الاحساء,داخل المملكة,صيــانة الحدائق والمنتزهـات
1086856,2026-08-15T22:39:37.286846+00:00,0.00,تنفيذ أعمال صيانة الدبابات البحرية التابعة لقطاع الليث ونقل المعرفة لفنيين حرس الحدود أثناء أعمال الصيانة,,"التاريخ: 06/02/1448
الموافق: 21/07/2026",21/07/2026,"التاريخ: 06/03/1448
الموافق: 19/08/2026",19/08/2026,,لا يوجد,داخل المملكة,
1086859,2026-08-15T21:55:47.523346+00:00,1500.00,إعادة تأهيل وسفلتة مسار الشاحنات في الطرق الرئيسية بمحافظة الجموم,5,"التاريخ: 11/02/1448
الموافق: 26/07/2026",26/07/2026,"التاريخ: 12/02/1448
الموافق: 27/07/2026",27/07/2026,,بلدية محافظة الجموم,داخل المملكة,
1086884,2026-08-15T22:15:50.249184+00:00,0.00,تغيير موصلات الشبكة التلفزيونية المغلقة في مبنى مقر الهيئة الرئيس مع التوريد والتركيب والبرمجة  - المرحلة الثانية,5,"التاريخ: 08/03/1448
الموافق: 21/08/2026",21/08/2026,"التاريخ: 28/03/1448
الموافق: 10/09/2026",10/09/2026,,هيئة السوق المالية - إدارة المشتريات والعقود,داخل المملكة,
1086887,2026-08-15T19:20:46.792750+00:00,1500.00,ترغب هيئة التأمين في تطوير وتصميم رحلة المستفيدين الداخلية  والخارجية وفق أفضل الممارسات العالمية.........,5,"التاريخ: 25/02/1448
الموافق: 09/08/2026",09/08/2026,"التاريخ: 18/03/1448
الموافق: 31/08/2026",31/08/2026,,هيئة التأمين - مركز الملك عبدالله المالي برج تداول الدور 18,داخل المملكة,
1086893,2026-08-15T21:52:41.901906+00:00,1000.00,تشغيل وصيانة مبنى فرع الوزارة بمنطقة الرياض لمدة ثلاث سنوات,5,"التاريخ: 08/03/1448
الموافق: 21/08/2026",21/08/2026,"التاريخ: 09/04/1448
الموافق: 21/09/2026",21/09/2026,,منصة اعتماد,داخل المملكة,صيانة المباني
1086899,2026-08-15T20:37:25.782096+00:00,500.00,يرغب صندوق التنمية الثقافي من خلال هذه الوثيقة دعوة الشركات والمؤسسات المتخصصة في مجال الحماية من التهديدات السيبرانية المتقدمة من خلال توفير حلول متكاملة تضمن تنفيذ التقنيات والأدوات المتطورة لمواجهة التهديدات السييرانية والكشف عنها بفعالية على مستوى الأجهزة الطرفية والشبكة وبوابة البريد الإلكتروني، وايضاً توفير أداة لحماية العلامة التجارية ومراقبة وسائل التواصل الاجتماعي ، وأدوات التوعية بالأمن السيبراني و محاكاة التصيد الإلكتروني بما يتماشى مع جميع التشريعات والمعايير المحلية وأفضل الممارسات العالمية وذلك حسب نطاق العمل المفصل؛ لتقديم عروضها وتوفير تلك الخدمات.,5,"التاريخ: 21/03/1448
الموافق: 03/09/2026",03/09/2026,"التاريخ: 12/04/1448
الموافق: 24/09/2026",24/09/2026,,الرياض,داخل المملكة,
1086900,2026-08-15T20:06:37.749703+00:00,500.00,رغب صندوق التنمية الثقافي من خلال هذه الوثيقة في دعوة الشركات والمؤسسات المتخصصة في مجال حماية البيانات لتقديم حلول متكاملة تضمن تنفيذ التقنيات والأدوات المتطورة لتصنيف ومراقبة وحماية ومنع فقدان البيانات ، بما يضمن التحكم في البيانات والحد من مخاطر تسريبها أو إساءة استخدامها، وايضاً توفير أداة للعلامة المائية بهدف تعزيز حماية البيانات والحد من تسريبها من خلال توثيق ملكية المحتوى وتتبع مصدر أي تسريب محتمل للبيانات، بما يتماشى مع جميع التشريعات والمعايير المحلية وأفضل الممارسات العالمية وذلك حسب نطاق العمل المفصل؛ لتقديم عروضها وتوفير تلك الخدمات.,5,"التاريخ: 11/03/1448
الموافق: 24/08/2026",24/08/2026,"التاريخ: 01/04/1448
الموافق: 13/09/2026",13/09/2026,,الرياض,داخل المملكة,
1086901,2026-08-15T22:46:34.333737+00:00,0.00,توريد قطع غيار المركبات لقسم الحركة,,"التاريخ: 11/02/1448
الموافق: 26/07/2026",26/07/2026,"التاريخ: 25/02/1448
الموافق: 09/08/2026",09/08/2026,,لا يوجد,داخل المملكة,
1086902,2026-08-15T23:33:07.957293+00:00,0.00,توريد رشاشات توزيع مياة لقسم الخدمات العامة,,"التاريخ: 11/02/1448
الموافق: 26/07/2026",26/07/2026,"التاريخ: 18/02/1448
الموافق: 02/08/2026",02/08/2026,,لا يوجد,داخل المملكة,
1086927,2026-08-15T22:04:27.703235+00:00,500.00,تأمين مواد لاعمال صيانة الاسفلت والتشققات لبلدية محافظة عنيزة,5,"التاريخ: 03/03/1448
الموافق: 16/08/2026",16/08/2026,"التاريخ: 17/03/1448
الموافق: 30/08/2026",30/08/2026,,منصة أعتماد,داخل المملكة,
1086928,2026-08-15T19:36:15.495832+00:00,0.00,"تنفيذ اعمال الفك والاصلاح والتوضيب مضخة الضغط العالى رقم 7 بما يشمل معالجة مشكلة الاهتزاز المرتفعة واجراء الفحص الفني للاجزاء الداخلية واصلاح او استبدال القطع المتضررة واعادة تجميعها ومحاذاتها, بهدف استعادة كفاءتها التشغيلية وتقليل الاعطال والتوقفات غير مخطط لها.",5,"التاريخ: 22/02/1448
الموافق: 06/08/2026",06/08/2026,"التاريخ: 25/02/1448
الموافق: 09/08/2026",09/08/2026,,لجنة فحص العروض بالساحل الشرقي,داخل المملكة,
1086929,2026-08-15T20:59:39.623489+00:00,500.00,القيام بأعمال إعادة تعبئة غاز FM-200 لمكافحة الحرائق في المرحلة الثالثة منظومة انتاج ينبع,5,"التاريخ: 08/04/1448
الموافق: 20/09/2026",20/09/2026,"التاريخ: 09/05/1448
الموافق: 20/10/2026",20/10/2026,,مكان تسليم العروض في المبنى الرئيسي لمنظومة انتاج جدة الدور الثاني قسم المشاريع,داخل المملكة,
1086931,2026-08-15T23:08:04.676384+00:00,0.00,مشروع تأمين اعلام المملكة والمركز داخلي وخارجي 2026,,"التاريخ: 30/01/1448
الموافق: 15/07/2026",15/07/2026,"التاريخ: 03/02/1448
الموافق: 18/07/2026",18/07/2026,,لا يوجد,داخل المملكة,
1086936,2026-08-15T19:52:19.278478+00:00,500.00,تحديث نظام مراقبة المباني (BMS) في مباني مجمع الوزارة,5,"التاريخ: 20/06/1448
الموافق: 30/11/2026",30/11/2026,"التاريخ: 01/07/1448
الموافق: 10/12/2026",10/12/2026,,المبنى الرئيسي - الدور الرابع - قاعة رقم 4066,داخل المملكة,
1086942,2026-08-15T22:04:35.087654+00:00,500.00,مشروع تجديد خدمات رخص الدعم الفني لسيسكو متضمنة نطاق الاعمال والمتطلبات الفنية والشروط العامة والخاصة وآليات التنفيذ.,5,"التاريخ: 12/02/1448
الموافق: 27/07/2026",27/07/2026,"التاريخ: 19/02/1448
الموافق: 03/08/2026",03/08/2026,,ادارة العقود والمشتريات,داخل المملكة,
1086943,2026-08-15T22:15:55.149159+00:00,200.00,صيانة وإصلاح المعدات والآلات التابعة لبلدية الهياثم,5,"التاريخ: 11/02/1448
الموافق: 26/07/2026",26/07/2026,"التاريخ: 18/02/1448
الموافق: 02/08/2026",02/08/2026,,بلدية الهياثم الشئون المالية,داخل المملكة,
1086944,2026-08-15T22:16:03.128502+00:00,200.00,صيانة وإصلاح السيارات التابعة لبلدية الهياثم,5,"التاريخ: 11/02/1448
الموافق: 26/07/2026",26/07/2026,"التاريخ: 19/02/1448
الموافق: 03/08/2026",03/08/2026,,بلدية الهياثم الشئون المالية,داخل المملكة,
1086946,2026-08-15T22:26:42.310276+00:00,1000.00,توريد وتركيب خزانات ومضخات مياه الشرب بمنطقة الخدمات بموقع كليات الطالبات ببريدة.,5,"التاريخ: 19/02/1448
الموافق: 03/08/2026",03/08/2026,"التاريخ: 20/02/1448
الموافق: 04/08/2026",04/08/2026,,قاعة المشتريات,داخل المملكة,
1086947,2026-08-15T23:41:50.486072+00:00,0.00,عقد صيانة عدد 20 سياره رسمية للجامعة شراء مباشر,,"التاريخ: 07/02/1448
الموافق: 22/07/2026",22/07/2026,"التاريخ: 08/02/1448
الموافق: 23/07/2026",23/07/2026,,لا يوجد,داخل المملكة,
1086948,2026-08-15T18:44:58.640550+00:00,0.00,قطع غيار اجهزة طبية,,"التاريخ: 11/02/1448
الموافق: 26/07/2026",26/07/2026,"التاريخ: 12/02/1448
الموافق: 27/07/2026",27/07/2026,,لا يوجد,داخل المملكة,"صيانة المباني, المبـــاني"
1086951,2026-08-15T22:23:42.164849+00:00,0.00,المواد اللازمة لصيانة أنظمة التكييف في مستوصفات الرعاية الصحية الأولية,,"التاريخ: 27/01/1448
الموافق: 12/07/2026",12/07/2026,"التاريخ: 28/01/1448
الموافق: 13/07/2026",13/07/2026,,لا يوجد,داخل المملكة,
1086954,2026-08-15T19:19:38.101202+00:00,200.00,ترغب الهيئة السعودية للبيانات والذكاء الاصطناعي في التعاقد مع إحدى الشركات او المؤسسات ذات الخبرة في مجال تقنية  المعلومات وذلك لغرض توفير نظام تقني لإدارة وحوكمة حسابات التواصل الاجتماعي وأتمتة إجراءات نشر واستخدام حسابات الهيئة في منصات التواصل الاجتماعي، والدعم والتواصل مع العملاء، مما يساهم في رفع كفاءة قياس رضاء العميل بالإضافة لنظام رصد جميع الأخبار المتعلقة بالهيئة أو منتجاتها في جميع شبكات الإعلام، كما يساهم المشروع بتطبيق كامل معايير ومتطلبات الهيئة الوطنية للأمن السيبراني في استخدام منصات التواصل الاجتماعي للهيئة.,5,"التاريخ: 28/03/1448
الموافق: 10/09/2026",10/09/2026,"التاريخ: 29/04/1448
الموافق: 11/10/2026",11/10/2026,,الخدمات المشتركة - لجنة فتح العروض,داخل المملكة,
1086957,2026-08-15T18:22:54.929627+00:00,1000.00,"تشمل المنافسة تنفيذ أعمال الصيانة والنظافة لمبنى ديوان إمارة منطقة مكة المكرمة ووحدة الصيانة والحركة بالعمرة لمدة ثلاث (3) سنوات ميلادية، وفقًا للشروط والمواصفات الفنية المعتمدة.
ويتضمن نطاق العمل مسارين رئيسيين على مدار فترة العقد:
•	أعمال الصيانة العامة: تتضمن الصيانة الدورية والوقائية والطارئة للأعمال المدنية والمعمارية للمبنى ومرافقه؛ وتشمل أعمال السباكة، والنجارة، والدهانات، وإصلاح وتركيب البلاط، وأعمال اللياسة، وكافة الإصلاحات الإنشائية الخفيفة التي تضمن الحفاظ على سلامة المبنى ومظهره العام بكفاءة عالية.
•	أعمال النظافة: تشمل برامج النظافة الشاملة (اليومية والدورية) لكافة المكاتب، والمرافق، والممرات، والساحات الداخلية والخارجية، والعناية بالواجهات، بالإضافة إلى جمع النفايات والتخلص منها، وخدمات مكافحة الحشرات والآفات، بما يضمن توفير بيئة عمل صحية ومظهر لائق للمباني.",5,"التاريخ: 28/03/1448
الموافق: 10/09/2026",10/09/2026,"التاريخ: 14/02/1449
الموافق: 18/07/2027",18/07/2027,,مكة المكرمة ديوان إمارة منطقة مكة المكرمة,داخل المملكة,
1086962,2026-08-15T23:12:51.508146+00:00,0.00,توريد.......................................................,,"التاريخ: 04/02/1448
الموافق: 19/07/2026",19/07/2026,"التاريخ: 05/02/1448
الموافق: 20/07/2026",20/07/2026,,لا يوجد,داخل المملكة,
1086963,2026-08-15T23:26:23.806806+00:00,0.00,توريد قطع غيار سيارات لفرع الإدارة الهندسية بالشرقية,,"التاريخ: 05/02/1448
الموافق: 20/07/2026",20/07/2026,"التاريخ: 12/02/1448
الموافق: 27/07/2026",27/07/2026,,لا يوجد,داخل المملكة,
1086965,2026-08-15T19:53:49.203175+00:00,500.00,تطوير نظام جدار الحماية بالهيئة وتجديد رخص متنوعة,5,"التاريخ: 17/03/1448
الموافق: 30/08/2026",30/08/2026,"التاريخ: 08/04/1448
الموافق: 20/09/2026",20/09/2026,,إلكتروني عبر منصة اعتماد,داخل المملكة,
1086971,2026-08-15T19:23:03.560869+00:00,500.00,عقد تشغيل وصيانة ونظافة مقر هيئة تطوير محمية الملك عبدالعزيز الملكية بالدهناء,5,"التاريخ: 01/04/1448
الموافق: 13/09/2026",13/09/2026,"التاريخ: 22/04/1448
الموافق: 04/10/2026",04/10/2026,,إلكتروني عبر منصة اعتماد,داخل المملكة,
1086977,2026-08-15T22:58:04.328290+00:00,0.00,صيانة وتشغيل مفتاح تبديل (switchgaer -SF6),,"التاريخ: 04/02/1448
الموافق: 19/07/2026",19/07/2026,"التاريخ: 05/02/1448
الموافق: 20/07/2026",20/07/2026,,لا يوجد,داخل المملكة,
1086978,2026-08-15T23:08:12.432401+00:00,0.00,توريد غازات فريون لفرع الإدارة الهندسية والأشغال بالجنوبية,,"التاريخ: 04/02/1448
الموافق: 19/07/2026",19/07/2026,"التاريخ: 05/02/1448
الموافق: 20/07/2026",20/07/2026,,لا يوجد,داخل المملكة,
1086979,2026-08-15T20:59:46.543984+00:00,0.00,توريد دهانات لفرع الإدارة الهندسية والأشغال بالجنوبية,,"التاريخ: 19/02/1448
الموافق: 03/08/2026",03/08/2026,"التاريخ: 25/02/1448
الموافق: 09/08/2026",09/08/2026,,لا يوجد,داخل المملكة,
1086980,2026-08-15T23:41:58.928001+00:00,0.00,قطع غيار طبي لجهاز عمليات العيون بمستشفى الأمير منصور العسكري,,"التاريخ: 30/01/1448
الموافق: 15/07/2026",15/07/2026,"التاريخ: 06/02/1448
الموافق: 21/07/2026",21/07/2026,,لا يوجد,داخل المملكة,
1086981,2026-08-15T23:33:13.243479+00:00,0.00,أعمال الصيانه البسيطه ادارة الدفاع المدني محافظة العويقيلة,,"التاريخ: 30/01/1448
الموافق: 15/07/2026",15/07/2026,"التاريخ: 01/02/1448
الموافق: 16/07/2026",16/07/2026,,لا يوجد,داخل المملكة,
1086982,2026-08-15T22:58:11.845052+00:00,0.00,صيانة أضواء تحذيرية لأبراج  الاتصالات بفرع الإدارة الهندسية والأشغال بالجنوبية,,"التاريخ: 04/02/1448
الموافق: 19/07/2026",19/07/2026,"التاريخ: 05/02/1448
الموافق: 20/07/2026",20/07/2026,,لا يوجد,داخل المملكة,
1086988,2026-08-15T22:58:17.751654+00:00,0.00,توريد وتركيب أبواب سحابة رول بفرع الإدارة الهندسية والأشغال بالجنوبية .,,"التاريخ: 04/02/1448
الموافق: 19/07/2026",19/07/2026,"التاريخ: 05/02/1448
الموافق: 20/07/2026",20/07/2026,,لا يوجد,داخل المملكة,
1086990,2026-08-15T23:08:18.161145+00:00,0.00,إعادة تأهيل ممر بفرع الإدارة الهندسية والأشغال بالجنوبية .,,"التاريخ: 04/02/1448
الموافق: 19/07/2026",19/07/2026,"التاريخ: 05/02/1448
الموافق: 20/07/2026",20/07/2026,,لا يوجد,داخل المملكة,
1086993,2026-08-15T22:58:23.679853+00:00,0.00,توريد مواد سباكة لفرع الإدارة الهندسية والأشغال بالجنوبية .,,"التاريخ: 06/02/1448
الموافق: 21/07/2026",21/07/2026,"التاريخ: 07/02/1448
الموافق: 22/07/2026",22/07/2026,,لا يوجد,داخل المملكة,
1087005,2026-08-15T22:04:40.508760+00:00,0.00,تأمين ديزل لمعدات وشاحنات وسيارات بلدية محافظة ضرية,5,"التاريخ: 13/02/1448
الموافق: 28/07/2026",28/07/2026,"التاريخ: 20/02/1448
الموافق: 04/08/2026",04/08/2026,,بلدية محافظة ضرية,داخل المملكة,
1087012,2026-08-15T19:53:56.514661+00:00,500.00,صيانة الحواجز الخرسانية بلـــــــــــــدية الدائر,5,"التاريخ: 11/02/1448
الموافق: 26/07/2026",26/07/2026,"التاريخ: 13/02/1448
الموافق: 28/07/2026",28/07/2026,,بلدية صبيا,داخل المملكة,
1087029,2026-08-15T21:43:13.432672+00:00,500.00,في إطار سعي الهيئة العامة للطيران المدني إلى إنشاء وتطبيق مركز تقييم (Assessment Center) متكامل يهدف إلى دعم قرارات الموارد البشرية المتعلقة بالاختيار للتوظيف، والترقية، وتحديد الإمكانات القيادية، وتطوير الكفاءات.,5,"التاريخ: 27/02/1448
الموافق: 11/08/2026",11/08/2026,"التاريخ: 18/03/1448
الموافق: 31/08/2026",31/08/2026,,مقر الهيئة العامة للطيران المدني الرئيسي بالقرب من مطار الملك خالد,داخل المملكة,
1087033,2026-08-15T18:35:07.329361+00:00,1000.00,صيانة ضواغط ومكابس ترحيل النفايات وتكون حسب المواصفات المطلوبه,5,"التاريخ: 28/02/1448
الموافق: 12/08/2026",12/08/2026,"التاريخ: 10/03/1448
الموافق: 23/08/2026",23/08/2026,,بلدية محافظة سراة عبيدة قسم المشتريات,داخل المملكة,
1087042,2026-08-15T19:53:13.893957+00:00,200.00,توريد أكياس محاليل بلازما مناعية للأمهار,5,"التاريخ: 09/02/1448
الموافق: 24/07/2026",24/07/2026,"التاريخ: 14/02/1448
الموافق: 29/07/2026",29/07/2026,,عبر منصة اعتماد,داخل المملكة,
1087046,2026-08-15T21:34:15.715888+00:00,0.00,"توريد أجهزة قياس مخبرية لمنظومة العزيزية 60020737 ( METR-PH/MV,CNDTY;LABRTRY)",,"التاريخ: 14/03/1448
الموافق: 27/08/2026",27/08/2026,"التاريخ: 15/04/1448
الموافق: 27/09/2026",27/09/2026,,لا يوجد,داخل المملكة,
1087047,2026-08-15T19:11:40.756376+00:00,500.00,مشروع صيانة وتشغيل الحاسب الآلي في الأمانة,5,"التاريخ: 13/03/1448
الموافق: 26/08/2026",26/08/2026,"التاريخ: 17/03/1448
الموافق: 30/08/2026",30/08/2026,,امانة منطقة الحدود الشمالية,داخل المملكة,
1087064,2026-08-15T21:14:17.940885+00:00,100.00,تهدف هذه المنافسة إلى توريد رخص منصة بيم للتواصل المؤسسي لصالح وزارة الاستثمار وذلك لتمكين منسوبي الجهة من استخدام منصة رقمية متكاملة وآمنه بين التواصل المؤسسي والعمل الجماعي لتنظيم وانتاجية وتوحيد الاعمال في منصة واحدة.,5,"التاريخ: 28/02/1448
الموافق: 12/08/2026",12/08/2026,"التاريخ: 14/03/1448
الموافق: 27/08/2026",27/08/2026,,وزارة الاستثمار,داخل المملكة,
1087079,2026-08-15T22:04:46.323910+00:00,0.00,استجار مع التوريد والتركيب والتشغيل لأجهزة ومعدات وكشافات إنارة خضراء لليوم الوطني 96 بفرع المعهد,,"التاريخ: 08/02/1448
الموافق: 23/07/2026",23/07/2026,"التاريخ: 11/02/1448
الموافق: 26/07/2026",26/07/2026,,لا يوجد,داخل المملكة,
1087082,2026-08-15T20:22:25.887544+00:00,500.00,الحصول على شهادات الاعتماد ISO بما يخدم الاستمرار بتقديم خدمات متميزة إلى جميع المستخدمين بما يتعلق بنظام إدارة أمن المعلومات (ISMS) وفق معايير ISO 27001 وكذلك إدارة خدمات تقنية المعلومات (ITSM) وفقًا لمعايير ISO 20000.,5,"التاريخ: 18/04/1448
الموافق: 30/09/2026",30/09/2026,"التاريخ: 20/06/1448
الموافق: 30/11/2026",30/11/2026,,ادارة المشتريات - المبنى الاداري بوابة رقم 1,داخل المملكة,تقنية الاتصالات
1087083,2026-08-15T22:41:45.290833+00:00,200.00,تهدف هذه المنافسة إلى تنظيم وتقديم خدمات السفر لنادي سباقات الخيل,10,"التاريخ: 18/02/1448
الموافق: 02/08/2026",02/08/2026,"التاريخ: 29/02/1448
الموافق: 13/08/2026",13/08/2026,,عبر منصة اعتماد,داخل المملكة,
1087084,2026-08-15T22:58:31.654855+00:00,0.00,تامين قطع غيار و اصلاح اليات الدفاع المدني بمحافظة الطائف,,"التاريخ: 08/02/1448
الموافق: 23/07/2026",23/07/2026,"التاريخ: 11/02/1448
الموافق: 26/07/2026",26/07/2026,,لا يوجد,داخل المملكة,
1087088,2026-08-15T19:30:36.952995+00:00,1000.00,بناء وتشغيل وإدارة البنية التحتية للاتصال الآمن لأمانة منطقة المدينة المنورة,5,"التاريخ: 26/03/1448
الموافق: 08/09/2026",08/09/2026,"التاريخ: 25/04/1448
الموافق: 07/10/2026",07/10/2026,,امانة المدينة ادارة المنافسات والعقود,داخل المملكة,صيانة وتشغيل تقنية الاتصالات
1087093,2026-08-15T20:17:20.149340+00:00,500.00,نقل اثاث مبنى مديرية مكافحة المخدرات بمنطقة المدينة المنورة,7,"التاريخ: 26/04/1448
الموافق: 08/10/2026",08/10/2026,"التاريخ: 29/04/1448
الموافق: 11/10/2026",11/10/2026,,منصة اعتماد,داخل المملكة,
1087098,2026-08-15T22:58:40.023231+00:00,0.00,تامين قطع غيار و اصلاح اليات الدفاع المدني بمنطقة مكة المكرمة,,"التاريخ: 08/02/1448
الموافق: 23/07/2026",23/07/2026,"التاريخ: 11/02/1448
الموافق: 26/07/2026",26/07/2026,,لا يوجد,داخل المملكة,
1087104,2026-08-15T23:08:24.879739+00:00,0.00,تامين قطع غيار و اصلاح اليات الدفاع المدني بادارة محافظة خليص,,"التاريخ: 07/02/1448
الموافق: 22/07/2026",22/07/2026,"التاريخ: 08/02/1448
الموافق: 23/07/2026",23/07/2026,,لا يوجد,داخل المملكة,
1087105,2026-08-15T23:33:18.908277+00:00,0.00,توريد عدد ( 62 ) طفاية حريق وسطول رملية لوزارة الحرس الوطني بالقطاع الشرقي,,"التاريخ: 11/02/1448
الموافق: 26/07/2026",26/07/2026,"التاريخ: 22/02/1448
الموافق: 06/08/2026",06/08/2026,,لا يوجد,داخل المملكة,
1087110,2026-08-15T23:08:32.070268+00:00,0.00,تامين قطع غيار و اصلاح اليات الدفاع المدني بمنطقة مكة المكرمة,,"التاريخ: 06/02/1448
الموافق: 21/07/2026",21/07/2026,"التاريخ: 07/02/1448
الموافق: 22/07/2026",22/07/2026,,لا يوجد,داخل المملكة,
1087112,2026-08-15T23:08:37.725634+00:00,0.00,تامين اصلاح اطارات اليات ومعدات الدفاع المدني بمحافظة الطائف,,"التاريخ: 06/02/1448
الموافق: 21/07/2026",21/07/2026,"التاريخ: 07/02/1448
الموافق: 22/07/2026",22/07/2026,,لا يوجد,داخل المملكة,
1087121,2026-08-15T22:10:02.780082+00:00,0.00,لسد احتياج مدينة الامير سلطان الطبية العسكريه,,"التاريخ: 06/02/1448
الموافق: 21/07/2026",21/07/2026,"التاريخ: 07/02/1448
الموافق: 22/07/2026",22/07/2026,,لا يوجد,داخل المملكة,
1087127,2026-08-15T23:42:06.930817+00:00,0.00,تامين تعبيد وسفلتة طرق داخل مجمع ارادة والصحة النفسية بالرياض,,"التاريخ: 29/01/1448
الموافق: 14/07/2026",14/07/2026,"التاريخ: 15/02/1448
الموافق: 30/07/2026",30/07/2026,,لا يوجد,داخل المملكة,
1087132,2026-08-15T22:46:40.913463+00:00,0.00,تأمين وتركيب عدد (16) سارية خارجية  مع العلم السعودي لمكافحة المخدرات بمنطقة مكة المكرمة والجهات التابعة لها,,"التاريخ: 05/02/1448
الموافق: 20/07/2026",20/07/2026,"التاريخ: 17/03/1448
الموافق: 30/08/2026",30/08/2026,,لا يوجد,داخل المملكة,
1087140,2026-08-15T22:16:11.565579+00:00,200.00,ازالة المخلفات من المخططات محافظة الغاط والمراكز التابعة لها,5,"التاريخ: 08/02/1448
الموافق: 23/07/2026",23/07/2026,"التاريخ: 11/02/1448
الموافق: 26/07/2026",26/07/2026,,بلدية محافظة  الغاط,داخل المملكة,
1087143,2026-08-15T22:16:19.362496+00:00,200.00,صيانة الحدائق والمسطحات الخضراء بمحافظة الغاط والمراكز التابعة لها,5,"التاريخ: 08/02/1448
الموافق: 23/07/2026",23/07/2026,"التاريخ: 11/02/1448
الموافق: 26/07/2026",26/07/2026,,بلدية محافظة  الغاط,داخل المملكة,
1087156,2026-08-15T22:16:26.292677+00:00,200.00,صيانة عدد (2) احواض الترسيب الثانوية بمحطة الصرف الصحي,5,"التاريخ: 12/02/1448
الموافق: 27/07/2026",27/07/2026,"التاريخ: 13/02/1448
الموافق: 28/07/2026",28/07/2026,,منصة اعتماد,داخل المملكة,
1087157,2026-08-15T22:16:34.654227+00:00,200.00,قواعد اعمدة الانارة بالطرق والشوارع بمحافظة الغاط والمراكز التابعة لها,5,"التاريخ: 08/02/1448
الموافق: 23/07/2026",23/07/2026,"التاريخ: 11/02/1448
الموافق: 26/07/2026",26/07/2026,,بلدية محافظة  الغاط,داخل المملكة,
1087168,2026-08-15T22:16:40.954630+00:00,200.00,ترغب الهيئة العامة للموانئ بالمملكة العربية السعودية التعاقد مع أحد الشركات المتخصصة المرخص لها بمزاولة العمل طبقاً للأنظمة والقواعد المتبعة لتوريد مياه محلاة لميناء رأس الخير,5,"التاريخ: 07/03/1448
الموافق: 20/08/2026",20/08/2026,"التاريخ: 05/04/1448
الموافق: 17/09/2026",17/09/2026,,منصة اعتماد,داخل المملكة,
1087170,2026-08-15T22:16:47.156819+00:00,500.00,تأمين علوفة الخيل لأندية الفروسية بالمدن العسكرية,5,"التاريخ: 04/03/1448
الموافق: 17/08/2026",17/08/2026,"التاريخ: 19/03/1448
الموافق: 01/09/2026",01/09/2026,,المشتريات,داخل المملكة,
1087171,2026-08-15T18:48:49.767902+00:00,300.00,عملية توريد المياه الصالحة للشرب لقوات الطوارئ الخاصة بالمنطقة الغربية والمنطقة الجنوبية,5,"التاريخ: 12/04/1448
الموافق: 24/09/2026",24/09/2026,"التاريخ: 25/05/1448
الموافق: 05/11/2026",05/11/2026,,قيادة قوات الطوارئ الخاصة/ إدارة المنافسات والمشتريات,داخل المملكة,
1087172,2026-08-15T19:00:30.575081+00:00,300.00,عملية توريد المياه للشرب لقوات الطوارئ الخاصة بالمنطقة الوسطى والمنطقة الشرقية والمنطقة الشمالية,5,"التاريخ: 11/04/1448
الموافق: 23/09/2026",23/09/2026,"التاريخ: 28/05/1448
الموافق: 08/11/2026",08/11/2026,,قيادة قوات الطوارئ الخاصة/ إدارة المنافسات والمشتريات,داخل المملكة,
1087182,2026-08-15T21:34:22.525658+00:00,0.00,قطع غيار اجهزة طبية,,"التاريخ: 08/02/1448
الموافق: 23/07/2026",23/07/2026,"التاريخ: 11/02/1448
الموافق: 26/07/2026",26/07/2026,,لا يوجد,داخل المملكة,"صيانة المباني, المبـــاني"
1087185,2026-08-15T23:42:14.074927+00:00,0.00,تجهيز مختبر النوم بمستشفى عسير المركزي,,"التاريخ: 14/02/1448
الموافق: 29/07/2026",29/07/2026,"التاريخ: 28/02/1448
الموافق: 12/08/2026",12/08/2026,,لا يوجد,داخل المملكة,
1087190,2026-08-15T21:14:25.430957+00:00,500.00,توريد وتركيب مولدات كهرباء لمركز الملك عبد العزيز للخيل العربية الاصيلة بديراب,5,"التاريخ: 26/02/1448
الموافق: 10/08/2026",10/08/2026,"التاريخ: 07/03/1448
الموافق: 20/08/2026",20/08/2026,,المنصة الالكترونية,داخل المملكة,محطـات توليد الطاقـة
1087193,2026-08-15T23:33:24.642273+00:00,0.00,تأمين مواد  سباكة لصيانة المرافق العامة بمحافظة قرية العليا,,"التاريخ: 30/01/1448
الموافق: 15/07/2026",15/07/2026,"التاريخ: 01/02/1448
الموافق: 16/07/2026",16/07/2026,,لا يوجد,داخل المملكة,
1087194,2026-08-15T22:16:52.519772+00:00,0.00,توريد قطع غيار تكييف لمنظمة انتاج الجبيل 60020738 الساحل الشرقي,5,"التاريخ: 28/02/1448
الموافق: 12/08/2026",12/08/2026,"التاريخ: 28/03/1448
الموافق: 10/09/2026",10/09/2026,,المؤسسسة العامة لتحلية المياه المالحة الرياض  المركز الرئيسي إدارة المشتريات الدور الرابع مكتب 18   الدور الرابع مكتب 18  يمكنكم تقديم صورة منه في منصة اعتماد,داخل المملكة,
1087197,2026-08-15T22:10:11.205548+00:00,0.00,"A refrigerator is an open system that dispels heat from a closed space to a warmer area, allowing food to remain at a cool temperature.لثلاجة عبارة عن نظام مفتوح يعمل على تبديد الحرارة من مكان مغلق إلى منطقة أكثر دفئًامما يسمح للطعام بالبقا",,"التاريخ: 30/01/1448
الموافق: 15/07/2026",15/07/2026,"التاريخ: 01/02/1448
الموافق: 16/07/2026",16/07/2026,,لا يوجد,داخل المملكة,
1087205,2026-08-15T23:33:30.125823+00:00,0.00,water heater for LTCC  سخان مياة لمستشفى الحرس الوطني,,"التاريخ: 30/01/1448
الموافق: 15/07/2026",15/07/2026,"التاريخ: 01/02/1448
الموافق: 16/07/2026",16/07/2026,,لا يوجد,داخل المملكة,
1087213,2026-08-15T20:37:34.207598+00:00,0.00,توريد ملامسات التوصيل (أصابع التلامس) لمركز التحكم في المحركات لمنظومة انتاج الشعيبة - 60020692 INST SHO,5,"التاريخ: 13/02/1448
الموافق: 28/07/2026",28/07/2026,"التاريخ: 27/02/1448
الموافق: 11/08/2026",11/08/2026,,المؤسسة العامة لتحلية المياه المالحة – الرياض – العليا – طريق الملك فهد الدور الرابع لجنة فتح المظاريف,داخل المملكة,
1087215,2026-08-15T22:16:57.473532+00:00,200.00,توريد برودورات وانترلوك لاعمال الصيانة لبلدية الغاط,5,"التاريخ: 08/02/1448
الموافق: 23/07/2026",23/07/2026,"التاريخ: 12/02/1448
الموافق: 27/07/2026",27/07/2026,,بلدية محافظة  الغاط,داخل المملكة,
1087217,2026-08-15T21:24:53.953859+00:00,200.00,احلال عدد (8) وحدات سكنية بمعسكر العمال بالكلية الحربية,5,"التاريخ: 25/02/1448
الموافق: 09/08/2026",09/08/2026,"التاريخ: 26/02/1448
الموافق: 10/08/2026",10/08/2026,,منصة اعتماد,داخل المملكة,
1087220,2026-08-15T20:37:40.540520+00:00,0.00,توريد اجهزة وحساسات لمنظومة انتاج الشعيبة - 60020734 INST,5,"التاريخ: 14/02/1448
الموافق: 29/07/2026",29/07/2026,"التاريخ: 28/02/1448
الموافق: 12/08/2026",12/08/2026,,المؤسسة العامة لتحلية المياه المالحة – الرياض – العليا – طريق الملك فهد الدور الرابع لجنة فتح المظاريف,داخل المملكة,
1087229,2026-08-15T21:54:08.409730+00:00,200.00,توريد وتركيب وتهيئة الخودام ووحدات التخزين وتشغيل الانظمة التابعة لها بالمستشفى الجامعي لمدة (36) شهر ميلادي,5,"التاريخ: 19/03/1448
الموافق: 01/09/2026",01/09/2026,"التاريخ: 29/03/1448
الموافق: 11/09/2026",11/09/2026,,عبر منصة اعتماد,داخل المملكة,
1087238,2026-08-15T21:14:30.354895+00:00,500.00,تهدف هذه الكراسة إلى التعاقد مع جهة استشارية متخصصة لتقديم خدمات الترجمة القانونية لدعم أعمال الهيئة في تطوير السياسات التنظيمية وإعداد الصيغ النموذجية ووثائق التأمين الموحدة، وأي مواضيع أخرى تتطلب ترجمة.,5,"التاريخ: 15/02/1448
الموافق: 30/07/2026",30/07/2026,"التاريخ: 18/02/1448
الموافق: 02/08/2026",02/08/2026,,هيئة التأمين - مركز الملك عبدالله المالي برج تداول الدور 18,داخل المملكة,
1087240,2026-08-15T20:25:59.974031+00:00,0.00,توفير حاويات نفايات مخلفات البناء لمستشفى الإمام عبد الرحمن بن فيصل بالدمام التابع للشؤون الصحية بوزارة الحرس الوطني,,"التاريخ: 03/03/1448
الموافق: 16/08/2026",16/08/2026,"التاريخ: 04/03/1448
الموافق: 17/08/2026",17/08/2026,,لا يوجد,داخل المملكة,نظافة المدن والتخلص من مقالب النفايات وردمها
1087245,2026-08-15T21:14:35.793702+00:00,300.00,صيانة وتحديث ودعم فني  لنظام الحضور والانصراف شامل جميع متطلبات النظام والأجهزة من تحديثات وترقيات وقطع غيار ليعمل بشكل كامل,5,"التاريخ: 13/03/1448
الموافق: 26/08/2026",26/08/2026,"التاريخ: 11/04/1448
الموافق: 23/09/2026",23/09/2026,,علي منصة اعتماد,داخل المملكة,صيانة تقنية الاتصالات
1087257,2026-08-15T23:33:37.382338+00:00,0.00,"CABINET FLOOR STAND, DIGITAL LOCK; REF# WCS-C007; NO NUPCO ID",,"التاريخ: 30/01/1448
الموافق: 15/07/2026",15/07/2026,"التاريخ: 01/02/1448
الموافق: 16/07/2026",16/07/2026,,لا يوجد,داخل المملكة,
1087259,2026-08-15T23:17:01.330763+00:00,0.00,توريد محطة أتمتة مزودة بـ 36 نقطة بيانات، قابلة للتوسيع، وتدعم بروتوكول BACnet على شبكة LonTalk لقسم الصيانة بمستشفى الامام عبدالرحمن بن فيصل بالدمام التابع للشؤون الصحية بوزارة الحرس الوطني  DR220672,,"التاريخ: 30/01/1448
الموافق: 15/07/2026",15/07/2026,"التاريخ: 01/02/1448
الموافق: 16/07/2026",16/07/2026,,لا يوجد,داخل المملكة,
1087266,2026-08-15T23:17:07.719964+00:00,0.00,توريد قطعة غيار لـ DGP لقسم الصيانة الالكترونيات     بمستشفى الامام عبدالرحمن بن فيصل بالدمام التابع للشؤون الصحية بوزارة الحرس الوطني DR222820,,"التاريخ: 30/01/1448
الموافق: 15/07/2026",15/07/2026,"التاريخ: 01/02/1448
الموافق: 16/07/2026",16/07/2026,,لا يوجد,داخل المملكة,
1087267,2026-08-15T18:45:05.140351+00:00,0.00,توريد زيت ومقاييس لمضخات التفريغ الطبية المركزية لقسم الصيانة    بمستشفى الامام عبدالرحمن بن فيصل بالدمام التابع للشؤون الصحية بوزارة الحرس الوطني DR223321 (حتمي ),,"التاريخ: 29/01/1448
الموافق: 14/07/2026",14/07/2026,"التاريخ: 30/01/1448
الموافق: 15/07/2026",15/07/2026,,لا يوجد,داخل المملكة,
1087270,2026-08-15T20:17:28.986831+00:00,5000.00,صيانة الشوارع لقرى بلدية المضايا (عقد بديل),10,"التاريخ: 04/03/1448
الموافق: 17/08/2026",17/08/2026,"التاريخ: 09/04/1448
الموافق: 21/09/2026",21/09/2026,,بلدية محافطة أحد المسارحة,داخل المملكة,
1087272,2026-08-15T23:42:21.206875+00:00,0.00,تامين قطع غيار واصلاح بعض اليات الدفاع المدني بمنطقة الجوف,,"التاريخ: 28/01/1448
الموافق: 13/07/2026",13/07/2026,"التاريخ: 29/01/1448
الموافق: 14/07/2026",14/07/2026,,لا يوجد,داخل المملكة,
1087278,2026-08-15T22:17:04.130618+00:00,1500.00,إستئجار سيارات لزوم الأعمال الميدانية لبلدية محافظة بقعاء,5,"التاريخ: 18/02/1448
الموافق: 02/08/2026",02/08/2026,"التاريخ: 22/02/1448
الموافق: 06/08/2026",06/08/2026,,بلدية بقعاء,داخل المملكة,
1087285,2026-08-15T22:17:12.610088+00:00,0.00,"توريد البند
.................................................................................",,"التاريخ: 14/02/1448
الموافق: 29/07/2026",29/07/2026,"التاريخ: 15/02/1448
الموافق: 30/07/2026",30/07/2026,,لا يوجد,داخل المملكة,
1087292,2026-08-15T23:26:44.962777+00:00,0.00,رفع جاهزية الوسائط البحريه التابعة لمنطقة جازان,,"التاريخ: 11/02/1448
الموافق: 26/07/2026",26/07/2026,"التاريخ: 12/02/1448
الموافق: 27/07/2026",27/07/2026,,لا يوجد,داخل المملكة,
1087296,2026-08-15T21:24:59.805090+00:00,500.00,الغرض من المشروع هو القيام بأعمال صيانة دورات مياه عامة بمحافظة القطيف على أن تتم حسب المخططات والشروط والمواصفات الفنية الخاصة والعامة وجداول الكميات وبموجب الأحكام والالتزامات المنصوص عليها في الاتفاقية.,5,"التاريخ: 14/05/1448
الموافق: 25/10/2026",25/10/2026,"التاريخ: 29/05/1448
الموافق: 09/11/2026",09/11/2026,,بلدية محافظة القطيف,داخل المملكة,
1087300,2026-08-15T21:14:43.193170+00:00,200.00,تجديد اشتراك Derek and Sarah Nexus للهية العامة للغذاء والدواء,5,"التاريخ: 11/02/1448
الموافق: 26/07/2026",26/07/2026,"التاريخ: 13/04/1448
الموافق: 25/09/2026",25/09/2026,,الرياض المبنى الرئيسي للهييئة العامة للغذاء والدواء حي حطين,داخل المملكة,
1087304,2026-08-15T23:24:24.372659+00:00,0.00,تأمين قطع غيار معدات فنية لمديرية الدفاع المدني بمنطقة المدينة المنورة / شعبة الصيانة المركزية,,"التاريخ: 01/02/1448
الموافق: 16/07/2026",16/07/2026,"التاريخ: 04/02/1448
الموافق: 19/07/2026",19/07/2026,,لا يوجد,داخل المملكة,
1087307,2026-08-15T20:22:33.988306+00:00,500.00,توريد وتركيب عدد 2 لوحات تحكم وكنترول مع لوحه التزامن التابعة لها لنظام طاقة طوارئ موثوقة ومستدامه لمبنى القلب والكبد,5,"التاريخ: 18/04/1448
الموافق: 30/09/2026",30/09/2026,"التاريخ: 20/06/1448
الموافق: 30/11/2026",30/11/2026,,ادارة المشتريات - المبنى الاداري بوابة رقم 1,داخل المملكة,
1087313,2026-08-15T22:04:52.578181+00:00,0.00,الحاجة لتصنيع عدد 14 كراسي تحميل أمامية وعدد14 كراسي تحميل خلفية من الحديد المجلفن حمولة 4 طن حسب أبعاد العينة على الطبيعة وبدن الواسطة مع تنفيذ أعمال الدهانات وتركيب الربر للوسائط البحرية قصيرة المدى فئة (10م) التابعة لقاعدة حرس الحدود الساحلية الشمالية بالبحر الأحمر وقطاع حقل والبدع وضباء وأملج وقوة أمن وحماية المرافق البحرية بمنطقة تبوك,,"التاريخ: 03/03/1448
الموافق: 16/08/2026",16/08/2026,"التاريخ: 04/03/1448
الموافق: 17/08/2026",17/08/2026,,لا يوجد,داخل المملكة,
1087318,2026-08-15T21:39:48.370910+00:00,300.00,توريد وتركيب عدد (30) محرك خارجي قدرة (250) حصان رباعي الأشواط للمنطقة الشرقية,5,"التاريخ: 27/03/1448
الموافق: 09/09/2026",09/09/2026,"التاريخ: 26/04/1448
الموافق: 08/10/2026",08/10/2026,,الإدارة العامة للمشتريات والتوريد / المديرية العامة لحرس الحدود / الرياض ، ملاحظة : تقديم أصل الضمان الابتدائي الكترونياً عبر منصة اعتماد,داخل المملكة,
1087320,2026-08-15T22:17:21.409756+00:00,0.00,إمداد واستبدال كويل نحاس بمستشفى القاعدة الجوية بالظهران,,"التاريخ: 13/02/1448
الموافق: 28/07/2026",28/07/2026,"التاريخ: 14/02/1448
الموافق: 29/07/2026",29/07/2026,,لا يوجد,داخل المملكة,
1087342,2026-08-15T23:24:33.535541+00:00,0.00,الحاجة لتوريد وتركيب كرسي طبي بوكالة المساجد بمبنى ديوان الوزارة,,"التاريخ: 27/01/1448
الموافق: 12/07/2026",12/07/2026,"التاريخ: 28/01/1448
الموافق: 13/07/2026",13/07/2026,,لا يوجد,داخل المملكة,
1087346,2026-08-15T18:45:13.277749+00:00,0.00,تامين وحده تغذية رول لآلة المكبس لمصنع G36,5,"التاريخ: 21/02/1448
الموافق: 05/08/2026",05/08/2026,"التاريخ: 29/02/1448
الموافق: 13/08/2026",13/08/2026,,منصة اعتماد,داخل المملكة,
1087350,2026-08-15T22:46:47.777729+00:00,0.00,منافسة MK26620108 توريد وتركيب قطع غيار الية,,"التاريخ: 05/02/1448
الموافق: 20/07/2026",20/07/2026,"التاريخ: 06/02/1448
الموافق: 21/07/2026",21/07/2026,,لا يوجد,داخل المملكة,
1087352,2026-08-15T21:14:49.598329+00:00,250.00,يرغب صندوق التنمية الثقافي من خلال هذه الوثيقة دعوة الشركات والمؤسسات المتخصصة في مجال توفير برنامج حماية تصفح الويب والبوابة الآمنة من خلال تنفيذ حلول متكاملة تضمن حماية أنشطة تصفح الويب، والتحكم وتأمين الوصول إلى الإنترنت وبما يتماشى مع جميع التشريعات والمعايير المحلية وأفضل الممارسات العالمية وذلك حسب نطاق العمل المفصل؛ لتقديم عروضها وتوفير تلك الخدمات.,5,"التاريخ: 17/03/1448
الموافق: 30/08/2026",30/08/2026,"التاريخ: 24/03/1448
الموافق: 06/09/2026",06/09/2026,,الرياض,داخل المملكة,
1087353,2026-08-15T23:26:29.880076+00:00,0.00,توريد مواد كهرباء للسكن بالمجموعة الخامسة بالشرقية,,"التاريخ: 06/02/1448
الموافق: 21/07/2026",21/07/2026,"التاريخ: 13/02/1448
الموافق: 28/07/2026",28/07/2026,,لا يوجد,داخل المملكة,
1087369,2026-08-15T19:20:53.885233+00:00,0.00,توريد مستلزمات طبيه لمستشفى الملك سلمان التخصصي للشؤون الصحية بوزارة الحرس الوطني بالطائف,,"التاريخ: 27/01/1448
الموافق: 12/07/2026",12/07/2026,"التاريخ: 28/01/1448
الموافق: 13/07/2026",13/07/2026,,لا يوجد,داخل المملكة,
1087379,2026-08-15T18:48:55.373964+00:00,5000.00,القيام بأعمال صيانة الزوائد التنظيمية بطريق الملك فيصل ببلدية محافظة الخفجي,5,"التاريخ: 25/04/1448
الموافق: 07/10/2026",07/10/2026,"التاريخ: 30/05/1448
الموافق: 10/11/2026",10/11/2026,,بلدية محافظة الجبيل,داخل المملكة,
1087388,2026-08-15T21:25:07.429364+00:00,1000.00,توريد رخص منصة بيم للتواصل المؤسسي لصالح الهيئة السعودية للمواصفات والمقاييس والجودة وذلك لتمكين منسوبي الجهة من استخدام منصة رقمية متكاملة وآمنه بين التواصل المؤسسي والعمل الجماعي لتنظيم وانتاجية وتوحيد الاعمال في منصة واحدة.,5,"التاريخ: 03/03/1448
الموافق: 16/08/2026",16/08/2026,"التاريخ: 04/03/1448
الموافق: 17/08/2026",17/08/2026,,الرياض المبنى الرئيسي,داخل المملكة,
1087400,2026-08-15T23:42:28.120666+00:00,0.00,توريد طربال عازل للماء لمركز التموين البحري بالأسطول الشرقي,,"التاريخ: 30/01/1448
الموافق: 15/07/2026",15/07/2026,"التاريخ: 01/02/1448
الموافق: 16/07/2026",16/07/2026,,لا يوجد,داخل المملكة,
1087404,2026-08-15T21:39:55.848039+00:00,300.00,تنفيذ أعمال الصيانة الشاملة للرافعة البحرية حمولة 150طن التابعة لقاعدة حرس الحدود الساحلية الجنوبية بالبحر الأحمر بمنطقة جازان,5,"التاريخ: 10/03/1448
الموافق: 23/08/2026",23/08/2026,"التاريخ: 09/04/1448
الموافق: 21/09/2026",21/09/2026,,الإدارة العامة للمشتريات والتوريد / المديرية العامة لحرس الحدود / الرياض ، ملاحظة : تقديم أصل الضمان الابتدائي الكترونياً عبر منصة اعتماد,داخل المملكة,
1087410,2026-08-15T18:57:31.949482+00:00,0.00,الحاجة الماسة للبند لمستشفى قوى الامن بالرياض,,"التاريخ: 06/02/1448
الموافق: 21/07/2026",21/07/2026,"التاريخ: 07/02/1448
الموافق: 22/07/2026",22/07/2026,,لا يوجد,داخل المملكة,
1087412,2026-08-15T20:34:25.329672+00:00,1000.00,مشروع تطوير وتأهيل ساحات إسكان أعضاء هيئة التدريس,5,"التاريخ: 22/02/1448
الموافق: 06/08/2026",06/08/2026,"التاريخ: 25/02/1448
الموافق: 09/08/2026",09/08/2026,,قاعة المشتريات,داخل المملكة,
1087415,2026-08-15T22:04:59.213039+00:00,200.00,توريد وتركيب أعمدة ببلدية المجمعة,5,"التاريخ: 11/02/1448
الموافق: 26/07/2026",26/07/2026,"التاريخ: 12/02/1448
الموافق: 27/07/2026",27/07/2026,,بلدية محافظة المجمعة,داخل المملكة,
1087418,2026-08-15T21:14:56.630831+00:00,0.00,تأمين قطع غيار لمكافحة المخدرات بمنطقة الجوف ( بمحافظة القريات ),,"التاريخ: 14/02/1448
الموافق: 29/07/2026",29/07/2026,"التاريخ: 15/02/1448
الموافق: 30/07/2026",30/07/2026,,لا يوجد,داخل المملكة,"صيانة وتشغيل الأعمال الميكانيكيـة, الأعمال الميكانيكية"
1087419,2026-08-15T23:33:45.522671+00:00,0.00,عدد 3 بنود زيوت محركات تصنيف (SN) حسب المواصفات المرفقه,,"التاريخ: 30/01/1448
الموافق: 15/07/2026",15/07/2026,"التاريخ: 01/02/1448
الموافق: 16/07/2026",16/07/2026,,لا يوجد,داخل المملكة,
1087421,2026-08-15T23:33:52.672405+00:00,0.00,عربة نفايات صفراء حجم 500-700 لتر,,"التاريخ: 30/01/1448
الموافق: 15/07/2026",15/07/2026,"التاريخ: 01/02/1448
الموافق: 16/07/2026",16/07/2026,,لا يوجد,داخل المملكة,
1087422,2026-08-15T21:15:05.718924+00:00,0.00,تأمين قطع غيار لمكافحة المخدرات بمنطقة الجوف ( بمحافظة طبرجل),,"التاريخ: 14/02/1448
الموافق: 29/07/2026",29/07/2026,"التاريخ: 15/02/1448
الموافق: 30/07/2026",30/07/2026,,لا يوجد,داخل المملكة,"صيانة وتشغيل الأعمال الميكانيكيـة, الأعمال الميكانيكية"
1087423,2026-08-15T23:34:01.583768+00:00,0.00,عربة نفايات سوداء غير طبية سعة 500-700 لتر,,"التاريخ: 30/01/1448
الموافق: 15/07/2026",15/07/2026,"التاريخ: 01/02/1448
الموافق: 16/07/2026",16/07/2026,,لا يوجد,داخل المملكة,
1087425,2026-08-15T21:15:12.678504+00:00,0.00,تأمين قطع غيار لمكافحة المخدرات بمنطقة الجوف ( بمحافظة طبرجل),,"التاريخ: 14/02/1448
الموافق: 29/07/2026",29/07/2026,"التاريخ: 15/02/1448
الموافق: 30/07/2026",30/07/2026,,لا يوجد,داخل المملكة,"صيانة وتشغيل الأعمال الميكانيكيـة, الأعمال الميكانيكية"
1087429,2026-08-15T21:55:54.944023+00:00,200.00,توريد وتامين زيت مكائن,5,"التاريخ: 12/02/1448
الموافق: 27/07/2026",27/07/2026,"التاريخ: 13/02/1448
الموافق: 28/07/2026",28/07/2026,,مركز التموين البحري بجدة -قسم المشتريات,داخل المملكة,
1087433,2026-08-15T22:46:53.297261+00:00,0.00,اصلاح حادث للمركبة كادينزا موديل 2016 لوحة رقم ( د ن ي 4982 ),,"التاريخ: 04/02/1448
الموافق: 19/07/2026",19/07/2026,"التاريخ: 05/02/1448
الموافق: 20/07/2026",20/07/2026,,لا يوجد,داخل المملكة,
1087434,2026-08-15T22:47:00.432467+00:00,0.00,اصلاح حادث للمركبة كورولا  موديل 2024لوحة رقم ( ر ص ن 4901 ),,"التاريخ: 04/02/1448
الموافق: 19/07/2026",19/07/2026,"التاريخ: 05/02/1448
الموافق: 20/07/2026",20/07/2026,,لا يوجد,داخل المملكة,
1087435,2026-08-15T20:34:03.505336+00:00,0.00,القيام بتوريد وتركيب قاطع كهربائي بمحطة التشيلر (Y31),,"التاريخ: 18/02/1448
الموافق: 02/08/2026",02/08/2026,"التاريخ: 26/02/1448
الموافق: 10/08/2026",10/08/2026,,لا يوجد,داخل المملكة,
1087436,2026-08-15T19:30:42.643722+00:00,100.00,"تعتبر إدارة البيانات وحوكمتها وحماية البيانات الشخصية من الركائز والقدرات الرئيسية لعمل المنظومة، حيث يتضمن نظام المعلومات المتكامل بيانات تتعلق بالمستفيدين وبرامج الدعم والإعانات المتنوعة ويتطلب التكامل مع عدد كبير من الجهات الحكومية للحصول على بيانات المستفيدين والإعانات، ويتعامل مع بيانات شخصية بجميع تصنيفاتها وحساسيتها مما يتطلب وجود حوكمة وإدارة فعالة على مستوى المنظومة والشركاء
يهدف المشروع إلى تفعيل أنظمة إدارة وحوكمة البيانات وتقديم الدعم الفني والتشغيلي لمكتب إدارة البيانات في جميع مجالات إدارة وحوكمة البيانات",5,"التاريخ: 20/03/1448
الموافق: 02/09/2026",02/09/2026,"التاريخ: 18/04/1448
الموافق: 30/09/2026",30/09/2026,,ديوان الوزارة بالرياض مخرج 9 مبنى رقم 15 الدور الثالث سكرتير لجنة فتح العروض,داخل المملكة,
1087440,2026-08-15T22:17:28.381892+00:00,500.00,استبدال مولد كهربائي لمركز عمليات الاسطول الغربي بقاعدة الملك فيصل البحرية بجدة,5,"التاريخ: 10/03/1448
الموافق: 23/08/2026",23/08/2026,"التاريخ: 18/03/1448
الموافق: 31/08/2026",31/08/2026,,قاعدة الملك فيصل البحرية بجدة,داخل المملكة,
1087441,2026-08-15T21:56:01.053665+00:00,500.00,صيانة بعض الطرق والشوارع المتفرقة بوادي بن هشبل,5,"التاريخ: 18/02/1448
الموافق: 02/08/2026",02/08/2026,"التاريخ: 10/03/1448
الموافق: 23/08/2026",23/08/2026,,بلدية وادي بن هشبل,داخل المملكة,
1087443,2026-08-15T22:17:35.270072+00:00,0.00,لتامين مستلزمات ومستهلكات لمستشفى الملك فهد للقوات المسلحة بجدة,,"التاريخ: 10/02/1448
الموافق: 25/07/2026",25/07/2026,"التاريخ: 11/02/1448
الموافق: 26/07/2026",26/07/2026,,لا يوجد,داخل المملكة,
1087451,2026-08-15T20:59:53.627691+00:00,0.00,قطع غيار اجهزة طبية,,"التاريخ: 14/02/1448
الموافق: 29/07/2026",29/07/2026,"التاريخ: 15/02/1448
الموافق: 30/07/2026",30/07/2026,,لا يوجد,داخل المملكة,"صيانة المباني, المبـــاني"
1087455,2026-08-15T18:35:13.936263+00:00,500.00,نقل التجهيزات التدريبية والمكتبية من المعهد الصناعي الثانوي بالوجه الى بعض المنشآت التدريبية,5,"التاريخ: 25/05/1448
الموافق: 05/11/2026",05/11/2026,"التاريخ: 02/06/1448
الموافق: 12/11/2026",12/11/2026,,المنصة,داخل المملكة,
1087458,2026-08-15T23:08:46.057926+00:00,0.00,توريد معدات وأجهزة لمكتب الإدارة الهندسية والأشغال بجازان,,"التاريخ: 18/02/1448
الموافق: 02/08/2026",02/08/2026,"التاريخ: 25/02/1448
الموافق: 09/08/2026",09/08/2026,,لا يوجد,داخل المملكة,
1087465,2026-08-15T19:56:28.575349+00:00,500.00,مشروع أشتراك خدمة نظافة البيئة لقيادة منطقة المدينة المنورة,5,"التاريخ: 27/02/1448
الموافق: 11/08/2026",11/08/2026,"التاريخ: 05/03/1448
الموافق: 18/08/2026",18/08/2026,,إدارة تشغيل وصيانة المنشآت العسكرية بمنطقة المدينة المنورة,داخل المملكة,
1087470,2026-08-15T21:54:28.396866+00:00,500.00,توريد كراسي انتظار في المرافق الصحية التابعة لتجمع جدة الصحي الثاني,5,"التاريخ: 29/02/1448
الموافق: 13/08/2026",13/08/2026,"التاريخ: 19/03/1448
الموافق: 01/09/2026",01/09/2026,,تجمع جدة صحي الثاني,داخل المملكة,
1087475,2026-08-15T20:06:45.268361+00:00,500.00,تهدف هذه المنافسة إلى التعاقد مع شريك معتمد من مايكروسوفت لتقديم خدمات دعم فني متقدم (Premium Support) لأنظمة وخدمات مايكروسوفت لدى الهيئة، بما يضمن استمرارية الأعمال، ورفع كفاءة التشغيل، وتحسين استقرار وأداء البيئة التقنية. يشمل ذلك تقديم خدمات معالجة الأعطال (Break-Fix)، والالتزام باتفاقية مستوى الخدمة (SLA)، وتنفيذ الفحوصات الفنية الدورية (Health Check)، وتوفير الخدمات الاستشارية (Professional Services)، بالإضافة إلى تعيين مدير حساب تقني (TAM) ومتابعة مؤشرات الأداء بشكل دوري، وذلك دون أن يشمل نطاق المشروع أي أعمال توريد أو تجديد تراخيص.,5,"التاريخ: 27/02/1448
الموافق: 11/08/2026",11/08/2026,"التاريخ: 21/05/1448
الموافق: 01/11/2026",01/11/2026,,هيئة المدن والمناطق الاقتصادية الخاصة,داخل المملكة,
1087477,2026-08-15T19:36:24.138142+00:00,0.00,توفير خدمات التشغيل والصيانة والنظافة والضيافة لمقر الصندوق في مدينة الرياض - مركز الملك عبدالله المالي – مبنى 5.08 – الدور 11,5,"التاريخ: 24/03/1448
الموافق: 06/09/2026",06/09/2026,"التاريخ: 24/04/1448
الموافق: 06/10/2026",06/10/2026,,صندوق الفعاليات الاستثماري,داخل المملكة,
1087480,2026-08-15T23:34:08.740841+00:00,0.00,صيانة غطاسات,,"التاريخ: 01/02/1448
الموافق: 16/07/2026",16/07/2026,"التاريخ: 04/02/1448
الموافق: 19/07/2026",19/07/2026,,لا يوجد,داخل المملكة,"حفر الأبار, صيانة وتشغيل الأعمال الميكانيكيـة, آبار أنبوبية"
1087482,2026-08-15T20:17:36.246630+00:00,200.00,توريد مياه صالحة للشرب للمباني السكنية والإدارية التابعة للمركز,5,"التاريخ: 25/03/1448
الموافق: 07/09/2026",07/09/2026,"التاريخ: 22/04/1448
الموافق: 04/10/2026",04/10/2026,,الرياض السليمانية مركز الامير سلطان لمعالجة أمراض وجراحة القلب مبنى 53 الطابق الثالث ادارةالمشتريات والعقود,داخل المملكة,
1087486,2026-08-15T23:34:14.588757+00:00,0.00,CHILLED WATER EXCHANGER GASKIT لمستشفى الحرس الوطني,,"التاريخ: 30/01/1448
الموافق: 15/07/2026",15/07/2026,"التاريخ: 01/02/1448
الموافق: 16/07/2026",16/07/2026,,لا يوجد,داخل المملكة,
1087489,2026-08-15T20:59:58.652923+00:00,1000.00,صيانة وتأهيل المسطحات الخضراء بنطاق بلدية المظيلف,5,"التاريخ: 12/03/1448
الموافق: 25/08/2026",25/08/2026,"التاريخ: 11/04/1448
الموافق: 23/09/2026",23/09/2026,,بلدية المظيلف,داخل المملكة,صيــانة الحدائق والمنتزهـات
1087490,2026-08-15T21:00:06.579921+00:00,1000.00,صيانة وتأهيل المرافق البلدية بنطاق بلدية المظيلف,5,"التاريخ: 12/03/1448
الموافق: 25/08/2026",25/08/2026,"التاريخ: 11/04/1448
الموافق: 23/09/2026",23/09/2026,,بلدية المظيلف,داخل المملكة,صيانة المباني
1087493,2026-08-15T22:33:31.007195+00:00,0.00,توريد .............................................................................,,"التاريخ: 04/02/1448
الموافق: 19/07/2026",19/07/2026,"التاريخ: 05/02/1448
الموافق: 20/07/2026",20/07/2026,,لا يوجد,داخل المملكة,
1087498,2026-08-15T21:40:42.002598+00:00,100.00,دعم جميع الإدارات في الوزارة بإيصال الخطابات والطرود الرسمية بين فروع الوزارة ولجميع الجهات الحكومية والأهلية داخل وخارج المملكة.,5,"التاريخ: 17/03/1448
الموافق: 30/08/2026",30/08/2026,"التاريخ: 18/04/1448
الموافق: 30/09/2026",30/09/2026,,وزارة الاستثمار,خارج المملكة,
1087509,2026-08-15T20:55:42.237873+00:00,500.00,توريد مكيف صحراوي لتجهيز ورش الإدارة لإدارة تشغيل وصيانة المنشآت العسكرية بمنطقة المدينة المنورة,5,"التاريخ: 11/02/1448
الموافق: 26/07/2026",26/07/2026,"التاريخ: 12/02/1448
الموافق: 27/07/2026",27/07/2026,,إدارة تشغيل وصيانة المنشآت العسكرية بمنطقة المدينة المنورة,داخل المملكة,
1087513,2026-08-15T23:42:36.945653+00:00,0.00,طلب تامين خزائن ملابس وبرادات مياه (90) لتر وكراسي لمركز التدريب بالحرس الوطني بالقطاع الشرقي,,"التاريخ: 29/01/1448
الموافق: 14/07/2026",14/07/2026,"التاريخ: 04/02/1448
الموافق: 19/07/2026",19/07/2026,,لا يوجد,داخل المملكة,
1087535,2026-08-15T22:17:40.432534+00:00,500.00,تأهيل قاعة الاجتماعات الرئيسية,5,"التاريخ: 22/02/1448
الموافق: 06/08/2026",06/08/2026,"التاريخ: 03/03/1448
الموافق: 16/08/2026",16/08/2026,,بلدية محافظة القريات,داخل المملكة,صيانة وتشغيل الأعمال الاكترونية
1087548,2026-08-15T20:26:07.409518+00:00,1000.00,يهدف المشروع إلى تطوير التقارير السنوية والتقارير الربعية للهيئة العامة لتنظيم الإعلام، ويشمل عرض لأبرز أعمال الهيئة وبرامجها ومشاريعها خلال العام، بما يبرز أثرها التنظيمي والتنفيذي ودورها في دعم تنمية القطاع الإعلامي ومواءمة جهوده مع مستهدفات رؤية المملكة 2030,5,"التاريخ: 20/02/1448
الموافق: 04/08/2026",04/08/2026,"التاريخ: 12/03/1448
الموافق: 25/08/2026",25/08/2026,,عبر منصة اعتماد,داخل المملكة,
1087568,2026-08-15T21:00:14.506661+00:00,500.00,صــــيانــة عبـــارات الســـــيول بمحـــافظــــة ريــــاض الخبـــــراء,5,"التاريخ: 18/02/1448
الموافق: 02/08/2026",02/08/2026,"التاريخ: 19/02/1448
الموافق: 03/08/2026",03/08/2026,,بلدية محافظة رياض الخبراء,داخل المملكة,
1087571,2026-08-15T22:05:07.624005+00:00,0.00,بشأن الحاجة لتوريد قطع الغيار الطارئة للسفن بعيدة المدى رقم (ب5301أملج/ب5302السليل/ب5311فرسان) فئة 40متر والزورق الاعتراضي رقم (ت7332) فئة 16.87 متر التابعة لقاعدة حرس الحدود الحدود الساحلية الشمالية بالبحر الأحمر وقطاع ضباء,,"التاريخ: 03/03/1448
الموافق: 16/08/2026",16/08/2026,"التاريخ: 07/03/1448
الموافق: 20/08/2026",20/08/2026,,لا يوجد,داخل المملكة,
1087574,2026-08-15T21:56:07.242685+00:00,2000.00,صيانة وتشغيل وتجهيز مقار الامارة في المشاعر المقدسة لمدة (6 أشهر) لحج عام 1448هـ  (عرفات (مقرين) – مقر مزدلفة – مقر منى – مقر لجنة متابعة أعمال الحج ),5,"التاريخ: 21/02/1448
الموافق: 05/08/2026",05/08/2026,"التاريخ: 01/08/1448
الموافق: 09/01/2027",09/01/2027,,مكة المكرمة ديوان إمارة منطقة مكة المكرمة,داخل المملكة,
1087575,2026-08-15T23:42:45.563651+00:00,0.00,تأمين قطع غيار 2 سيارات التابعة ادارة الشؤون الفنية المركزية بمنطقة نجران,,"التاريخ: 29/01/1448
الموافق: 14/07/2026",14/07/2026,"التاريخ: 30/01/1448
الموافق: 15/07/2026",15/07/2026,,لا يوجد,داخل المملكة,
1087578,2026-08-15T23:13:00.301595+00:00,0.00,قطع غيار وأعمال صيانة للآليات ومعدات تابعة لمديرية الدفاع المدني بمنطقة الرياض الإدارة الشؤون الفنية المركزية,,"التاريخ: 28/01/1448
الموافق: 13/07/2026",13/07/2026,"التاريخ: 29/01/1448
الموافق: 14/07/2026",14/07/2026,,لا يوجد,داخل المملكة,
1087580,2026-08-15T23:13:05.113626+00:00,0.00,قطع غيار وأعمال صيانة للآليات ومعدات تابعة لمديرية الدفاع المدني بمنطقة الرياض الإدارة الشؤون الفنية المركزية,,"التاريخ: 28/01/1448
الموافق: 13/07/2026",13/07/2026,"التاريخ: 29/01/1448
الموافق: 14/07/2026",14/07/2026,,لا يوجد,داخل المملكة,
1087581,2026-08-15T23:34:21.477117+00:00,0.00,توريد مواد ومستلزمات طبيه لمدينة الملك عبدالعزيز الطبية بجده,,"التاريخ: 30/01/1448
الموافق: 15/07/2026",15/07/2026,"التاريخ: 01/02/1448
الموافق: 16/07/2026",16/07/2026,,لا يوجد,داخل المملكة,
1087582,2026-08-15T23:13:10.439127+00:00,0.00,قطع غيار وأعمال صيانة للآليات ومعدات تابعة لمديرية الدفاع المدني بمنطقة الرياض الإدارة الشؤون الفنية المركزية,,"التاريخ: 28/01/1448
الموافق: 13/07/2026",13/07/2026,"التاريخ: 29/01/1448
الموافق: 14/07/2026",14/07/2026,,لا يوجد,داخل المملكة,
1087586,2026-08-15T23:13:17.536362+00:00,0.00,قطع غيار وأعمال صيانة للآليات ومعدات تابعة لمديرية الدفاع المدني بمنطقة الرياض الإدارة الشؤون الفنية المركزية,,"التاريخ: 28/01/1448
الموافق: 13/07/2026",13/07/2026,"التاريخ: 29/01/1448
الموافق: 14/07/2026",14/07/2026,,لا يوجد,داخل المملكة,
1087591,2026-08-15T21:56:15.844813+00:00,100.00,توريد صندوق قمامة لون اخضر سعة 240 لتر 12 كجم لبلدية محافظة ضباء,5,"التاريخ: 12/02/1448
الموافق: 27/07/2026",27/07/2026,"التاريخ: 13/02/1448
الموافق: 28/07/2026",28/07/2026,,بلدية ضباء,داخل المملكة,
1087601,2026-08-15T21:25:14.484863+00:00,500.00,صيانة شاملة مع قطع الغيار لمولدات الطوارئ الاحتياطية ومضخات المياه بمراكز الرعاية الصحية الأولية التابعة لمدينة الملك عبدالعزيز الطبية بجدة التابعة للشؤون الصحية بوزارة الحرس الوطني,5,"التاريخ: 22/04/1448
الموافق: 04/10/2026",04/10/2026,"التاريخ: 21/05/1448
الموافق: 01/11/2026",01/11/2026,,مدينة الملك عبدالعزيز الطبية بجدة,داخل المملكة,
1087613,2026-08-15T19:11:48.067320+00:00,0.00,أحد البنود الأساسية في المستشفى ، ولحاجة المستشفى لهذا البند تم إرفاقه ضمن منافسات الشراء المباشر .,,"التاريخ: 27/02/1448
الموافق: 11/08/2026",11/08/2026,"التاريخ: 28/02/1448
الموافق: 12/08/2026",12/08/2026,,لا يوجد,داخل المملكة,
1087615,2026-08-15T18:49:03.151764+00:00,0.00,أحد البنود الأساسية في المستشفى ، ولحاجة المستشفى لهذا البند تم إرفاقه ضمن منافسات الشراء المباشر .,,"التاريخ: 27/02/1448
الموافق: 11/08/2026",11/08/2026,"التاريخ: 28/02/1448
الموافق: 12/08/2026",12/08/2026,,لا يوجد,داخل المملكة,
1087616,2026-08-15T21:21:39.270234+00:00,300.00,إيصال التيار الكهربائي لمجمع القيادة والسيطرة والاستخبارات بقيادة حرس الحدود بمنطقة تبوك,5,"التاريخ: 28/03/1448
الموافق: 10/09/2026",10/09/2026,"التاريخ: 29/04/1448
الموافق: 11/10/2026",11/10/2026,,الإدارة العامة للمشتريات والتوريد / المديرية العامة لحرس الحدود / الرياض ، ملاحظة : تقديم أصل الضمان الابتدائي الكترونياً عبر منصة اعتماد,داخل المملكة,
1087621,2026-08-15T22:58:44.701142+00:00,0.00,توريد وتركيب خزانات علوية لقسم الادارة الهندسية والاشغال بالسليل,,"التاريخ: 11/02/1448
الموافق: 26/07/2026",26/07/2026,"التاريخ: 18/02/1448
الموافق: 02/08/2026",02/08/2026,,لا يوجد,داخل المملكة,
1087622,2026-08-15T22:05:12.757418+00:00,0.00,توريد المواد وقطع غيار كهرباء الهيئة السعودية للمياه منظومة انتاج ينبع - الساحل الغربي 60020726.,,"التاريخ: 18/03/1448
الموافق: 31/08/2026",31/08/2026,"التاريخ: 18/04/1448
الموافق: 30/09/2026",30/09/2026,,لا يوجد,داخل المملكة,
1087623,2026-08-15T22:58:50.396960+00:00,0.00,تامين قطع غيار و اصلاح اليات الدفاع المدني بمنطقة مكة المكرمة,,"التاريخ: 08/02/1448
الموافق: 23/07/2026",23/07/2026,"التاريخ: 11/02/1448
الموافق: 26/07/2026",26/07/2026,,لا يوجد,داخل المملكة,
1087634,2026-08-15T22:05:20.376877+00:00,0.00,توريد المواد وقطع غيار كهرباء الهيئة السعودية للمياه منظومة انتاج ينبع - الساحل الغربي 60020729.,,"التاريخ: 18/03/1448
الموافق: 31/08/2026",31/08/2026,"التاريخ: 18/04/1448
الموافق: 30/09/2026",30/09/2026,,لا يوجد,داخل المملكة,
1087636,2026-08-15T19:11:54.690663+00:00,0.00,تأمين و توريد العيون الصناعية ( BUILD UP PROSTHESIS ) اقسم طب العيون,,"التاريخ: 26/02/1448
الموافق: 10/08/2026",10/08/2026,"التاريخ: 27/02/1448
الموافق: 11/08/2026",11/08/2026,,لا يوجد,داخل المملكة,"صيانة المباني, المبـــاني"
1087637,2026-08-15T21:40:03.670688+00:00,300.00,ربط مبنى القيادة والسيطرة بالمحول الرئيسي للشركة السعودية للطاقة  بقيادة حرس الحدود بمنطقة مكة المكرمة.,5,"التاريخ: 13/03/1448
الموافق: 26/08/2026",26/08/2026,"التاريخ: 12/04/1448
الموافق: 24/09/2026",24/09/2026,,الإدارة العامة للمشتريات والتوريد / المديرية العامة لحرس الحدود / الرياض ، ملاحظة : تقديم أصل الضمان الابتدائي الكترونياً عبر منصة اعتماد,داخل المملكة,
1087643,2026-08-15T22:05:27.009936+00:00,0.00,"توريد المواد وقطع غيار كهرباء لمبات  LIGHT FITTING,LED الهيئة السعودية للمياه منظومة انتاج الشقيق - الساحل الغربي 60020730.",,"التاريخ: 18/03/1448
الموافق: 31/08/2026",31/08/2026,"التاريخ: 18/04/1448
الموافق: 30/09/2026",30/09/2026,,لا يوجد,داخل المملكة,
1087645,2026-08-15T22:05:34.533204+00:00,500.00,تأمين وتوريد لزوم إنارة وأحياء ومراكز وهجر تابعة لخدمات بلدية ساجر,5,"التاريخ: 03/03/1448
الموافق: 16/08/2026",16/08/2026,"التاريخ: 15/03/1448
الموافق: 28/08/2026",28/08/2026,,بلدية ساجر,داخل المملكة,صيانة وتشغيل الأعمال الكهربائية
1087647,2026-08-15T23:34:29.957121+00:00,0.00,تأمين وتوريد أقفال صلب لمديرية مكافحة المخدرات بمنطقة جازان والفروع التابعة لها,,"التاريخ: 07/02/1448
الموافق: 22/07/2026",22/07/2026,"التاريخ: 08/02/1448
الموافق: 23/07/2026",23/07/2026,,لا يوجد,داخل المملكة,
1087648,2026-08-15T22:05:42.767850+00:00,0.00,"توريد المواد وقطع غيار كهرباء لمبات  LIGHT FITTING,LED الهيئة السعودية للمياه منظومة انتاج ينبع - الساحل الغربي 60020731.",,"التاريخ: 18/03/1448
الموافق: 31/08/2026",31/08/2026,"التاريخ: 18/04/1448
الموافق: 30/09/2026",30/09/2026,,لا يوجد,داخل المملكة,
1087651,2026-08-15T19:00:37.422038+00:00,0.00,"توريد المواد وقطع غيار كهرباء TRANSDUCER,ELECTRIC الهيئة السعودية للمياه منظومة انتاج الشعيبة - الساحل الغربي 60020732.",,"التاريخ: 18/03/1448
الموافق: 31/08/2026",31/08/2026,"التاريخ: 18/04/1448
الموافق: 30/09/2026",30/09/2026,,لا يوجد,داخل المملكة,
1087652,2026-08-15T20:10:06.459958+00:00,0.00,"توريد المواد وقطع غيار كهرباء MOTOR,ELECTRIC,AC,SQUIRREL CAGE الهيئة السعودية للمياه منظومة انتاج الشعيبة - الساحل الغربي 60020733.",,"التاريخ: 18/03/1448
الموافق: 31/08/2026",31/08/2026,"التاريخ: 18/04/1448
الموافق: 30/09/2026",30/09/2026,,لا يوجد,داخل المملكة,
1087657,2026-08-15T18:45:20.404006+00:00,0.00,سداد الرسوم المستحقة لهيئة الزكاة والضريبة والجمارك لجمرك ميناء جده الأسلامي لانهاء اجراءات الفسح والتصريح وطلب التحضير والمعاينة لعدد 14 معده تابعه لفرع وزارة النقل والخدمات اللوجستية بمنطقة مكة المكرمة,,"التاريخ: 28/01/1448
الموافق: 13/07/2026",13/07/2026,"التاريخ: 29/01/1448
الموافق: 14/07/2026",14/07/2026,,لا يوجد,داخل المملكة,
1087669,2026-08-15T22:54:22.035011+00:00,0.00,توريد قطع غيار لسفن جلالة الملك لمركز التموين البحري بالاسطول الشرقي,,"التاريخ: 29/01/1448
الموافق: 14/07/2026",14/07/2026,"التاريخ: 30/01/1448
الموافق: 15/07/2026",15/07/2026,,لا يوجد,داخل المملكة,
1087671,2026-08-15T21:28:52.645335+00:00,500.00,إزالة وتوريد وتركيب أحواض غسيل وتعقيم الجراحين بمستشفى الملك عبد العزيز بالأحساء التابع للشؤون الصحية بوزارة الحرس الوطني,5,"التاريخ: 22/04/1448
الموافق: 04/10/2026",04/10/2026,"التاريخ: 21/05/1448
الموافق: 01/11/2026",01/11/2026,,إدارة العقود بمستشفى الملك عبدالعزيز بالأحساء,داخل المملكة,
1087672,2026-08-15T19:17:51.377313+00:00,500.00,تهدف المنافسة لتوفير رخص الخوادم ومدة الدعم الفني والصيانة لمدة 3 سنوات لنظام تحليل البيانات (التابلو) وتوفير رخص المستخدمين المطورين للنظام (55 رخصة) رخص جديدة للبرنامج لخدمة الشؤون بوزارة الحرس الوطني,5,"التاريخ: 02/04/1448
الموافق: 14/09/2026",14/09/2026,"التاريخ: 01/05/1448
الموافق: 12/10/2026",12/10/2026,,ادارة المشتريات - المبنى الاداري- بوابة رقم 1,داخل المملكة,
1087673,2026-08-15T22:26:50.685192+00:00,0.00,توريد وتركيب مانع صواعق لفرع الإدارة الهندسية والأشغال بالجنوبية,,"التاريخ: 13/02/1448
الموافق: 28/07/2026",28/07/2026,"التاريخ: 19/02/1448
الموافق: 03/08/2026",03/08/2026,,لا يوجد,داخل المملكة,
1087680,2026-08-15T20:55:49.075610+00:00,300.00,تجهيزات وحدة الابحاث الطبية بمركز البحوث,5,"التاريخ: 07/03/1448
الموافق: 20/08/2026",20/08/2026,"التاريخ: 15/03/1448
الموافق: 28/08/2026",28/08/2026,,جامعة جازان البرج الاداري الدور الاول,داخل المملكة,
1087684,2026-08-15T23:08:52.039107+00:00,0.00,تامين متطلبات الامن والسلامة بمجمع ارادة والصحة النفسية بالرياض,,"التاريخ: 06/02/1448
الموافق: 21/07/2026",21/07/2026,"التاريخ: 15/02/1448
الموافق: 30/07/2026",30/07/2026,,لا يوجد,داخل المملكة,
1087702,2026-08-15T20:26:13.373913+00:00,200.00,احتياج عمادة تقنية المعلومات والتعليم الالكتروني لتامين رخص نظام ( الكشف والاستجابة لنقاط النهاية ) EDR,5,"التاريخ: 26/02/1448
الموافق: 10/08/2026",10/08/2026,"التاريخ: 25/03/1448
الموافق: 07/09/2026",07/09/2026,,الكترونيا,داخل المملكة,
1087709,2026-08-15T19:54:03.144691+00:00,10000.00,الصيانة الطارئة لمصدات درء أخطار السيول ( بلدية وادي جازان ),5,"التاريخ: 28/02/1448
الموافق: 12/08/2026",12/08/2026,"التاريخ: 05/03/1448
الموافق: 18/08/2026",18/08/2026,,لجنة فتح العروض ببلدية محافظة ابوعريش,داخل المملكة,
1087712,2026-08-15T21:00:21.582842+00:00,500.00,عملية الأسوار الشبكية للمواقع المؤقتة للأمن العام بمنطقة مكة المكرمة لمهمة الحج,5,"التاريخ: 25/02/1448
الموافق: 09/08/2026",09/08/2026,"التاريخ: 26/02/1448
الموافق: 10/08/2026",10/08/2026,,الإدارة العامة للمشتريات والعقود,داخل المملكة,
1087719,2026-08-15T23:34:35.410195+00:00,0.00,تأمين مياه شرب عدد (2000) كرتون سعة 200 مل,,"التاريخ: 07/02/1448
الموافق: 22/07/2026",22/07/2026,"التاريخ: 08/02/1448
الموافق: 23/07/2026",23/07/2026,,لا يوجد,داخل المملكة,
1087721,2026-08-15T22:58:56.961486+00:00,0.00,تامين قطع غيار و اصلاح اليات الدفاع المدني بمنطقة مكة المكرمة,,"التاريخ: 08/02/1448
الموافق: 23/07/2026",23/07/2026,"التاريخ: 11/02/1448
الموافق: 26/07/2026",26/07/2026,,لا يوجد,داخل المملكة,
1087723,2026-08-15T18:49:10.768477+00:00,200.00,دعم الأقسام الطبية والإدارية، تحسين جودة التوثيق الطبي، ضمان استمرارية الخدمات، رفع الإنتاجية، وتمكين الممارسين الصحيين من التركيز على تقديم الرعاية الصحية,5,"التاريخ: 18/04/1448
الموافق: 30/09/2026",30/09/2026,"التاريخ: 24/09/1448
الموافق: 02/03/2027",02/03/2027,,الحرم الشرقي  المدينة الجامعية  مبنى D1  الدور الأرضي  الإدارة العامة للمشتريات والمناقصات  قسم المناقصات,داخل المملكة,صيانة وتشغيل تقنية الاتصالات
1087728,2026-08-15T19:21:01.291235+00:00,500.00,عملية تشغيل وصيانة ونقل وربط المولدات الكهربائية الاحتياطية وأبراج الإنارة وملحقاتها بالمواقع التابعة للأمن العام بمنطقة مكة المكرمة لمهمة الحج 1448هـ,5,"التاريخ: 18/02/1448
الموافق: 02/08/2026",02/08/2026,"التاريخ: 19/02/1448
الموافق: 03/08/2026",03/08/2026,,الإدارة العامة للمشتريات والعقود,داخل المملكة,صيانة وتشغيل الأعمال الكهربائية
1087732,2026-08-15T23:04:16.934365+00:00,0.00,تأمين مبيدات عضوية للمركز الوطني للزراعة العضوية بالقصيم,,"التاريخ: 14/02/1448
الموافق: 29/07/2026",29/07/2026,"التاريخ: 06/03/1448
الموافق: 19/08/2026",19/08/2026,,لا يوجد,داخل المملكة,
1087734,2026-08-15T23:34:42.220085+00:00,0.00,طلب توريد وتركيب إطارات وبطاريات لمركبات وكالة الشؤون الفنية,,"التاريخ: 07/02/1448
الموافق: 22/07/2026",22/07/2026,"التاريخ: 08/02/1448
الموافق: 23/07/2026",23/07/2026,,لا يوجد,داخل المملكة,
1087740,2026-08-15T22:42:16.630230+00:00,0.00,تأمين مستلزمات وأجهزة طبية وقطع غيار لمركز الأمير سلطان لمعالجة أمراض وجراحة القلب,,"التاريخ: 07/02/1448
الموافق: 22/07/2026",22/07/2026,"التاريخ: 08/02/1448
الموافق: 23/07/2026",23/07/2026,,لا يوجد,داخل المملكة,
1087742,2026-08-15T21:56:21.329785+00:00,200.00,تجديد رخص الاختبارات الالكتروني لنظام SARAS,5,"التاريخ: 18/02/1448
الموافق: 02/08/2026",02/08/2026,"التاريخ: 22/02/1448
الموافق: 06/08/2026",06/08/2026,,عبر منصة اعتماد,داخل المملكة,
1087745,2026-08-15T21:25:20.087344+00:00,500.00,الاشتراك في منصة تتيح لنا سحب البيانات لاعداد التقارير المطلوبة فيما يخص المركبات الكهربائية.,5,"التاريخ: 21/02/1448
الموافق: 05/08/2026",05/08/2026,"التاريخ: 07/03/1448
الموافق: 20/08/2026",20/08/2026,,الرياض حي النخيل البوابة الرقميه مبني IT02,داخل المملكة,
1087746,2026-08-15T23:24:41.498291+00:00,0.00,توريد وتركيب عدد (3) غرف جاهز ( برتبل) لزوم سرية طيران الحرس الوطني المختلطة بالمنطقة الشمالية,,"التاريخ: 11/02/1448
الموافق: 26/07/2026",26/07/2026,"التاريخ: 15/02/1448
الموافق: 30/07/2026",30/07/2026,,لا يوجد,داخل المملكة,
1087748,2026-08-15T23:34:48.499971+00:00,0.00,طلب قطع غيار للعربة المصفحة من نوع مرسيدس,,"التاريخ: 04/02/1448
الموافق: 19/07/2026",19/07/2026,"التاريخ: 05/02/1448
الموافق: 20/07/2026",20/07/2026,,لا يوجد,داخل المملكة,"صيانة وتشغيل الأعمال الصناعية, صيانة وتشغيل الأعمال الميكانيكيـة, الأعمال الميكانيكية, الأعمال الصنــاعية"
1087749,2026-08-15T21:08:19.615331+00:00,0.00,توريد و تركيب كاميرات لحاجة إدارة الاتصالات و تقنية المعلومات,,"التاريخ: 28/02/1448
الموافق: 12/08/2026",12/08/2026,"التاريخ: 04/03/1448
الموافق: 17/08/2026",17/08/2026,,لا يوجد,داخل المملكة,
1087750,2026-08-15T21:30:01.460024+00:00,0.00,تأمين مستلزمات ورش الخياطة بسجون المناطق لعام 1447هـ ( 26/5 ),,"التاريخ: 11/02/1448
الموافق: 26/07/2026",26/07/2026,"التاريخ: 18/02/1448
الموافق: 02/08/2026",02/08/2026,,لا يوجد,داخل المملكة,
1087751,2026-08-15T22:39:43.644744+00:00,0.00,صيانة المرافق العامة للبلدية واستبدال التالف منها,,"التاريخ: 07/02/1448
الموافق: 22/07/2026",22/07/2026,"التاريخ: 08/02/1448
الموافق: 23/07/2026",23/07/2026,,لا يوجد,داخل المملكة,
1087752,2026-08-15T19:21:09.875661+00:00,500.00,مشروع تأمين الاحتياج السنوي من الأدوات العلمية والمستهلكات لمعامل كلية الهندسة – كلية التصاميم والفنون – مطابخ الكلية التطبيقية في جامعة الأميرة نورة بنت عبد الرحمن، وفقاً لمعايير الجودة المعتمدة في جامعة الأميرة نورة بنت عبدالرحمن ووفقاً للشروط والمواصفات المطلوبة والواردة بهذه الكراسة.,5,"التاريخ: 30/05/1448
الموافق: 10/11/2026",10/11/2026,"التاريخ: 29/06/1448
الموافق: 09/12/2026",09/12/2026,,لجنة فتح المظاريف,داخل المملكة,
1087760,2026-08-15T19:45:41.801540+00:00,1000.00,مشروع تهيئة وتجهيز وتطوير معهد السجون بمنطقة الرياض ( 48/26/71 ),5,"التاريخ: 06/03/1448
الموافق: 19/08/2026",19/08/2026,"التاريخ: 18/03/1448
الموافق: 31/08/2026",31/08/2026,,المديريه العامه للسجون طريق الدمام ادارة المنافسات,داخل المملكة,
1087761,2026-08-15T20:21:52.914408+00:00,300.00,تنفيذ أعمال صيانة وقائية وتصحيحية لأنظمة وضواغط المبردات الزيتية والميكانيكية المركزية بمباني المديرية العامة لحرس الحدود بالبرشاعة,5,"التاريخ: 13/02/1448
الموافق: 28/07/2026",28/07/2026,"التاريخ: 12/03/1448
الموافق: 25/08/2026",25/08/2026,,الإدارة العامة للمشتريات والتوريد / المديرية العامة لحرس الحدود / الرياض ، ملاحظة : تقديم أصل الضمان الابتدائي الكترونياً عبر منصة اعتماد,داخل المملكة,
1087765,2026-08-15T21:11:05.172585+00:00,0.00,توريد قطع غيار كهربائية لمنظومة انتاج راس الخير 60020745 الساحل الشرقي,,"التاريخ: 22/02/1448
الموافق: 06/08/2026",06/08/2026,"التاريخ: 25/03/1448
الموافق: 07/09/2026",07/09/2026,,لا يوجد,داخل المملكة,
1087767,2026-08-15T20:14:57.512025+00:00,300.00,إعادة تهيئة الأرضيات الخارجية في منطقة الإسكان (المرحلة الأولى),5,"التاريخ: 03/03/1448
الموافق: 16/08/2026",16/08/2026,"التاريخ: 04/03/1448
الموافق: 17/08/2026",17/08/2026,,الكترونيا عبر منصة اعتماد,داخل المملكة,
1087768,2026-08-15T20:15:03.852248+00:00,300.00,مشروع رفع وتصميم أنظمة الأمن والسلامة ومتطلبات الدفاع المدني للمباني التعليمية بمنطقة الاسكان,5,"التاريخ: 03/03/1448
الموافق: 16/08/2026",16/08/2026,"التاريخ: 04/03/1448
الموافق: 17/08/2026",17/08/2026,,الكترونيا عبر منصة اعتماد,داخل المملكة,
1087770,2026-08-15T21:56:28.046706+00:00,0.00,توريد مواد كيميائية (غازات) لمنظومة انتاج الجبيل 60020746 الساحل الشرقي,,"التاريخ: 22/02/1448
الموافق: 06/08/2026",06/08/2026,"التاريخ: 26/03/1448
الموافق: 08/09/2026",08/09/2026,,لا يوجد,داخل المملكة,
1087773,2026-08-15T20:15:12.268601+00:00,300.00,إعادة تهيئة مركز البيانات (المرحلة الأولى),5,"التاريخ: 10/03/1448
الموافق: 23/08/2026",23/08/2026,"التاريخ: 11/03/1448
الموافق: 24/08/2026",24/08/2026,,الكترونيا عبر منصة اعتماد,داخل المملكة,
1087774,2026-08-15T19:10:46.897910+00:00,0.00,توريد قطع غيار لمنظومة انتاج راس الخير 60020747 الساحل الشرقي,,"التاريخ: 22/02/1448
الموافق: 06/08/2026",06/08/2026,"التاريخ: 25/03/1448
الموافق: 07/09/2026",07/09/2026,,لا يوجد,داخل المملكة,
1087775,2026-08-15T21:56:36.164697+00:00,0.00,توريد قطع غيار تكييف لمنظومة انتاج الجبيل 60020742 الساحل الشرقي,5,"التاريخ: 29/02/1448
الموافق: 13/08/2026",13/08/2026,"التاريخ: 28/03/1448
الموافق: 10/09/2026",10/09/2026,,المؤسسسة العامة لتحلية المياه المالحة الرياض  المركز الرئيسي إدارة المشتريات الدور الرابع مكتب 18   الدور الرابع مكتب 18  يمكنكم تقديم صورة منه في منصة اعتماد,داخل المملكة,
1087777,2026-08-15T22:05:51.962325+00:00,0.00,توريد قطع غيار لمنظومة انتاج راس الخير 60020744 الساحل الشرقي,,"التاريخ: 22/02/1448
الموافق: 06/08/2026",06/08/2026,"التاريخ: 24/03/1448
الموافق: 06/09/2026",06/09/2026,,لا يوجد,داخل المملكة,
1087779,2026-08-15T21:56:42.064172+00:00,0.00,توريد قطع غيار كرين لمنظومة انتاج رأس الخير 60020743 الساحل الشرقي,5,"التاريخ: 29/02/1448
الموافق: 13/08/2026",13/08/2026,"التاريخ: 28/03/1448
الموافق: 10/09/2026",10/09/2026,,المؤسسسة العامة لتحلية المياه المالحة الرياض  المركز الرئيسي إدارة المشتريات الدور الرابع مكتب 18   الدور الرابع مكتب 18  يمكنكم تقديم صورة منه في منصة اعتماد,داخل المملكة,
1087780,2026-08-15T22:47:09.395285+00:00,0.00,توريد وتركيب سارية علم خارجية للمديرية العامة لحرس الحدود,,"التاريخ: 05/02/1448
الموافق: 20/07/2026",20/07/2026,"التاريخ: 06/02/1448
الموافق: 21/07/2026",21/07/2026,,لا يوجد,داخل المملكة,
1087783,2026-08-15T21:15:20.196801+00:00,100.00,تسعى إدارة الإخلاء الطبي الجوي للتعاقد مع الشركات المختصة لصيانة أجهزتها الطبية وتوريد قطع غيار,5,"التاريخ: 29/02/1448
الموافق: 13/08/2026",13/08/2026,"التاريخ: 17/03/1448
الموافق: 30/08/2026",30/08/2026,,الكترونياً,داخل المملكة,
1087821,2026-08-15T21:46:29.516495+00:00,0.00,تامين قطع غيار و اصلاح اليات الدفاع المدني بمنطقة مكة المكرمة,,"التاريخ: 12/02/1448
الموافق: 27/07/2026",27/07/2026,"التاريخ: 13/02/1448
الموافق: 28/07/2026",28/07/2026,,لا يوجد,داخل المملكة,
1087822,2026-08-15T21:46:38.848034+00:00,0.00,تامين قطع غيار و اصلاح اليات الدفاع المدني بمنطقة مكة المكرمة,,"التاريخ: 12/02/1448
الموافق: 27/07/2026",27/07/2026,"التاريخ: 13/02/1448
الموافق: 28/07/2026",28/07/2026,,لا يوجد,داخل المملكة,
1087826,2026-08-15T21:56:47.983661+00:00,0.00,تامين فلات اليات لزوم مستودع شعبة الصيانة بادارة لدفاع المدني بمنطقة مكة المكرمة,,"التاريخ: 12/02/1448
الموافق: 27/07/2026",27/07/2026,"التاريخ: 13/02/1448
الموافق: 28/07/2026",28/07/2026,,لا يوجد,داخل المملكة,
1087827,2026-08-15T19:12:00.349299+00:00,0.00,تامين قطع غيار و اصلاح سفاتي للاليات التابعة للدفاع المدني بمنطقة مكة المكرمة,,"التاريخ: 04/03/1448
الموافق: 17/08/2026",17/08/2026,"التاريخ: 05/03/1448
الموافق: 18/08/2026",18/08/2026,,لا يوجد,داخل المملكة,
1087828,2026-08-15T19:08:53.982132+00:00,500.00,منافسة توريد وتركيب وفحص واختبار وتشغيل لوحة كهربائية جديدة لوحدة التكييف الجديد بمبني الطواري لمستشفى الإمام عبدالرحمن بن فيصل بالدمام التابع للشؤون الصحية بوزارة الحرس الوطني,5,"التاريخ: 23/05/1448
الموافق: 03/11/2026",03/11/2026,"التاريخ: 24/07/1448
الموافق: 02/01/2027",02/01/2027,,إدارة العقود بمستشفى الملك عبدالعزيز بالأحساء,داخل المملكة,
1087829,2026-08-15T19:12:05.871031+00:00,0.00,تامين قطع غيار و اصلاح سفاتي للاليات التابعة للدفاع المدني بمنطقة مكة المكرمة,,"التاريخ: 04/03/1448
الموافق: 17/08/2026",17/08/2026,"التاريخ: 05/03/1448
الموافق: 18/08/2026",18/08/2026,,لا يوجد,داخل المملكة,
1087831,2026-08-15T18:35:19.827533+00:00,0.00,تامين قطع غيار الاليات لزوم ورشة الدفاع المدني بمنطقة مكة المكرمة,,"التاريخ: 04/03/1448
الموافق: 17/08/2026",17/08/2026,"التاريخ: 05/03/1448
الموافق: 18/08/2026",18/08/2026,,لا يوجد,داخل المملكة,
1087836,2026-08-15T23:04:22.694119+00:00,0.00,تأمين زيوت وشحوم لسيارات المركز الوطني للزراعة العضوية بالقصيم,,"التاريخ: 08/02/1448
الموافق: 23/07/2026",23/07/2026,"التاريخ: 15/02/1448
الموافق: 30/07/2026",30/07/2026,,لا يوجد,داخل المملكة,
1087838,2026-08-15T23:04:29.973898+00:00,0.00,تأمين قطع غيار استهلاكية لسيارات المركز الوطني للزراعة العضوية بالقصيم,,"التاريخ: 08/02/1448
الموافق: 23/07/2026",23/07/2026,"التاريخ: 22/02/1448
الموافق: 06/08/2026",06/08/2026,,لا يوجد,داخل المملكة,
1087852,2026-08-15T22:47:17.772248+00:00,0.00,60020748 - توريد قطع غيار صناعية لمنظومة انتاج الجبيل بالساحل الشرقي,,"التاريخ: 15/10/1448
الموافق: 23/03/2027",23/03/2027,"التاريخ: 20/11/1448
الموافق: 26/04/2027",26/04/2027,,لا يوجد,داخل المملكة,
1087854,2026-08-15T22:47:23.750726+00:00,0.00,60020749 - توريد قطع غيار ميكانيكية بيرنق لمنظومة انتاج الجبيل بالساحل الشرقي,,"التاريخ: 15/10/1448
الموافق: 23/03/2027",23/03/2027,"التاريخ: 22/11/1448
الموافق: 28/04/2027",28/04/2027,,لا يوجد,داخل المملكة,
1087858,2026-08-15T22:47:28.961728+00:00,0.00,60020750 - توريد قطع غيار ميكانيكية لمنظومة انتاج الخبر بالساحل الشرقي,,"التاريخ: 22/10/1448
الموافق: 30/03/2027",30/03/2027,"التاريخ: 21/11/1448
الموافق: 27/04/2027",27/04/2027,,لا يوجد,داخل المملكة,
1087864,2026-08-15T23:38:35.757833+00:00,0.00,تغيير كمبروسر مبردات المياة مع كامل مايلزم لتركيبة لاقسام التنويم الطبي بمستشفى الهدا العسكري بالطائف,,"التاريخ: 30/01/1448
الموافق: 15/07/2026",15/07/2026,"التاريخ: 01/02/1448
الموافق: 16/07/2026",16/07/2026,,لا يوجد,داخل المملكة,
1087870,2026-08-15T23:09:00.121088+00:00,0.00,لسد احتياج مدينة الامير سلطان الطبية العسكرية,,"التاريخ: 08/02/1448
الموافق: 23/07/2026",23/07/2026,"التاريخ: 09/02/1448
الموافق: 24/07/2026",24/07/2026,,لا يوجد,داخل المملكة,
1087871,2026-08-15T23:09:07.101193+00:00,0.00,لسد احتياج مدينة الامير سلطان الطبية العسكريه,,"التاريخ: 08/02/1448
الموافق: 23/07/2026",23/07/2026,"التاريخ: 11/02/1448
الموافق: 26/07/2026",26/07/2026,,لا يوجد,داخل المملكة,
1087890,2026-08-15T21:25:27.690848+00:00,200.00,توريد كابلات كهرباء لادارة التشغيل والصيانة بجازان,5,"التاريخ: 22/04/1448
الموافق: 04/10/2026",04/10/2026,"التاريخ: 23/04/1448
الموافق: 05/10/2026",05/10/2026,,قسم المشتريات إدارة التشغيل والصيانة,داخل المملكة,
1087895,2026-08-15T23:24:47.568315+00:00,0.00,تامين وتركيب اقفال مغناطيسيه لابواب الطوارئ مستشفى اراده والصحه النفسيه بالخرج,,"التاريخ: 21/02/1448
الموافق: 05/08/2026",05/08/2026,"التاريخ: 25/02/1448
الموافق: 09/08/2026",09/08/2026,,لا يوجد,داخل المملكة,
1087899,2026-08-15T22:17:47.187065+00:00,0.00,توريد تأمين نادوس عيار 12.7 ملم  للمسودة 260429,,"التاريخ: 06/02/1448
الموافق: 21/07/2026",21/07/2026,"التاريخ: 07/02/1448
الموافق: 22/07/2026",22/07/2026,,لا يوجد,داخل المملكة,
1087904,2026-08-15T22:47:36.425510+00:00,0.00,توريد.....................................................,,"التاريخ: 05/02/1448
الموافق: 20/07/2026",20/07/2026,"التاريخ: 06/02/1448
الموافق: 21/07/2026",21/07/2026,,لا يوجد,داخل المملكة,
1087908,2026-08-15T21:53:21.920172+00:00,200.00,يقوم المتعاقد بموجب هذا العقد بتنفيذ أعمال عملية توريد وتركيب كاميرات امنية للجوامع في منطقة مكة المكرمة وفقًا للشروط والمواصفات ووثائق العقد.,5,"التاريخ: 01/04/1448
الموافق: 13/09/2026",13/09/2026,"التاريخ: 01/05/1448
الموافق: 12/10/2026",12/10/2026,,الرياض طريق الملك فهد,داخل المملكة,
1087911,2026-08-15T20:13:49.330345+00:00,500.00,توريد مواد إمدادات الغازات الطبية لمدة سنة (1) عند الطلب لمدينة الملك عبدالعزيز الطبية بجده التابعة للشؤون الصحية بوزارة الحرس الوطني,5,"التاريخ: 18/05/1448
الموافق: 29/10/2026",29/10/2026,"التاريخ: 20/06/1448
الموافق: 30/11/2026",30/11/2026,,مدينة الملك عبدالعزيز الطبية بجدة,داخل المملكة,
1087914,2026-08-15T21:46:45.736576+00:00,500.00,صيانة وإعادة تأهيل الشوارع المتهالكة والمهترئة بأحياء ساجر,5,"التاريخ: 28/02/1448
الموافق: 12/08/2026",12/08/2026,"التاريخ: 29/02/1448
الموافق: 13/08/2026",13/08/2026,,بلدية ساجر,داخل المملكة,
1087916,2026-08-15T21:56:53.392940+00:00,0.00,تأمين وتوريد أسمنت لبلدية محافظة الوجه  تأمين وتوريد أسمنت لبلدية محافظة الوجه,5,"التاريخ: 12/02/1448
الموافق: 27/07/2026",27/07/2026,"التاريخ: 14/02/1448
الموافق: 29/07/2026",29/07/2026,,محافظة الوجة,داخل المملكة,
1087917,2026-08-15T21:57:01.431166+00:00,0.00,تأمين وتوريد أدوات كهرباء لبلدية محافظة الوجه  تأمين وتوريد أدوات كهرباء لبلدية محافظة الوجه,5,"التاريخ: 12/02/1448
الموافق: 27/07/2026",27/07/2026,"التاريخ: 14/02/1448
الموافق: 29/07/2026",29/07/2026,,محافظة الوجة,داخل المملكة,
1087918,2026-08-15T19:30:48.604955+00:00,0.00,توريد صمامات لمنظومة إنتاج ينبع 60020740,5,"التاريخ: 18/02/1448
الموافق: 02/08/2026",02/08/2026,"التاريخ: 04/03/1448
الموافق: 17/08/2026",17/08/2026,,المؤسسة العامة لتحلية المياه المالحة – الرياض – العليا – طريق الملك فهد الدور الرابع لجنة فتح المظاريف,داخل المملكة,
1087919,2026-08-15T21:57:07.805075+00:00,0.00,تأمين وتوريد زيوت لبلدية محافظة الوجه  تأمين وتوريد زيوت لبلدية محافظة الوجه,5,"التاريخ: 12/02/1448
الموافق: 27/07/2026",27/07/2026,"التاريخ: 15/02/1448
الموافق: 30/07/2026",30/07/2026,,محافظة الوجة,داخل المملكة,
1087920,2026-08-15T19:00:46.062476+00:00,0.00,قطع غيار لصمام لمنظومة إنتاج ينبع 60020741,5,"التاريخ: 18/02/1448
الموافق: 02/08/2026",02/08/2026,"التاريخ: 04/03/1448
الموافق: 17/08/2026",17/08/2026,,المؤسسة العامة لتحلية المياه المالحة – الرياض – العليا – طريق الملك فهد الدور الرابع لجنة فتح المظاريف,داخل المملكة,
1087921,2026-08-15T21:57:16.606181+00:00,0.00,تأمين وتوريد أدوات نظافة لبلدية الوجه  تأمين وتوريد أدوات نظافة لبلدية الوجه,5,"التاريخ: 12/02/1448
الموافق: 27/07/2026",27/07/2026,"التاريخ: 14/02/1448
الموافق: 29/07/2026",29/07/2026,,محافظة الوجة,داخل المملكة,
1087922,2026-08-15T20:37:48.317162+00:00,0.00,قطع غيار مضخات لمنظومة إنتاج ينبع 60020548,,"التاريخ: 18/02/1448
الموافق: 02/08/2026",02/08/2026,"التاريخ: 04/03/1448
الموافق: 17/08/2026",17/08/2026,,لا يوجد,داخل المملكة,
1087923,2026-08-15T20:17:42.180894+00:00,300.00,توريد وتشغيل أجهزة معمل التصنيع المتقدم ( الفاب لاب),5,"التاريخ: 29/02/1448
الموافق: 13/08/2026",13/08/2026,"التاريخ: 07/03/1448
الموافق: 20/08/2026",20/08/2026,,جامعة جازان البرج الاداري الدور الاول,داخل المملكة,
1087927,2026-08-15T22:47:43.713615+00:00,0.00,منافسة MK26620109 توريد وتركيب قطع غيار اليات,,"التاريخ: 05/02/1448
الموافق: 20/07/2026",20/07/2026,"التاريخ: 06/02/1448
الموافق: 21/07/2026",21/07/2026,,لا يوجد,داخل المملكة,
1087928,2026-08-15T22:47:49.075386+00:00,0.00,حاجة البلدية لاقامة فعاليات اليوم الوطني 96 للمملكة العربية السعودية,,"التاريخ: 19/02/1448
الموافق: 03/08/2026",03/08/2026,"التاريخ: 11/04/1448
الموافق: 23/09/2026",23/09/2026,,لا يوجد,داخل المملكة,
1087929,2026-08-15T18:35:26.332348+00:00,500.00,يهدف المركز من خلال هذا المشروع إلى تحديث شبكة البيانات اللاسلكية في مبنى رقم 6 ومبنى رقم 12.,5,"التاريخ: 01/04/1448
الموافق: 13/09/2026",13/09/2026,"التاريخ: 08/04/1448
الموافق: 20/09/2026",20/09/2026,,الرياض السليمانية مركز الامير سلطان لمعالجة أمراض وجراحة القلب مبنى 53 الطابق الثالث ادارةالمشتريات والعقود,داخل المملكة,
1087934,2026-08-15T19:45:48.872555+00:00,500.00,( تشغيل وصيانة مراكز خدمات مشعر مزدلفة ),5,"التاريخ: 26/03/1448
الموافق: 08/09/2026",08/09/2026,"التاريخ: 25/04/1448
الموافق: 07/10/2026",07/10/2026,,لجنة فتح العروض,داخل المملكة,صيانة المباني
1087935,2026-08-15T21:53:29.384874+00:00,200.00,يقوم المتعاقد بموجب هذا العقد بتنفيذ أعمال عملية توريد وتركيب كاميرات امنية لمبنى الفرع والمباني التابعة له بالمدينة المنورة ومبنى إدارة محافظة ينبع ومبنى ادارة الصويدرة وفقًا للشروط والمواصفات ووثائق العقد.,5,"التاريخ: 14/05/1448
الموافق: 25/10/2026",25/10/2026,"التاريخ: 14/06/1448
الموافق: 24/11/2026",24/11/2026,,الرياض طريق الملك فهد,داخل المملكة,
1087939,2026-08-15T21:15:26.431578+00:00,500.00,مشروع مشاركة امانة منطقة الحدود الشمالية في معرض ومنتدى مشروعات السعودية لمستقبل المدن,5,"التاريخ: 14/02/1448
الموافق: 29/07/2026",29/07/2026,"التاريخ: 25/02/1448
الموافق: 09/08/2026",09/08/2026,,امانة منطقة الحدود الشمالية,داخل المملكة,
1087941,2026-08-15T22:17:54.304086+00:00,0.00,صيانة ...........................................,,"التاريخ: 05/02/1448
الموافق: 20/07/2026",20/07/2026,"التاريخ: 06/02/1448
الموافق: 21/07/2026",21/07/2026,,لا يوجد,داخل المملكة,
1087946,2026-08-15T19:19:08.699375+00:00,0.00,توريد وتركيب رافعة علوية داخلية 5 طن,,"التاريخ: 25/02/1448
الموافق: 09/08/2026",09/08/2026,"التاريخ: 10/03/1448
الموافق: 23/08/2026",23/08/2026,,لا يوجد,داخل المملكة,الأعمال الميكانيكية
1087948,2026-08-15T22:47:55.851669+00:00,0.00,"CONSULTANT STUDIES FOR ELECTRICAL EQUIPMENTS ( SWITCH GEAR, ELVETOR,
GENERATOR. ELECTRICALPANELS FOR HOSPITAL AREAS)",,"التاريخ: 14/02/1448
الموافق: 29/07/2026",29/07/2026,"التاريخ: 15/02/1448
الموافق: 30/07/2026",30/07/2026,,لا يوجد,داخل المملكة,
1087950,2026-08-15T19:29:02.545126+00:00,1000.00,تأهيل طريق الملك عبدالعزيز بالأسياح,5,"التاريخ: 29/02/1448
الموافق: 13/08/2026",13/08/2026,"التاريخ: 10/03/1448
الموافق: 23/08/2026",23/08/2026,,بلدية الأسياح,داخل المملكة,صيانة الطرق
1087954,2026-08-15T20:26:21.850498+00:00,500.00,عملية ترميم ومعالجة مظلة فرز السيارات لحجز الليث في العاصمة المقدسة,5,"التاريخ: 19/02/1448
الموافق: 03/08/2026",03/08/2026,"التاريخ: 20/02/1448
الموافق: 04/08/2026",04/08/2026,,الإدارة العامة للمشتريات والعقود,داخل المملكة,
1087958,2026-08-15T20:15:18.513279+00:00,500.00,عملية إضافة خزان ارضي لمركز الضبط الأمني بسبوحة بالعاصمة المقدسة,5,"التاريخ: 25/02/1448
الموافق: 09/08/2026",09/08/2026,"التاريخ: 26/02/1448
الموافق: 10/08/2026",10/08/2026,,الإدارة العامة للمشتريات والعقود,داخل المملكة,
1087960,2026-08-15T20:15:26.668681+00:00,500.00,عملية إصلاح البورتبلات المسحوبة وإيصال الخدمات لها بمختلف مواقع القوات الأمنية المشاركة بمهمة حج عام 1448هــ,5,"التاريخ: 21/02/1448
الموافق: 05/08/2026",05/08/2026,"التاريخ: 22/02/1448
الموافق: 06/08/2026",06/08/2026,,الإدارة العامة للمشتريات والعقود,داخل المملكة,
1087963,2026-08-15T21:57:23.371115+00:00,0.00,بشأن صيانة المولد الكهربائي الاحتياطي نوع (كاتربلر 350 كيلو واط 12 سلندر موديل 3412) بقيادة قطاع حرس الحدود بالوجه,,"التاريخ: 04/03/1448
الموافق: 17/08/2026",17/08/2026,"التاريخ: 07/03/1448
الموافق: 20/08/2026",20/08/2026,,لا يوجد,داخل المملكة,
1087978,2026-08-15T22:18:01.035922+00:00,0.00,إقامة نشاط رياضي و ثقافية و ألعاب الكترونية (نسائية) لحاجة إدارة العلاقات العامة و التوجيه المعنوي .,,"التاريخ: 27/02/1448
الموافق: 11/08/2026",11/08/2026,"التاريخ: 29/02/1448
الموافق: 13/08/2026",13/08/2026,,لا يوجد,داخل المملكة,
1087979,2026-08-15T21:43:20.445703+00:00,0.00,صيانة طارئة إسعاف  فان G M Cالنقل الاسعافي  للمرضى لوحة ب ك و  5607موديل 2011 رقم الهيكل 1GTZ8CG1C118434 بمستشفى وادي الدواسر العام,,"التاريخ: 28/01/1448
الموافق: 13/07/2026",13/07/2026,"التاريخ: 29/01/1448
الموافق: 14/07/2026",14/07/2026,,لا يوجد,داخل المملكة,
1087981,2026-08-15T21:43:28.846902+00:00,0.00,صيانة طارئة اسعاف  فان G M C  النقل الاسعافي  للمرضى لوحة ح ص ل  4513 موديل ٢٠١٤ رقم الهيكل1GDZ79CG4E1145121 بمستشفى وادي الدواسر العام,,"التاريخ: 28/01/1448
الموافق: 13/07/2026",13/07/2026,"التاريخ: 29/01/1448
الموافق: 14/07/2026",14/07/2026,,لا يوجد,داخل المملكة,
1087982,2026-08-15T22:59:03.980255+00:00,0.00,اعمال نزح مياه الصرف الصحي لبعض مباني الدفاع المدني بمنطقة الجوف لمدة 6 أشهر,,"التاريخ: 04/02/1448
الموافق: 19/07/2026",19/07/2026,"التاريخ: 05/02/1448
الموافق: 20/07/2026",20/07/2026,,لا يوجد,داخل المملكة,
1087985,2026-08-15T20:33:18.268963+00:00,0.00,صيانة شاملة لمنظومة التوجيه للوسائط البحرية أرقام (461-462) فئة 15م.,,"التاريخ: 30/01/1448
الموافق: 15/07/2026",15/07/2026,"التاريخ: 01/02/1448
الموافق: 16/07/2026",16/07/2026,,لا يوجد,داخل المملكة,الأعمال البحــريـة
1087991,2026-08-15T23:42:52.599526+00:00,0.00,تأمين فلاتر ( متنوعه ) لآليات ومركبات الدفاع المدني بمنطقة الجوف,,"التاريخ: 29/01/1448
الموافق: 14/07/2026",14/07/2026,"التاريخ: 30/01/1448
الموافق: 15/07/2026",15/07/2026,,لا يوجد,داخل المملكة,
1087996,2026-08-15T19:23:10.295582+00:00,500.00,دعوة الشركات المرخصة من الهيئة الوطنية للأمن السيبراني لتنفيذ مشروع الأمن السيبراني المدار والذي يقدم خدمات مراقبة أحداث الأمن السيبراني في المنظومة التقنية لجامعة جدة.,5,"التاريخ: 03/03/1448
الموافق: 16/08/2026",16/08/2026,"التاريخ: 10/03/1448
الموافق: 23/08/2026",23/08/2026,,عبر منصة اعتماد,داخل المملكة,
1087999,2026-08-15T21:00:27.257040+00:00,500.00,عملية الأعمال الكهربائية اللازمة لتشغيل المواقع الأمنية بالعاصمة المقدسة لمهمة حج 1448هـ.,5,"التاريخ: 18/02/1448
الموافق: 02/08/2026",02/08/2026,"التاريخ: 19/02/1448
الموافق: 03/08/2026",03/08/2026,,الإدارة العامة للمشتريات والعقود,داخل المملكة,
1088001,2026-08-15T21:46:54.710150+00:00,0.00,تامين احتياجات مهمه عاجلة وطارية PROLENE 3-0 PS 26MM 3/8C REVERSE CUTTING 45 CM,,"التاريخ: 04/02/1448
الموافق: 19/07/2026",19/07/2026,"التاريخ: 07/02/1448
الموافق: 22/07/2026",22/07/2026,,لا يوجد,داخل المملكة,
1088005,2026-08-15T20:52:54.965107+00:00,500.00,مشروع تطوير محطة معالجة وشبكة الصرف الصحي بميناء رأس الغار العسكري,5,"التاريخ: 15/05/1448
الموافق: 26/10/2026",26/10/2026,"التاريخ: 18/08/1448
الموافق: 26/01/2027",26/01/2027,,الإدارة الهندسية والأشغال,داخل المملكة,"المباني سابقة الصب, المباني الخرسانية"
1088011,2026-08-15T22:39:50.374364+00:00,0.00,أعمال نزح مياه الصرف الصحي بمحافظة حفر الباطن لمدة ثلاث سنوات,,"التاريخ: 04/02/1448
الموافق: 19/07/2026",19/07/2026,"التاريخ: 05/02/1448
الموافق: 20/07/2026",20/07/2026,,لا يوجد,داخل المملكة,
1088013,2026-08-15T21:15:34.115488+00:00,0.00,ترغب دارة الملك عبد العزيز بتنفيذ وتصميم جناح الدارة في معرض الرياض الدولي للكتاب لعام 2026م.,5,"التاريخ: 29/02/1448
الموافق: 13/08/2026",13/08/2026,"التاريخ: 01/03/1448
الموافق: 14/08/2026",14/08/2026,,منصه اعتماد,داخل المملكة,
1088021,2026-08-15T21:43:37.817487+00:00,500.00,عقد تشغيل وصيانة وتطوير أنظمة كاميرات المراقبة الأمنية للإدارة العامة للمجاهدين,5,"التاريخ: 15/02/1448
الموافق: 30/07/2026",30/07/2026,"التاريخ: 25/02/1448
الموافق: 09/08/2026",09/08/2026,,الإدارة العامة للمجاهدين,داخل المملكة,
1088025,2026-08-15T19:00:52.915931+00:00,0.00,توريد وتركيب نظام الإطفاء الذاتي FM200 في مبني غرفة الكهرباء لمضخات الحقن الكيمائي بمنظومة تحلية مياه البحر بجدة,,"التاريخ: 03/03/1448
الموافق: 16/08/2026",16/08/2026,"التاريخ: 24/03/1448
الموافق: 06/09/2026",06/09/2026,,لا يوجد,داخل المملكة,
1088028,2026-08-15T18:49:18.433261+00:00,0.00,توريد مستلزمات صناعيه لمستشفى الملك سلمان التخصصي للشؤون الصحية بوزارة الحرس الوطني بالطائف,,"التاريخ: 03/03/1448
الموافق: 16/08/2026",16/08/2026,"التاريخ: 04/03/1448
الموافق: 17/08/2026",17/08/2026,,لا يوجد,داخل المملكة,
1088037,2026-08-15T23:34:57.724146+00:00,0.00,اصلاح اضرار حادث لسيارة لزوم الامارة,,"التاريخ: 30/01/1448
الموافق: 15/07/2026",15/07/2026,"التاريخ: 01/02/1448
الموافق: 16/07/2026",16/07/2026,,لا يوجد,داخل المملكة,
1088053,2026-08-15T21:34:27.774479+00:00,500.00,توريد عدد3 شاحنات2026 مع صندوق جاف مزودة برافعه هيدروليكية,5,"التاريخ: 12/02/1448
الموافق: 27/07/2026",27/07/2026,"التاريخ: 21/02/1448
الموافق: 05/08/2026",05/08/2026,,المراسم الملكية - الرياض,داخل المملكة,
1088056,2026-08-15T21:57:28.563839+00:00,300.00,تأمين وتركيب انترلوك وبردورات وألعاب أطفال لحدائق بلدية الهياثم,5,"التاريخ: 14/02/1448
الموافق: 29/07/2026",29/07/2026,"التاريخ: 15/02/1448
الموافق: 30/07/2026",30/07/2026,,بلدية الهياثم الشئون المالية,داخل المملكة,
1088060,2026-08-15T23:35:03.981921+00:00,0.00,توريد مصروفات مكتبية (لمركز التموين البحري بالاسطول الشرقي ),,"التاريخ: 30/01/1448
الموافق: 15/07/2026",15/07/2026,"التاريخ: 01/02/1448
الموافق: 16/07/2026",16/07/2026,,لا يوجد,داخل المملكة,
1088064,2026-08-15T23:35:11.229863+00:00,0.00,تأمين قطع غيار واصلاح المعدات التابعة للدفاع المدني بمنطقة الجوف,,"التاريخ: 30/01/1448
الموافق: 15/07/2026",15/07/2026,"التاريخ: 01/02/1448
الموافق: 16/07/2026",16/07/2026,,لا يوجد,داخل المملكة,
1088073,2026-08-15T21:00:33.759489+00:00,200.00,صيانة وتوريد أثاث ممشى منتزة الملك سلمان بمحافظة الغاط,5,"التاريخ: 13/02/1448
الموافق: 28/07/2026",28/07/2026,"التاريخ: 14/02/1448
الموافق: 29/07/2026",29/07/2026,,بلدية محافظة  الغاط,داخل المملكة,
1088074,2026-08-15T21:57:35.786219+00:00,0.00,توريد مستلزمات البنية التحتية لمولدات قسم الكهرباء بقاعدة الملك فيصل البحرية بجدة,5,"التاريخ: 04/03/1448
الموافق: 17/08/2026",17/08/2026,"التاريخ: 20/03/1448
الموافق: 02/09/2026",02/09/2026,,قاعدة الملك فيصل البحرية بجدة,داخل المملكة,
1088081,2026-08-15T23:35:16.423238+00:00,0.00,أعمال إصلاح وصيانة لبعض مرافق مركز تدريب الدفاع المدني بمنطقة المدينة المنورة,,"التاريخ: 04/02/1448
الموافق: 19/07/2026",19/07/2026,"التاريخ: 05/02/1448
الموافق: 20/07/2026",20/07/2026,,لا يوجد,داخل المملكة,"صيانة المباني, المبـــاني"
1088087,2026-08-15T20:06:51.064317+00:00,0.00,تطوير وإدارة وتسويق المنتجات الرعائية لنادي الإبل,,"التاريخ: 22/02/1448
الموافق: 06/08/2026",06/08/2026,"التاريخ: 03/03/1448
الموافق: 16/08/2026",16/08/2026,,لا يوجد,داخل المملكة,
1088095,2026-08-15T21:47:02.810483+00:00,500.00,توريد كفرات لبلدية محافظة القريات,5,"التاريخ: 25/02/1448
الموافق: 09/08/2026",09/08/2026,"التاريخ: 03/03/1448
الموافق: 16/08/2026",16/08/2026,,بلدية محافظة القريات,داخل المملكة,
1088096,2026-08-15T21:47:10.019924+00:00,500.00,توريد زيوت لبلدية محافظة القريات,5,"التاريخ: 25/02/1448
الموافق: 09/08/2026",09/08/2026,"التاريخ: 03/03/1448
الموافق: 16/08/2026",16/08/2026,,بلدية محافظة القريات,داخل المملكة,
1088106,2026-08-15T23:13:23.229999+00:00,0.00,تأمين مستلزمات وأجهزة طبية وقطع غيار لمركز الأمير سلطان لمعالجة أمراض وجراحة القلب,,"التاريخ: 08/02/1448
الموافق: 23/07/2026",23/07/2026,"التاريخ: 09/02/1448
الموافق: 24/07/2026",24/07/2026,,لا يوجد,داخل المملكة,
1088107,2026-08-15T18:23:01.530703+00:00,300.00,تأمين مستلزمات عزل وتصنيف مسببات الامراض البكتيرية والفطرية النباتية,5,"التاريخ: 28/03/1448
الموافق: 10/09/2026",10/09/2026,"التاريخ: 26/04/1448
الموافق: 08/10/2026",08/10/2026,,الكتروني عبر منصة مركز وقاء,داخل المملكة,
1088111,2026-08-15T22:59:11.171961+00:00,0.00,Oxygen Pressure Regulator Kit for PFT Jaeger machine must be compatible with ( Master Screen machine  ) منظم ضغط اسطوانة الاكسجين مختبر اخبارات الرئة,,"التاريخ: 04/02/1448
الموافق: 19/07/2026",19/07/2026,"التاريخ: 05/02/1448
الموافق: 20/07/2026",20/07/2026,,لا يوجد,داخل المملكة,
1088116,2026-08-15T21:23:42.690782+00:00,0.00,Valve with accessories including Electric parts with modification,,"التاريخ: 04/02/1448
الموافق: 19/07/2026",19/07/2026,"التاريخ: 05/02/1448
الموافق: 20/07/2026",20/07/2026,,لا يوجد,داخل المملكة,
1088118,2026-08-15T19:23:16.914643+00:00,1500.00,تمكين الهيئة من تنفيذ مهامها الرسمية ومشاركاتها الداخلية والخارجية، بما يشمل رئاسة ومشاركة الوفود الرسمية ، وذلك للحالات الرسمية المعتمدة التي تستلزم ترتيب خدمات السفر والإقامة والتأشيرات بصورة عاجلة أو حتمية.,5,"التاريخ: 18/03/1448
الموافق: 31/08/2026",31/08/2026,"التاريخ: 24/03/1448
الموافق: 06/09/2026",06/09/2026,,الكترونيا عبر منصة اعتماد,داخل المملكة,
1088119,2026-08-15T22:59:16.182040+00:00,0.00,STEAM TRAP - CALORIFIRE لمستشفى الحرس الوطني,,"التاريخ: 04/02/1448
الموافق: 19/07/2026",19/07/2026,"التاريخ: 05/02/1448
الموافق: 20/07/2026",20/07/2026,,لا يوجد,داخل المملكة,
1088120,2026-08-15T22:59:22.878676+00:00,0.00,Cork Bulletin Board 90x120 cm لوح مصنوع من الفلين,,"التاريخ: 04/02/1448
الموافق: 19/07/2026",19/07/2026,"التاريخ: 05/02/1448
الموافق: 20/07/2026",20/07/2026,,لا يوجد,داخل المملكة,
1088123,2026-08-15T22:59:30.886371+00:00,0.00,Access Control Materials for Different Projects July2026,,"التاريخ: 04/02/1448
الموافق: 19/07/2026",19/07/2026,"التاريخ: 05/02/1448
الموافق: 20/07/2026",20/07/2026,,لا يوجد,داخل المملكة,
1088124,2026-08-15T22:33:38.526531+00:00,0.00,Spare parts of Steris cmax 220 لمستشفى الحرس الوطني,,"التاريخ: 04/02/1448
الموافق: 19/07/2026",19/07/2026,"التاريخ: 05/02/1448
الموافق: 20/07/2026",20/07/2026,,لا يوجد,داخل المملكة,
1088125,2026-08-15T22:59:37.981344+00:00,0.00,'حبال 'شداد للمصعد مقاس 13mm ( 650 meters ),,"التاريخ: 04/02/1448
الموافق: 19/07/2026",19/07/2026,"التاريخ: 05/02/1448
الموافق: 20/07/2026",20/07/2026,,لا يوجد,داخل المملكة,
1088128,2026-08-15T22:59:43.294520+00:00,0.00,توريد قطع غيار ومواد استهلاكية لمضخات تحلية المياه في مراكز الرعاية الصحية الأولية,,"التاريخ: 04/02/1448
الموافق: 19/07/2026",19/07/2026,"التاريخ: 05/02/1448
الموافق: 20/07/2026",20/07/2026,,لا يوجد,داخل المملكة,
1088141,2026-08-15T21:25:34.316369+00:00,500.00,صيانة الشوارع ومعالجة بلاغات الطرق بقري ومراكز الدرب ( عقد بديل),5,"التاريخ: 13/02/1448
الموافق: 28/07/2026",28/07/2026,"التاريخ: 14/02/1448
الموافق: 29/07/2026",29/07/2026,,بلدية محافظة الدرب,داخل المملكة,
1088143,2026-08-15T22:26:58.440664+00:00,0.00,صيانة الأنظمة الميكانيكية المساندة للواسطة البحرية,,"التاريخ: 14/02/1448
الموافق: 29/07/2026",29/07/2026,"التاريخ: 18/02/1448
الموافق: 02/08/2026",02/08/2026,,لا يوجد,داخل المملكة,"صيانة وتشغيل الأعمال البحرية, الأعمال البحــريـة"
1088144,2026-08-15T22:27:07.000691+00:00,0.00,صيانة وإعادة تأهيل منظومات القدرة الحركية البحرية,,"التاريخ: 14/02/1448
الموافق: 29/07/2026",29/07/2026,"التاريخ: 18/02/1448
الموافق: 02/08/2026",02/08/2026,,لا يوجد,داخل المملكة,"صيانة وتشغيل الأعمال البحرية, الأعمال البحــريـة"
1088145,2026-08-15T22:27:14.663513+00:00,0.00,دعم واستدامة منظومات التوجيه والتحكم البحري,,"التاريخ: 14/02/1448
الموافق: 29/07/2026",29/07/2026,"التاريخ: 18/02/1448
الموافق: 02/08/2026",02/08/2026,,لا يوجد,داخل المملكة,"صيانة وتشغيل الأعمال البحرية, الأعمال البحــريـة"
1088146,2026-08-15T22:27:22.286782+00:00,0.00,صيانة البنية التحتية للأنظمة الكهربائية البحرية,,"التاريخ: 14/02/1448
الموافق: 29/07/2026",29/07/2026,"التاريخ: 18/02/1448
الموافق: 02/08/2026",02/08/2026,,لا يوجد,داخل المملكة,"صيانة وتشغيل الأعمال البحرية, الأعمال البحــريـة"
1088147,2026-08-15T22:27:28.450358+00:00,0.00,تأهيل منظومات نقل وتوزيع القدرة الكهربائية للوسائط البحرية,,"التاريخ: 14/02/1448
الموافق: 29/07/2026",29/07/2026,"التاريخ: 18/02/1448
الموافق: 02/08/2026",02/08/2026,,لا يوجد,داخل المملكة,"صيانة وتشغيل الأعمال البحرية, الأعمال البحــريـة"
1088148,2026-08-15T22:27:36.591367+00:00,0.00,صيانة الأنظمة الإلكترونية الحرجة للواسطة البحرية,,"التاريخ: 14/02/1448
الموافق: 29/07/2026",29/07/2026,"التاريخ: 18/02/1448
الموافق: 02/08/2026",02/08/2026,,لا يوجد,داخل المملكة,"صيانة وتشغيل الأعمال البحرية, الأعمال البحــريـة"
1088149,2026-08-15T22:27:45.322643+00:00,0.00,صيانة منظومات الاستشعار والكشف البحري للواسطة البحرية,,"التاريخ: 14/02/1448
الموافق: 29/07/2026",29/07/2026,"التاريخ: 28/02/1448
الموافق: 12/08/2026",12/08/2026,,لا يوجد,داخل المملكة,"صيانة وتشغيل الأعمال البحرية, الأعمال البحــريـة"
1088150,2026-08-15T22:27:53.488368+00:00,0.00,صيانة وتأهيل منظومات السلامة التشغيلية البحرية للواسطة البحرية,,"التاريخ: 14/02/1448
الموافق: 29/07/2026",29/07/2026,"التاريخ: 19/03/1448
الموافق: 01/09/2026",01/09/2026,,لا يوجد,داخل المملكة,"صيانة وتشغيل الأعمال البحرية, الأعمال البحــريـة"
1088151,2026-08-15T22:28:00.162860+00:00,0.00,صيانة أنظمة الاستجابة للطوارئ ومكافحة المخاطر البحرية للواسطة البحرية,,"التاريخ: 14/02/1448
الموافق: 29/07/2026",29/07/2026,"التاريخ: 28/02/1448
الموافق: 12/08/2026",12/08/2026,,لا يوجد,داخل المملكة,"صيانة وتشغيل الأعمال البحرية, الأعمال البحــريـة"
1088154,2026-08-15T22:28:05.830507+00:00,0.00,صيانة وتأهيل أنظمة المناولة والرفع والتشغيل البحري للواسطة البحرية,,"التاريخ: 14/02/1448
الموافق: 29/07/2026",29/07/2026,"التاريخ: 18/02/1448
الموافق: 02/08/2026",02/08/2026,,لا يوجد,داخل المملكة,"صيانة وتشغيل الأعمال البحرية, الأعمال البحــريـة"
1088156,2026-08-15T22:28:12.605270+00:00,0.00,صيانة منظومات القدرة الهيدروليكية والتحكم بالضغط للواسطة البحرية,,"التاريخ: 14/02/1448
الموافق: 29/07/2026",29/07/2026,"التاريخ: 28/02/1448
الموافق: 12/08/2026",12/08/2026,,لا يوجد,داخل المملكة,"صيانة وتشغيل الأعمال البحرية, الأعمال البحــريـة"
1088158,2026-08-15T22:28:19.741033+00:00,0.00,صيانة وتأهيل البنية الإنشائية للوسائط البحرية,,"التاريخ: 14/02/1448
الموافق: 29/07/2026",29/07/2026,"التاريخ: 18/02/1448
الموافق: 02/08/2026",02/08/2026,,لا يوجد,داخل المملكة,"صيانة وتشغيل الأعمال البحرية, الأعمال البحــريـة"
1088159,2026-08-15T22:28:26.531300+00:00,0.00,صيانة وحماية الهياكل البحرية من التآكل والعوامل البيئية,,"التاريخ: 14/02/1448
الموافق: 29/07/2026",29/07/2026,"التاريخ: 18/02/1448
الموافق: 02/08/2026",02/08/2026,,لا يوجد,داخل المملكة,"صيانة وتشغيل الأعمال البحرية, الأعمال البحــريـة"
1088160,2026-08-15T22:28:33.848310+00:00,0.00,صيانة وتأهيل المرافق والتجهيزات الداخلية للواسطة البحرية,,"التاريخ: 14/02/1448
الموافق: 29/07/2026",29/07/2026,"التاريخ: 18/02/1448
الموافق: 02/08/2026",02/08/2026,,لا يوجد,داخل المملكة,"صيانة وتشغيل الأعمال البحرية, الأعمال البحــريـة"
1088168,2026-08-15T21:15:39.511184+00:00,0.00,Medical & Surgical Air Plant compressor 05-G15 Med only supply as Recommended (Atlas Copco Becon Medaes) Top Urgent..,,"التاريخ: 03/03/1448
الموافق: 16/08/2026",16/08/2026,"التاريخ: 14/03/1448
الموافق: 27/08/2026",27/08/2026,,لا يوجد,داخل المملكة,
1088169,2026-08-15T20:17:48.845953+00:00,0.00,WM-Spare part for hydraulic machine Dock Leveler MP6830,,"التاريخ: 25/02/1448
الموافق: 09/08/2026",09/08/2026,"التاريخ: 07/03/1448
الموافق: 20/08/2026",20/08/2026,,لا يوجد,داخل المملكة,
1088174,2026-08-15T21:57:42.178281+00:00,0.00,بخصوص اعمال توريد وتركيب قطع غيار لبئر قطاع واسكان حرس الحدود بحفر الباطن بالمنطقة الشرقية,,"التاريخ: 11/02/1448
الموافق: 26/07/2026",26/07/2026,"التاريخ: 12/02/1448
الموافق: 27/07/2026",27/07/2026,,لا يوجد,داخل المملكة,
1088175,2026-08-15T21:57:49.370191+00:00,0.00,"بخصوص تامين قطع غيار تشمل قازقيت جزء علوي  وجزء سفلي لزوم الصيانة الطارئة والمخططة لمحركات ياماها 350ح للوسائط البحرية فئة 8,5م الى 10.46م التابعه لقطاعات المنطقة الشرقية",,"التاريخ: 11/02/1448
الموافق: 26/07/2026",26/07/2026,"التاريخ: 12/02/1448
الموافق: 27/07/2026",27/07/2026,,لا يوجد,داخل المملكة,
1088176,2026-08-15T21:57:55.049308+00:00,0.00,بخصوص اصلاح منظومة السحب بالقاطرة ومنظومة التوازن باليخت بالمنطقة الشرقية,,"التاريخ: 11/02/1448
الموافق: 26/07/2026",26/07/2026,"التاريخ: 12/02/1448
الموافق: 27/07/2026",27/07/2026,,لا يوجد,داخل المملكة,
1088178,2026-08-15T21:25:39.523385+00:00,0.00,بخصوص تامين وتوريد علب ماء حجم (330) ملم لزوم قسم  ضيافة حرس الحدود بالعزيزية بالمنطقة الشرقية,,"التاريخ: 13/02/1448
الموافق: 28/07/2026",28/07/2026,"التاريخ: 14/02/1448
الموافق: 29/07/2026",29/07/2026,,لا يوجد,داخل المملكة,
1088190,2026-08-15T21:00:40.841809+00:00,200.00,توفير الباقة الرابعة في منصة بيم للتواصل باشتراك لمدة سنة,5,"التاريخ: 03/03/1448
الموافق: 16/08/2026",16/08/2026,"التاريخ: 10/03/1448
الموافق: 23/08/2026",23/08/2026,,إدارة المشتريات - مبنى كلية العلوم الطبية التطبيقية - الدور الثاني,داخل المملكة,
1088191,2026-08-15T21:21:34.487675+00:00,0.00,توريد وتأمين قطع غيار الاستهلاكية للمركبات الخاصة بقوة امن المنشات بمنطقة تبوك,,"التاريخ: 11/02/1448
الموافق: 26/07/2026",26/07/2026,"التاريخ: 12/02/1448
الموافق: 27/07/2026",27/07/2026,,لا يوجد,داخل المملكة,
1088194,2026-08-15T23:09:15.392031+00:00,0.00,تأمين لوحات للجهات العدلية بالمنطقة الشرقية,,"التاريخ: 11/02/1448
الموافق: 26/07/2026",26/07/2026,"التاريخ: 13/02/1448
الموافق: 28/07/2026",28/07/2026,,لا يوجد,داخل المملكة,
1088199,2026-08-15T18:21:47.587758+00:00,0.00,توريد مواد لصيانة المضخة رقم 2 بمحطة الكهرباء التور بينية بادراه مدينة الملك عبد العزيز العسكرية تبوك,,"التاريخ: 15/02/1448
الموافق: 30/07/2026",30/07/2026,"التاريخ: 18/02/1448
الموافق: 02/08/2026",02/08/2026,,لا يوجد,داخل المملكة,
1088203,2026-08-15T21:00:48.355630+00:00,0.00,توريد مراوح شفط بأحجام مختلفة,,"التاريخ: 18/02/1448
الموافق: 02/08/2026",02/08/2026,"التاريخ: 10/03/1448
الموافق: 23/08/2026",23/08/2026,,لا يوجد,داخل المملكة,
1088204,2026-08-15T21:15:46.831263+00:00,0.00,توريد مضخة تصريف مياه الامطار واهواز,,"التاريخ: 07/03/1448
الموافق: 20/08/2026",20/08/2026,"التاريخ: 05/04/1448
الموافق: 17/09/2026",17/09/2026,,لا يوجد,داخل المملكة,
1088206,2026-08-15T22:48:02.845902+00:00,0.00,توريد كيبل ألمنيوم جهد متوسط لفرع الإدارة الهندسية والأشغال بالجنوبية,,"التاريخ: 11/02/1448
الموافق: 26/07/2026",26/07/2026,"التاريخ: 18/02/1448
الموافق: 02/08/2026",02/08/2026,,لا يوجد,داخل المملكة,
1088207,2026-08-15T21:58:02.512324+00:00,0.00,توريد وتركيب شترات نوافذ كهربائية  لفرع الإدارة الهندسية والأشغال بالجنوبية,,"التاريخ: 14/02/1448
الموافق: 29/07/2026",29/07/2026,"التاريخ: 18/02/1448
الموافق: 02/08/2026",02/08/2026,,لا يوجد,داخل المملكة,
1088209,2026-08-15T21:47:18.181400+00:00,0.00,توريد وتركيب أعمال حديدية  لفرع الإدارة الهندسية والأشغال بالجنوبية,,"التاريخ: 14/02/1448
الموافق: 29/07/2026",29/07/2026,"التاريخ: 18/02/1448
الموافق: 02/08/2026",02/08/2026,,لا يوجد,داخل المملكة,
1088210,2026-08-15T22:05:57.794377+00:00,0.00,توريد مواد كهرباء لفرع الإدارة الهندسية والأشغال بالجنوبية,,"التاريخ: 14/02/1448
الموافق: 29/07/2026",29/07/2026,"التاريخ: 18/02/1448
الموافق: 02/08/2026",02/08/2026,,لا يوجد,داخل المملكة,
1088211,2026-08-15T18:35:33.820274+00:00,2000.00,توريد عربات لصالح الادارة العامة للاسلحة والمدخرات,5,"التاريخ: 04/03/1448
الموافق: 17/08/2026",17/08/2026,"التاريخ: 14/03/1448
الموافق: 27/08/2026",27/08/2026,,إدارة تشغيل وصيانة المنشآت العسكرية بالخرج والسليل,داخل المملكة,
1088214,2026-08-15T18:13:00.198981+00:00,0.00,اصلاح وصيانة محطة الكلوروباك,,"التاريخ: 25/02/1448
الموافق: 09/08/2026",09/08/2026,"التاريخ: 17/03/1448
الموافق: 30/08/2026",30/08/2026,,لا يوجد,داخل المملكة,
1088216,2026-08-15T21:15:55.265239+00:00,0.00,توريد مولد إنارة متنقل,,"التاريخ: 25/02/1448
الموافق: 09/08/2026",09/08/2026,"التاريخ: 10/03/1448
الموافق: 23/08/2026",23/08/2026,,لا يوجد,داخل المملكة,
1088217,2026-08-15T19:45:58.073248+00:00,200.00,صيانة                       عزل          خزانات مياه,5,"التاريخ: 24/03/1448
الموافق: 06/09/2026",06/09/2026,"التاريخ: 25/03/1448
الموافق: 07/09/2026",07/09/2026,,إدارة التشغيل والصيانة للمنشآت العسكرية بالرياض,داخل المملكة,
1088219,2026-08-15T21:58:10.589924+00:00,0.00,توريد سيور بأحجام مختلفة,,"التاريخ: 18/02/1448
الموافق: 02/08/2026",02/08/2026,"التاريخ: 03/03/1448
الموافق: 16/08/2026",16/08/2026,,لا يوجد,داخل المملكة,
1088220,2026-08-15T19:46:05.646579+00:00,100.00,تأمين وتوريد مواد ومستلزمات و معدات زراعية 75 بند,5,"التاريخ: 21/03/1448
الموافق: 03/09/2026",03/09/2026,"التاريخ: 24/03/1448
الموافق: 06/09/2026",06/09/2026,,إدارة التشغيل والصيانة للمنشآت العسكرية بالرياض,داخل المملكة,
1088223,2026-08-15T19:12:13.743038+00:00,200.00,صيانة محولات              ومفتاح الجهد المتوسط,5,"التاريخ: 26/03/1448
الموافق: 08/09/2026",08/09/2026,"التاريخ: 27/03/1448
الموافق: 09/09/2026",09/09/2026,,إدارة التشغيل والصيانة للمنشآت العسكرية بالرياض,داخل المملكة,
1088224,2026-08-15T19:56:35.730620+00:00,0.00,تأمين  مواد صيانة ميدان            رقم 10,,"التاريخ: 24/03/1448
الموافق: 06/09/2026",06/09/2026,"التاريخ: 25/03/1448
الموافق: 07/09/2026",07/09/2026,,لا يوجد,داخل المملكة,
1088226,2026-08-15T20:22:00.462950+00:00,500.00,تقديم خدمات الدعم الفني والصيانة لأجهزة مركز المراقبة والتحكم بالمعلومات الصحية الخاصة بحالات الطوارئ والأوبئة الموحد في مدينة الملك عبد العزيز الطبية بالرياض,5,"التاريخ: 29/02/1448
الموافق: 13/08/2026",13/08/2026,"التاريخ: 02/06/1448
الموافق: 12/11/2026",12/11/2026,,ادارة المشتريات - المبنى الاداري بوابة رقم 1,داخل المملكة,
1088239,2026-08-15T23:13:30.706327+00:00,0.00,تأمين وتوريد شنط حديد لفرع الشؤون الادارية والمالية للقوات البرية بالمنطقة الغربية,,"التاريخ: 03/02/1448
الموافق: 18/07/2026",18/07/2026,"التاريخ: 04/02/1448
الموافق: 19/07/2026",19/07/2026,,لا يوجد,داخل المملكة,
1088242,2026-08-15T22:18:06.599899+00:00,0.00,رفع جاهزية الوسائط البحرية التابعة لمنطقة جازان,,"التاريخ: 27/02/1448
الموافق: 11/08/2026",11/08/2026,"التاريخ: 29/02/1448
الموافق: 13/08/2026",13/08/2026,,لا يوجد,داخل المملكة,
1088246,2026-08-15T22:18:12.298488+00:00,0.00,رفع جاهزية الوسائط البحرية التابعة لمنطقة جازان,,"التاريخ: 27/02/1448
الموافق: 11/08/2026",11/08/2026,"التاريخ: 28/02/1448
الموافق: 12/08/2026",12/08/2026,,لا يوجد,داخل المملكة,
1088249,2026-08-15T22:28:39.629105+00:00,0.00,توفير قطع غيار لجهاز INCUBATOR - BABYVLEO TN500 في قسم العناية المركزة مبنى 3,,"التاريخ: 07/03/1448
الموافق: 20/08/2026",20/08/2026,"التاريخ: 28/03/1448
الموافق: 10/09/2026",10/09/2026,,لا يوجد,داخل المملكة,
1088252,2026-08-15T21:16:02.951287+00:00,0.00,لعدم توفرها في مستودعات تجمع الباحه الصحى بمنطقة الباحه ولحاجة مستشفى الامير مشاري بن سعود ببلجرشي لها,,"التاريخ: 18/02/1448
الموافق: 02/08/2026",02/08/2026,"التاريخ: 19/02/1448
الموافق: 03/08/2026",03/08/2026,,لا يوجد,داخل المملكة,
1088255,2026-08-15T22:28:46.470074+00:00,0.00,صيانة وتوفير قطع غيار لجهاز NB-UVB FOR FULL BODY - P10485ASNBPCT2424,,"التاريخ: 07/03/1448
الموافق: 20/08/2026",20/08/2026,"التاريخ: 28/03/1448
الموافق: 10/09/2026",10/09/2026,,لا يوجد,داخل المملكة,
1088257,2026-08-15T22:28:55.313606+00:00,0.00,صيانة وتوفير قطع غيار لجهاز NB-UVB HAND AND FOOT UNIT - M10731PLNBX0010 في عيادات الجلدية مبنى 1,,"التاريخ: 07/03/1448
الموافق: 20/08/2026",20/08/2026,"التاريخ: 28/03/1448
الموافق: 10/09/2026",10/09/2026,,لا يوجد,داخل المملكة,
1088258,2026-08-15T20:10:14.206629+00:00,1500.00,تعلن بلدية محافظة الحرجة عن طرح منافسة صيانة وتطوير وانسنة الأرصفة والجزر الوسطية والتقاطعات والمفارق بشارع الملك خالد تقاطع قرى راحة سنحان بمحافظة الحرجة,5,"التاريخ: 21/02/1448
الموافق: 05/08/2026",05/08/2026,"التاريخ: 22/02/1448
الموافق: 06/08/2026",06/08/2026,,بلدية الحرجة,داخل المملكة,"صيانة الطرق, الطــــرق"
1088259,2026-08-15T18:32:11.395659+00:00,0.00,اصلاح مضخة الحريق واصلاح نظام انذار الحريق مع الاختبار والبرمجة واقفال مغناطيس لأبواب الطواري مع ربط نظام الإنذار,,"التاريخ: 13/02/1448
الموافق: 28/07/2026",28/07/2026,"التاريخ: 20/02/1448
الموافق: 04/08/2026",04/08/2026,,لا يوجد,داخل المملكة,
1088260,2026-08-15T21:53:36.362545+00:00,0.00,فك وترحيل وتركيب وحدات تكيف في مبنى التوحد حسب المواصفات المرفقة,,"التاريخ: 13/02/1448
الموافق: 28/07/2026",28/07/2026,"التاريخ: 20/02/1448
الموافق: 04/08/2026",04/08/2026,,لا يوجد,داخل المملكة,
1088262,2026-08-15T22:29:02.909048+00:00,0.00,"صيانة اجهزة LIGHT SOURCE, XENON - 20133120 في قسم العمليات",,"التاريخ: 07/03/1448
الموافق: 20/08/2026",20/08/2026,"التاريخ: 28/03/1448
الموافق: 10/09/2026",10/09/2026,,لا يوجد,داخل المملكة,
1088263,2026-08-15T22:18:19.552839+00:00,0.00,توريد وتركيب عدد (3) بنود وحدات تكييف لزوم مركز ادارة التموين الالي بمبنى رقم (29),,"التاريخ: 13/02/1448
الموافق: 28/07/2026",28/07/2026,"التاريخ: 18/02/1448
الموافق: 02/08/2026",02/08/2026,,لا يوجد,داخل المملكة,
1088264,2026-08-15T22:18:28.333186+00:00,0.00,صيانة اجهزة 02 CYSTO URETHRO FIBERSCOPE - 2101762 - 2217610 في قسم LITHOTRIPSY,,"التاريخ: 07/03/1448
الموافق: 20/08/2026",20/08/2026,"التاريخ: 28/03/1448
الموافق: 10/09/2026",10/09/2026,,لا يوجد,داخل المملكة,
1088265,2026-08-15T22:42:49.934519+00:00,0.00,رفع وعمل واعداد استمارة التصنيف البيئي  ومتابعة الطلب وزيارة الموقع واصدار التصاريح,,"التاريخ: 13/02/1448
الموافق: 28/07/2026",28/07/2026,"التاريخ: 20/02/1448
الموافق: 04/08/2026",04/08/2026,,لا يوجد,داخل المملكة,
1088266,2026-08-15T19:30:56.312576+00:00,500.00,توريد وتركيب عزل لزوم مباني محافظة الطائف,5,"التاريخ: 13/03/1448
الموافق: 26/08/2026",26/08/2026,"التاريخ: 20/03/1448
الموافق: 02/09/2026",02/09/2026,,ديوان الإمارة بمكة المكرمة,داخل المملكة,
1088269,2026-08-15T22:18:35.004582+00:00,0.00,اصلاح جهاز العيون - TOPCON - 330158 - لضمان استمرار  الخدمات المقدمة,,"التاريخ: 07/03/1448
الموافق: 20/08/2026",20/08/2026,"التاريخ: 28/03/1448
الموافق: 10/09/2026",10/09/2026,,لا يوجد,داخل المملكة,
1088270,2026-08-15T22:18:43.902507+00:00,0.00,اصلاح جهاز OCT 991868 - 330159 في عيادات العيون,,"التاريخ: 07/03/1448
الموافق: 20/08/2026",20/08/2026,"التاريخ: 28/03/1448
الموافق: 10/09/2026",10/09/2026,,لا يوجد,داخل المملكة,
1088272,2026-08-15T21:25:45.560048+00:00,0.00,تأمين قطع غيار ميكانيكية والكترونية لوسائط المشروع بالمنطقة,,"التاريخ: 13/02/1448
الموافق: 28/07/2026",28/07/2026,"التاريخ: 13/03/1448
الموافق: 26/08/2026",26/08/2026,,لا يوجد,داخل المملكة,
1088273,2026-08-15T18:58:26.451885+00:00,500.00,دعم أنظمة الاتصالات لمستشفى الملك عبدالله التخصصي للأطفال ومركز طب وجراحة الأعصاب التابعة لمدينة الملك عبدالعزيز الطبية بجدة التابعة للشؤون الصحية بوزارة الحرس الوطني,5,"التاريخ: 05/04/1448
الموافق: 17/09/2026",17/09/2026,"التاريخ: 11/05/1448
الموافق: 22/10/2026",22/10/2026,,مدينة الملك عبدالعزيز الطبية بجدة,داخل المملكة,
1088274,2026-08-15T22:18:53.087905+00:00,0.00,اصلاح جهاز OCT - 991852 - TRITON ( PLUS ) في قسم العيادات الخارجية - مبنى 1,,"التاريخ: 07/03/1448
الموافق: 20/08/2026",20/08/2026,"التاريخ: 28/03/1448
الموافق: 10/09/2026",10/09/2026,,لا يوجد,داخل المملكة,
1088276,2026-08-15T22:19:00.181666+00:00,0.00,اصلاح جهاز FIBER SCOPE - 2095594 في مبنى 5,,"التاريخ: 07/03/1448
الموافق: 20/08/2026",20/08/2026,"التاريخ: 28/03/1448
الموافق: 10/09/2026",10/09/2026,,لا يوجد,داخل المملكة,
1088279,2026-08-15T22:19:05.663220+00:00,0.00,اصلاح منظار طبي - OLYMOUS - ENF-GP قسم المناظير,,"التاريخ: 07/03/1448
الموافق: 20/08/2026",20/08/2026,"التاريخ: 28/03/1448
الموافق: 10/09/2026",10/09/2026,,لا يوجد,داخل المملكة,
1088281,2026-08-15T22:19:12.293036+00:00,0.00,"اصلاح جهاز OLYMOUS SCOPE - 2321600,W147641 - في قسم المناظير",,"التاريخ: 07/03/1448
الموافق: 20/08/2026",20/08/2026,"التاريخ: 28/03/1448
الموافق: 10/09/2026",10/09/2026,,لا يوجد,داخل المملكة,
1088287,2026-08-15T22:19:19.583320+00:00,0.00,"صيانة اجهزة FIBER SCOPE - KARL STORZ - 09817,2095109,2095594",,"التاريخ: 07/03/1448
الموافق: 20/08/2026",20/08/2026,"التاريخ: 28/03/1448
الموافق: 10/09/2026",10/09/2026,,لا يوجد,داخل المملكة,
1088290,2026-08-15T23:09:21.855303+00:00,0.00,حاجة فرع الوزارة الى توريد مواد سباكة لمعالجة تسريبات المياه الطارئة في المساجد الغير مشمولة بعقود صيانة وتشغيل بمنطقة جازان,,"التاريخ: 04/02/1448
الموافق: 19/07/2026",19/07/2026,"التاريخ: 11/02/1448
الموافق: 26/07/2026",26/07/2026,,لا يوجد,داخل المملكة,
1088292,2026-08-15T19:54:10.757611+00:00,1000.00,يقوم المتعاقد بموجب هذا العقد بتنفيذ نظافة وصيانة مبنى فرع الوزارة بمنطقة عسير لمدة ثلاث سنوات وفقًا للشروط والمواصفات ووثائق العقد,5,"التاريخ: 14/03/1448
الموافق: 27/08/2026",27/08/2026,"التاريخ: 16/04/1448
الموافق: 28/09/2026",28/09/2026,,منصة اعتماد,داخل المملكة,
1088299,2026-08-15T18:49:25.862969+00:00,0.00,ضيافات اللجان الدائمة والوفود الرسمية لرئاسة أمن الدولة,5,"التاريخ: 03/03/1448
الموافق: 16/08/2026",16/08/2026,"التاريخ: 24/03/1448
الموافق: 06/09/2026",06/09/2026,,الرياض,داخل المملكة,
1088303,2026-08-15T19:18:00.219691+00:00,500.00,تأمين متطلبات أمنية لزوم وحدات وزارة الحرس الوطني بالقطاع الشرقي,5,"التاريخ: 22/06/1448
الموافق: 02/12/2026",02/12/2026,"التاريخ: 06/07/1448
الموافق: 15/12/2026",15/12/2026,,الرياض - وزارة الحرس الوطني - الدور الرابع مكتب رقم 4066,داخل المملكة,
1088304,2026-08-15T18:49:32.454184+00:00,500.00,تشغيل وصيانة شبكات الانارة في نطاق بلدية العوالي بالمدينة المنورة,5,"التاريخ: 30/03/1448
الموافق: 12/09/2026",12/09/2026,"التاريخ: 01/05/1448
الموافق: 12/10/2026",12/10/2026,,امانة المدينة ادارة المنافسات والعقود,داخل المملكة,
1088306,2026-08-15T23:13:37.642458+00:00,0.00,تأمين مستلزمات وأجهزة طبية وقطع غيار لمركز الأمير سلطان لمعالجة أمراض وجراحة القلب,,"التاريخ: 07/02/1448
الموافق: 22/07/2026",22/07/2026,"التاريخ: 08/02/1448
الموافق: 23/07/2026",23/07/2026,,لا يوجد,داخل المملكة,
1088309,2026-08-15T23:24:55.254344+00:00,0.00,توريد واعمال إزالة بلاط السطح وعمل صبة وطبقة عازلة للمياه بمجموعة الدفاع الجوي الثانية,,"التاريخ: 08/02/1448
الموافق: 23/07/2026",23/07/2026,"التاريخ: 15/02/1448
الموافق: 30/07/2026",30/07/2026,,لا يوجد,داخل المملكة,
1088316,2026-08-15T23:09:29.864147+00:00,0.00,قطع غيار وأعمال صيانة للآليات ومعدات تابعة لمديرية الدفاع المدني بمنطقة الرياض الإدارة الشؤون الفنية المركزية,,"التاريخ: 04/02/1448
الموافق: 19/07/2026",19/07/2026,"التاريخ: 05/02/1448
الموافق: 20/07/2026",20/07/2026,,لا يوجد,داخل المملكة,
1088319,2026-08-15T22:59:48.416884+00:00,0.00,قطع غيار وأعمال صيانة للآليات ومعدات تابعة لمديرية الدفاع المدني بمنطقة الرياض الإدارة الشؤون الفنية المركزية,,"التاريخ: 04/02/1448
الموافق: 19/07/2026",19/07/2026,"التاريخ: 05/02/1448
الموافق: 20/07/2026",20/07/2026,,لا يوجد,داخل المملكة,
1088320,2026-08-15T20:45:35.389072+00:00,0.00,تأمين وتوريد وتركيب كاميرات المراقبة في مقرات الإمارة بالمشاعر المقدسة,,"التاريخ: 18/02/1448
الموافق: 02/08/2026",02/08/2026,"التاريخ: 19/02/1448
الموافق: 03/08/2026",03/08/2026,,لا يوجد,داخل المملكة,
1088321,2026-08-15T22:06:03.646306+00:00,0.00,قطع غيار وأعمال صيانة للآليات ومعدات تابعة لمديرية الدفاع المدني بمنطقة الرياض الإدارة الشؤون الفنية المركزية,,"التاريخ: 06/02/1448
الموافق: 21/07/2026",21/07/2026,"التاريخ: 07/02/1448
الموافق: 22/07/2026",22/07/2026,,لا يوجد,داخل المملكة,
1088322,2026-08-15T22:19:25.981205+00:00,0.00,CONNECTION OF KITCHEN EQUIPMENT TO EMERGENCY GENERATOR,,"التاريخ: 08/02/1448
الموافق: 23/07/2026",23/07/2026,"التاريخ: 11/02/1448
الموافق: 26/07/2026",26/07/2026,,لا يوجد,داخل المملكة,
1088325,2026-08-15T22:06:09.642174+00:00,0.00,تأمين قطع سيارات آليات الدفاع المدني لزوم غرفة الامداد إدارة الشؤون الفنية المركزية بمنطقة الرياض,,"التاريخ: 06/02/1448
الموافق: 21/07/2026",21/07/2026,"التاريخ: 07/02/1448
الموافق: 22/07/2026",22/07/2026,,لا يوجد,داخل المملكة,
1088326,2026-08-15T22:06:17.189774+00:00,0.00,تأمين قطع سيارات آليات الدفاع المدني لزوم غرفة الامداد إدارة الشؤون الفنية المركزية بمنطقة الرياض,,"التاريخ: 06/02/1448
الموافق: 21/07/2026",21/07/2026,"التاريخ: 07/02/1448
الموافق: 22/07/2026",22/07/2026,,لا يوجد,داخل المملكة,
1088329,2026-08-15T21:25:51.869058+00:00,3000.00,صيانة وري المسطحات الخضراء والمباني والحدائق التابعة لبلدية قيا,5,"التاريخ: 13/02/1448
الموافق: 28/07/2026",28/07/2026,"التاريخ: 15/02/1448
الموافق: 30/07/2026",30/07/2026,,بلدية قيا,داخل المملكة,صيــانة الحدائق والمنتزهـات
1088330,2026-08-15T20:23:11.156253+00:00,1000.00,تجهيز مركبات نقل أفراد,5,"التاريخ: 25/02/1448
الموافق: 09/08/2026",09/08/2026,"التاريخ: 26/02/1448
الموافق: 10/08/2026",10/08/2026,,7667 العليا الغدير الرياض 13311 المقر الرئيسي,داخل المملكة,
1088331,2026-08-15T23:25:01.923655+00:00,0.00,توريد واعمال دهانات وتركيب بلاط واسقف مستعارة بالسرية 233 بدر بقويزة,,"التاريخ: 08/02/1448
الموافق: 23/07/2026",23/07/2026,"التاريخ: 15/02/1448
الموافق: 30/07/2026",30/07/2026,,لا يوجد,داخل المملكة,
1088352,2026-08-15T22:39:57.141888+00:00,0.00,توريد وتركيب كاميرات المراقبة لفرع الوزارة بمنطقة نجران,,"التاريخ: 18/02/1448
الموافق: 02/08/2026",02/08/2026,"التاريخ: 10/03/1448
الموافق: 23/08/2026",23/08/2026,,لا يوجد,داخل المملكة,
1088368,2026-08-15T21:47:23.298517+00:00,0.00,تأمين قطع غيار لسيارات مكافحة المخدرات بمنطقة عسير رقم 1,,"التاريخ: 12/02/1448
الموافق: 27/07/2026",27/07/2026,"التاريخ: 13/02/1448
الموافق: 28/07/2026",28/07/2026,,لا يوجد,داخل المملكة,
1088370,2026-08-15T21:34:34.783210+00:00,0.00,كراسة تامين بوابة وشبك شائك لحجز السيارات لإدارة مكافحة المخدرات بمحافظة النماص,,"التاريخ: 12/02/1448
الموافق: 27/07/2026",27/07/2026,"التاريخ: 13/02/1448
الموافق: 28/07/2026",28/07/2026,,لا يوجد,داخل المملكة,
1088375,2026-08-15T19:56:41.676846+00:00,500.00,تنفيذ مشروع ترميم مبنى فرع الوزارة بمنطقة جازان,5,"التاريخ: 14/03/1448
الموافق: 27/08/2026",27/08/2026,"التاريخ: 15/04/1448
الموافق: 27/09/2026",27/09/2026,,منصة اعتماد,داخل المملكة,
1088376,2026-08-15T19:09:33.457145+00:00,0.00,تأمين مستلزمات السجناء 2026م,,"التاريخ: 28/02/1448
الموافق: 12/08/2026",12/08/2026,"التاريخ: 29/02/1448
الموافق: 13/08/2026",13/08/2026,,لا يوجد,داخل المملكة,
1088389,2026-08-15T22:32:09.636519+00:00,0.00,لضمان استمرارية تقديم الرعاية الصحية للمرضى دون انقطاع يتحتم توفير هذا البنود,,"التاريخ: 08/02/1448
الموافق: 23/07/2026",23/07/2026,"التاريخ: 09/02/1448
الموافق: 24/07/2026",24/07/2026,,لا يوجد,داخل المملكة,
1088393,2026-08-15T22:31:32.680880+00:00,0.00,قائمة الايام العالمية الصحية لعام 2027 م,,"التاريخ: 13/02/1448
الموافق: 28/07/2026",28/07/2026,"التاريخ: 14/02/1448
الموافق: 29/07/2026",29/07/2026,,لا يوجد,داخل المملكة,
1088396,2026-08-15T21:16:08.973861+00:00,200.00,تامين وتوريد ادوات حداده بلدية محافظة تيماء,5,"التاريخ: 15/02/1448
الموافق: 30/07/2026",30/07/2026,"التاريخ: 18/02/1448
الموافق: 02/08/2026",02/08/2026,,المنصه,داخل المملكة,
1088408,2026-08-15T23:35:23.622452+00:00,0.00,كرا سة رقم 266278 تامين قطع غيار عدة اليات تابعة ادارات لمديرية المنطقة,,"التاريخ: 30/01/1448
الموافق: 15/07/2026",15/07/2026,"التاريخ: 01/02/1448
الموافق: 16/07/2026",16/07/2026,,لا يوجد,داخل المملكة,
1088411,2026-08-15T21:00:54.010471+00:00,0.00,قطع غيار اجهزة طبية,,"التاريخ: 14/02/1448
الموافق: 29/07/2026",29/07/2026,"التاريخ: 15/02/1448
الموافق: 30/07/2026",30/07/2026,,لا يوجد,داخل المملكة,"صيانة المباني, المبـــاني"
1088413,2026-08-15T21:01:02.467400+00:00,0.00,قطع غيار اجهزة طبية,,"التاريخ: 14/02/1448
الموافق: 29/07/2026",29/07/2026,"التاريخ: 15/02/1448
الموافق: 30/07/2026",30/07/2026,,لا يوجد,داخل المملكة,"صيانة المباني, المبـــاني"
1088414,2026-08-15T21:01:10.345029+00:00,0.00,قطع غيار اجهزة طبية,,"التاريخ: 14/02/1448
الموافق: 29/07/2026",29/07/2026,"التاريخ: 15/02/1448
الموافق: 30/07/2026",30/07/2026,,لا يوجد,داخل المملكة,"صيانة المباني, المبـــاني"
1088417,2026-08-15T21:01:17.658654+00:00,0.00,قطع غيار اجهزة طبية,,"التاريخ: 14/02/1448
الموافق: 29/07/2026",29/07/2026,"التاريخ: 15/02/1448
الموافق: 30/07/2026",30/07/2026,,لا يوجد,داخل المملكة,"صيانة المباني, المبـــاني"
1088418,2026-08-15T18:45:26.267442+00:00,0.00,قطع غيار اجهزة طبية,,"التاريخ: 14/02/1448
الموافق: 29/07/2026",29/07/2026,"التاريخ: 15/02/1448
الموافق: 30/07/2026",30/07/2026,,لا يوجد,داخل المملكة,"صيانة المباني, المبـــاني"
1088426,2026-08-15T23:35:31.844807+00:00,0.00,كرا سة رقم 266275 تامين قطع غيار عدة اليات تابعة ادارات لمديرية المنطقة,,"التاريخ: 30/01/1448
الموافق: 15/07/2026",15/07/2026,"التاريخ: 01/02/1448
الموافق: 16/07/2026",16/07/2026,,لا يوجد,داخل المملكة,
1088431,2026-08-15T23:35:39.121074+00:00,0.00,كرا سة رقم 266264 تامين قطع غيار عدة اليات تابعة ادارات لمديرية المنطقة,,"التاريخ: 30/01/1448
الموافق: 15/07/2026",15/07/2026,"التاريخ: 01/02/1448
الموافق: 16/07/2026",16/07/2026,,لا يوجد,داخل المملكة,
1088433,2026-08-15T23:13:44.054383+00:00,0.00,مشروع اعمال الكشف واعداد دراسة عن الحالة الانشائية لخزانات الوقود بمحطة معسكر قيادة المنطقة,,"التاريخ: 03/02/1448
الموافق: 18/07/2026",18/07/2026,"التاريخ: 04/02/1448
الموافق: 19/07/2026",19/07/2026,,لا يوجد,داخل المملكة,
1088435,2026-08-15T23:35:45.855547+00:00,0.00,توريد قطع غيار لنظام المبردات رقم 2 لمستشفى الملك عبد الله للأطفال بجده,,"التاريخ: 30/01/1448
الموافق: 15/07/2026",15/07/2026,"التاريخ: 01/02/1448
الموافق: 16/07/2026",16/07/2026,,لا يوجد,داخل المملكة,"صيانة المـراكـز الطبيــة, نظام التكييف المركزي"
1088441,2026-08-15T23:13:50.717377+00:00,0.00,تامين مفارش وأطقم اسرة لسكن الضباط العزاب من الدول الشقيقة والصديقة الملتحقين بالبرامج بجامعة الدفاع الوطني,,"التاريخ: 04/02/1448
الموافق: 19/07/2026",19/07/2026,"التاريخ: 05/02/1448
الموافق: 20/07/2026",20/07/2026,,لا يوجد,داخل المملكة,
1088445,2026-08-15T21:16:16.346608+00:00,200.00,"يهدف طلب تقديم العروض هذا الى إنشاء ممارسات فعالة للبنية المؤسسية وضمان استمراريتها من خلال: 
•	توفير رخص لأدوات البنية المؤسسية 
•	الدعم الفني من خلال توفير متخصص للبنية المؤسسية  
•	استكمال وثائق شهادة المنهجية الوطنية للبنية المؤسسية  (NORA) وجاهزية الأداة لتقديمها لهيئة الحكومة الرقمية لدورة قياس التحول الرقمي للعام 2027",5,"التاريخ: 14/02/1448
الموافق: 29/07/2026",29/07/2026,"التاريخ: 15/02/1448
الموافق: 30/07/2026",30/07/2026,,مقر الهيئة السعودية للسياحة,داخل المملكة,
1088452,2026-08-15T19:56:49.176017+00:00,5000.00,استئجار معدات لبلدية وادي الدواسر  لحاجة إدارة بلاغات 940,10,"التاريخ: 19/03/1448
الموافق: 01/09/2026",01/09/2026,"التاريخ: 27/03/1448
الموافق: 09/09/2026",09/09/2026,,لجنة فتح المظاريف في بلدية وادي الدواسر,داخل المملكة,
1088453,2026-08-15T23:35:53.291194+00:00,0.00,AR26620022   توريد قطع غيار وإصلاح الاليات الخاصة للدفاع المدني بمديرية منطقة الحدود الشمالية,,"التاريخ: 30/01/1448
الموافق: 15/07/2026",15/07/2026,"التاريخ: 01/02/1448
الموافق: 16/07/2026",16/07/2026,,لا يوجد,داخل المملكة,
1088456,2026-08-15T19:56:57.931312+00:00,500.00,تأمين وتوريد مطبوعات رسمية لزوم إمارة منطقة مكة المكرمة,5,"التاريخ: 03/03/1448
الموافق: 16/08/2026",16/08/2026,"التاريخ: 20/03/1448
الموافق: 02/09/2026",02/09/2026,,مكة المكرمة ديوان إمارة منطقة مكة المكرمة,داخل المملكة,
1088457,2026-08-15T19:53:21.560818+00:00,0.00,(UGCC) توريد قطع غيار التكييف لقسم الصيانة,,"التاريخ: 18/02/1448
الموافق: 02/08/2026",02/08/2026,"التاريخ: 03/03/1448
الموافق: 16/08/2026",16/08/2026,,لا يوجد,داخل المملكة,
1088458,2026-08-15T21:25:58.481100+00:00,500.00,عملية  تعزيز المنظومة الكهربائية وربطها بالمولدات الاحتياطية في معسكر الشباب الدائم بالطائف,5,"التاريخ: 17/04/1448
الموافق: 29/09/2026",29/09/2026,"التاريخ: 16/05/1448
الموافق: 27/10/2026",27/10/2026,,وزارة الرياضة الملز شارع الجامعة,داخل المملكة,
1088459,2026-08-15T22:59:55.034416+00:00,0.00,أعمال توريد كوبونات لتوصيل مياه صالحة للشرب لبعض مباني الإدارة العامة للدفاع المدني بمدينة الرياض والمراكز التابعة لها,,"التاريخ: 05/02/1448
الموافق: 20/07/2026",20/07/2026,"التاريخ: 06/02/1448
الموافق: 21/07/2026",21/07/2026,,لا يوجد,داخل المملكة,"صيانة وتشغيل أعمال المياه والصرف الصحي, أعمال المياه والصرف الصحي"
1088465,2026-08-15T20:06:59.061815+00:00,0.00,"توفير وتجديد رخصة الاشتراك لأداة "" الوصول الشامل للمحتوى الرقمي لدعم الوصول الرقمي وتحسين تجربة المستخدم للموقع الإلكتروني للجامعة، وذلك لمدة سنتين، بما يساهم في تعزيز الامتثال لمتطلبات ومعايير الوصول الرقمي، وتمكين جميع فئات المستفيدين بما فيهم الأشخاص ذوو الإعاقة وكبار السن من الوصول إلى المحتوى والخدمات الإلكترونية بكفاءة وسهولة، واعتماد الإرشادات العالمية لقواعد إتاحة محتوى الويب WACG ومعايير إمكانية الوصول لتقديم تجربة أو ضح وأسهل وأكثر أماناً للمستخدم .",,"التاريخ: 21/02/1448
الموافق: 05/08/2026",05/08/2026,"التاريخ: 26/02/1448
الموافق: 10/08/2026",10/08/2026,,لا يوجد,داخل المملكة,
1088466,2026-08-15T19:23:24.491014+00:00,0.00,مواد بناء وصناعية لقسم الخدمات من مواد مستهلكة للتحليم واعمال البناء,,"التاريخ: 21/02/1448
الموافق: 05/08/2026",05/08/2026,"التاريخ: 25/02/1448
الموافق: 09/08/2026",09/08/2026,,لا يوجد,داخل المملكة,
1088474,2026-08-15T19:29:08.150450+00:00,500.00,تأمين متطلبات أمنية لزوم وحدات وزارة الحرس الوطني بالقطاع الغربي.,5,"التاريخ: 20/06/1448
الموافق: 30/11/2026",30/11/2026,"التاريخ: 06/07/1448
الموافق: 15/12/2026",15/12/2026,,وزارة الحرس الوطني مبنى 103 الدور الرابع رقم المكتب 4066,داخل المملكة,
1088475,2026-08-15T22:40:03.034416+00:00,0.00,تأمين الأجهزة الرياضية لتحسين دور التوقيف لصالح الموارد البشرية,,"التاريخ: 11/02/1448
الموافق: 26/07/2026",26/07/2026,"التاريخ: 18/02/1448
الموافق: 02/08/2026",02/08/2026,,لا يوجد,داخل المملكة,
1088476,2026-08-15T22:40:09.713617+00:00,0.00,توريد ديزل لمنظومة انتاج راس الخير 60020756 الساحل الشرقي,,"التاريخ: 26/02/1448
الموافق: 10/08/2026",10/08/2026,"التاريخ: 28/03/1448
الموافق: 10/09/2026",10/09/2026,,لا يوجد,داخل المملكة,
1088480,2026-08-15T21:26:06.030176+00:00,0.00,توريد قطع غيار لمنظومة انتاج راس الخير 60020758 الساحل الشرقي,,"التاريخ: 26/02/1448
الموافق: 10/08/2026",10/08/2026,"التاريخ: 27/03/1448
الموافق: 09/09/2026",09/09/2026,,لا يوجد,داخل المملكة,
1088482,2026-08-15T21:26:11.844969+00:00,0.00,توريد قطع غيار (صمامات) لمنظومة انتاج الجبيل 60020757 الساحل الشرقي,,"التاريخ: 26/02/1448
الموافق: 10/08/2026",10/08/2026,"التاريخ: 27/03/1448
الموافق: 09/09/2026",09/09/2026,,لا يوجد,داخل المملكة,
1088484,2026-08-15T21:16:25.612553+00:00,0.00,دراسة احتياج متطلبات السلامة بالمراكز الرعاية الصحية التابعة لمستشفى الملك فهد العام بجدة,,"التاريخ: 26/02/1448
الموافق: 10/08/2026",10/08/2026,"التاريخ: 04/03/1448
الموافق: 17/08/2026",17/08/2026,,لا يوجد,داخل المملكة,
1088485,2026-08-15T22:48:09.489851+00:00,0.00,تأمين احتياج وزارة الحرس الوطني بسعر عادل,,"التاريخ: 18/02/1448
الموافق: 02/08/2026",02/08/2026,"التاريخ: 19/02/1448
الموافق: 03/08/2026",03/08/2026,,لا يوجد,داخل المملكة,
1088486,2026-08-15T21:01:23.793124+00:00,0.00,تقييم وتحليل المخاطر وإعداد خطط الطوارئ والإخلاء بمستشفى الملك فهد العام بجدة والمباني التابعة له والمراكز الصحية,,"التاريخ: 27/02/1448
الموافق: 11/08/2026",11/08/2026,"التاريخ: 05/03/1448
الموافق: 18/08/2026",18/08/2026,,لا يوجد,داخل المملكة,
1088492,2026-08-15T23:00:01.045638+00:00,0.00,تأمين فلاتر وزيوت متنوعه  تابعه لإدارة الشؤون الفنية المركزية بمنطقة نجران,,"التاريخ: 04/02/1448
الموافق: 19/07/2026",19/07/2026,"التاريخ: 05/02/1448
الموافق: 20/07/2026",20/07/2026,,لا يوجد,داخل المملكة,
1088515,2026-08-15T22:29:11.473056+00:00,0.00,توريد قطع غيار لمجموعة عربات,,"التاريخ: 12/02/1448
الموافق: 27/07/2026",27/07/2026,"التاريخ: 13/02/1448
الموافق: 28/07/2026",28/07/2026,,لا يوجد,داخل المملكة,
1088519,2026-08-15T23:25:10.509137+00:00,0.00,لضمان استمرارية تقديم الرعاية الصحية للمرضى دون انقطاع يتحتم توفير هذا البند,,"التاريخ: 08/02/1448
الموافق: 23/07/2026",23/07/2026,"التاريخ: 09/02/1448
الموافق: 24/07/2026",24/07/2026,,لا يوجد,داخل المملكة,
1088520,2026-08-15T20:13:35.290385+00:00,0.00,لضمان استمرارية تقديم الرعاية الصحية للمرضى دون انقطاع يتحتم توفير هذا البند,,"التاريخ: 21/02/1448
الموافق: 05/08/2026",05/08/2026,"التاريخ: 22/02/1448
الموافق: 06/08/2026",06/08/2026,,لا يوجد,داخل المملكة,
1088522,2026-08-15T23:13:57.197763+00:00,0.00,لضمان استمرارية تقديم الرعاية الصحية للمرضى دون انقطاع يتحتم توفير هذا البنود,,"التاريخ: 08/02/1448
الموافق: 23/07/2026",23/07/2026,"التاريخ: 09/02/1448
الموافق: 24/07/2026",24/07/2026,,لا يوجد,داخل المملكة,
1088524,2026-08-15T23:14:06.193616+00:00,0.00,توربد زيوت صناعية لمنظومة إنتاج الخبر الساحل الشرقي 60020760,,"التاريخ: 28/02/1448
الموافق: 12/08/2026",12/08/2026,"التاريخ: 01/04/1448
الموافق: 13/09/2026",13/09/2026,,لا يوجد,داخل المملكة,
1088527,2026-08-15T21:16:34.296171+00:00,2000.00,إقامة احتفال اليوم الوطني (96) واحتفال الملح,5,"التاريخ: 21/02/1448
الموافق: 05/08/2026",05/08/2026,"التاريخ: 28/02/1448
الموافق: 12/08/2026",12/08/2026,,بلدية محافظة القريات,داخل المملكة,
1088528,2026-08-15T23:25:18.743378+00:00,0.00,60020759 - توريد بنزين لمنظومة انتاج رأس الخير بالساحل الشرقي,,"التاريخ: 21/11/1448
الموافق: 27/04/2027",27/04/2027,"التاريخ: 26/12/1448
الموافق: 01/06/2027",01/06/2027,,لا يوجد,داخل المملكة,
1088531,2026-08-15T21:16:40.165487+00:00,0.00,60020761 - توريد قطع غيار صناعية لمنظومة انتاج رأس الخير بالساحل الشرقي,,"التاريخ: 15/10/1448
الموافق: 23/03/2027",23/03/2027,"التاريخ: 26/12/1448
الموافق: 01/06/2027",01/06/2027,,لا يوجد,داخل المملكة,
1088532,2026-08-15T20:15:34.087904+00:00,0.00,توريد قطع غيار لمنظومة انتاج الخبر 60020762 الساحل الشرقي,5,"التاريخ: 26/02/1448
الموافق: 10/08/2026",10/08/2026,"التاريخ: 27/03/1448
الموافق: 09/09/2026",09/09/2026,,الرياض المركز الرئيسي إدارة المشتريات الدور الرابع مكتب رقم 18,داخل المملكة,
1088535,2026-08-15T18:49:38.979051+00:00,500.00,أعمال صيانة المركز الحضاري بالمحافظة ومركز الحبيل,5,"التاريخ: 14/03/1448
الموافق: 27/08/2026",27/08/2026,"التاريخ: 21/03/1448
الموافق: 03/09/2026",03/09/2026,,الكتروني بمنصة اعتماد,داخل المملكة,
1088536,2026-08-15T20:45:42.743684+00:00,0.00,أعمال صيانة التكييف بالمبنى الرئيسي للبلدية,,"التاريخ: 13/02/1448
الموافق: 28/07/2026",28/07/2026,"التاريخ: 15/02/1448
الموافق: 30/07/2026",30/07/2026,,لا يوجد,داخل المملكة,صيانة المباني
1088537,2026-08-15T21:16:47.560807+00:00,0.00,أعمال صيانة وتوضيب لسيارات النظافة,,"التاريخ: 15/02/1448
الموافق: 30/07/2026",30/07/2026,"التاريخ: 17/02/1448
الموافق: 01/08/2026",01/08/2026,,لا يوجد,داخل المملكة,
1088539,2026-08-15T20:33:23.736490+00:00,0.00,أعمال صيانة اليات ومعدات قسم الحدائق بالبلدية,,"التاريخ: 21/02/1448
الموافق: 05/08/2026",05/08/2026,"التاريخ: 22/02/1448
الموافق: 06/08/2026",06/08/2026,,لا يوجد,داخل المملكة,
1088541,2026-08-15T20:45:49.582790+00:00,2500.00,تنفيذ وتطوير قاعة مجلس الإدارة والمرافق في الدور الخامس للمقر الرئيسي بالهيئة,5,"التاريخ: 03/03/1448
الموافق: 16/08/2026",16/08/2026,"التاريخ: 19/03/1448
الموافق: 01/09/2026",01/09/2026,,المقر الرئيس,داخل المملكة,صيانة المباني
1088545,2026-08-15T18:30:37.017197+00:00,250.00,مشروع تجديد رخص وتشغيل منصة تحليل البيانات,5,"التاريخ: 19/02/1448
الموافق: 03/08/2026",03/08/2026,"التاريخ: 26/02/1448
الموافق: 10/08/2026",10/08/2026,,منصة اعتماد,داخل المملكة,
1088547,2026-08-15T21:47:30.919560+00:00,0.00,تامين الباصات لنقل العاملين بالمستشفي,,"التاريخ: 13/02/1448
الموافق: 28/07/2026",28/07/2026,"التاريخ: 14/02/1448
الموافق: 29/07/2026",29/07/2026,,لا يوجد,داخل المملكة,
1088557,2026-08-15T19:46:11.343013+00:00,500.00,"استبدال خطوط التغذية الرئسية القديمة من مادة GRP بخطوط جديدة من مادة SS316L SCH80. نظرا لتكرار الاعطال التشغيلية وخروج الخطوط التغذية الرئسية لخزانات الجير عن الخدمة, مما يوثر بشكل مباشر على جودة المياة المنتجة مع رفع موثوقية النظام وتقليل اعمال الصيانة.",5,"التاريخ: 20/03/1448
الموافق: 02/09/2026",02/09/2026,"التاريخ: 19/04/1448
الموافق: 01/10/2026",01/10/2026,,•	مكان فتح المظاريف للساحل الشرقي  البريد الإلكتروني الخاص للجنة فتح العروض بالساحل الشرقي – عدنان ( AAlshahab2@swcc.gov.sa  ) محمد ( Mal-huwaidi@swcc.gov.sa ) •	رقم التواصل / سكرتير اللجنة– عدنان الشهاب ( 84797 ) النائب – محمد ( 85631 ) رئيس اللجنة الأستاذ/ عبدالله ( 84999) •	مكان تسليم الضمان ( الأصل ) لجنة فحص العروض بالساحل الشرقي – الجبيل سكرتير اللجنة – يحيى ( 39203) النائب -  حمود ( 39233).,داخل المملكة,
1088563,2026-08-15T23:00:07.771704+00:00,0.00,تأمين قطع غيار لزوم أليات الدفاع المدني بمنطقة المدينة المنورة – شعبة الصيانة المركزية,,"التاريخ: 04/02/1448
الموافق: 19/07/2026",19/07/2026,"التاريخ: 05/02/1448
الموافق: 20/07/2026",20/07/2026,,لا يوجد,داخل المملكة,
1088564,2026-08-15T22:54:28.893501+00:00,0.00,تأمين مستلزمات وأجهزة طبية وقطع غيار لمركز الأمير سلطان لمعالجة أمراض وجراحة القلب,,"التاريخ: 06/02/1448
الموافق: 21/07/2026",21/07/2026,"التاريخ: 07/02/1448
الموافق: 22/07/2026",22/07/2026,,لا يوجد,داخل المملكة,
1088565,2026-08-15T21:16:56.251282+00:00,0.00,توريد وتركيب حامي محركات (استالنس إستيل ) لزوم الوسائط التابعة لقطاع جدة التابعة لقطاع الليث التابعة لقطاع القنفذة التابع لقوة أمن وحماية المرافق البحرية,,"التاريخ: 14/02/1448
الموافق: 29/07/2026",29/07/2026,"التاريخ: 14/03/1448
الموافق: 27/08/2026",27/08/2026,,لا يوجد,داخل المملكة,
1088570,2026-08-15T23:14:11.885316+00:00,0.00,لضمان استمرارية تقديم الرعاية الصحية للمرضى دون انقطاع يتحتم توفير هذا البنود,,"التاريخ: 02/02/1448
الموافق: 17/07/2026",17/07/2026,"التاريخ: 03/02/1448
الموافق: 18/07/2026",18/07/2026,,لا يوجد,داخل المملكة,
1088573,2026-08-15T23:14:17.198497+00:00,0.00,تأمين قطع غيار مع التركيب للناقلة مرسيدس موديل 2005 رقم 66/206 فرع وزارة النقل والخدمات اللوجستية بمنطقة مكة المكرمة,,"التاريخ: 04/02/1448
الموافق: 19/07/2026",19/07/2026,"التاريخ: 05/02/1448
الموافق: 20/07/2026",20/07/2026,,لا يوجد,داخل المملكة,
1088575,2026-08-15T18:35:40.511477+00:00,500.00,تأمين تجهيزات المطابخ والصلات بمركز الضبط الأمني الجديد بالشميسي (تنفيذ على حساب المتعاقد),5,"التاريخ: 15/05/1448
الموافق: 26/10/2026",26/10/2026,"التاريخ: 22/05/1448
الموافق: 02/11/2026",02/11/2026,,الإدارة العامة للمشتريات والعقود بمجمع الأمن العام الجديد بمدينة التدريب,داخل المملكة,
1088579,2026-08-15T22:06:24.379150+00:00,0.00,SIDE DRILL FOR INFNANT WARMER MODEL : BQ-80,,"التاريخ: 11/02/1448
الموافق: 26/07/2026",26/07/2026,"التاريخ: 12/02/1448
الموافق: 27/07/2026",27/07/2026,,لا يوجد,داخل المملكة,
1088580,2026-08-15T20:17:56.128128+00:00,0.00,توريد قطع غيار الآلات الموسيقية لرئاسة الحرس الملكي,,"التاريخ: 13/03/1448
الموافق: 26/08/2026",26/08/2026,"التاريخ: 03/05/1448
الموافق: 14/10/2026",14/10/2026,,لا يوجد,داخل المملكة,
1088583,2026-08-15T21:17:03.611267+00:00,300.00,صيانة الات مطابع رئاسة الحرس الملكي,10,"التاريخ: 28/03/1448
الموافق: 10/09/2026",10/09/2026,"التاريخ: 12/04/1448
الموافق: 24/09/2026",24/09/2026,,عبر منصة اعتماد,داخل المملكة,
1088590,2026-08-15T22:06:29.636666+00:00,0.00,تأمين أحبار ألة تصوير تصوير كانون لمكتب مدير عام الشؤون الإدارية والمالية بالقطاع الغربي,,"التاريخ: 11/02/1448
الموافق: 26/07/2026",26/07/2026,"التاريخ: 13/02/1448
الموافق: 28/07/2026",28/07/2026,,لا يوجد,داخل المملكة,
1088593,2026-08-15T20:26:29.300675+00:00,500.00,تهدف المنافسة الى تقديم خدمات إدارة وتشغيل نظام إدارة علاقات العملاء (CRM)، بما يشمل تشغيل النظام وضمان استمراريته بكفاءة وموثوقية، وتقديم الدعم الفني والتشغيلي، ومعالجة الأعطال والملاحظات، وتنفيذ التحديثات والتحسينات اللازمة، إضافة الى دعم المستخدمين وإدارة الطلبات المرتبطة بالنظام، وذلك بما يسهم في رفع كفاءة التشغيل وتحسين جودة الخدمات المقدمة للمستفيدين.,5,"التاريخ: 16/04/1448
الموافق: 28/09/2026",28/09/2026,"التاريخ: 17/05/1448
الموافق: 28/10/2026",28/10/2026,,المؤسسة العامة لتحلية المياه المالحة – الرياض – العليا – طريق الملك فهد  الدور الرابع لجنة فتح المظاريف,داخل المملكة,
1088596,2026-08-15T21:17:11.741742+00:00,0.00,الغرض من المنافسة هي تجديد رخص خدمة منصة الاشعارات الخاصة بالهيئة لعدد 10 مليون رسالة لمدة سنة.,5,"التاريخ: 14/02/1448
الموافق: 29/07/2026",29/07/2026,"التاريخ: 15/02/1448
الموافق: 30/07/2026",30/07/2026,,هيئة التأمين - مركز الملك عبدالله المالي برج تداول الدور 18,داخل المملكة,
1088597,2026-08-15T20:37:55.627616+00:00,0.00,"SUPPLY AND INSTALL HANDICAPED STICKERS/SIGNAGE, SIZE. LXW; SAME EXISTING,",,"التاريخ: 06/03/1448
الموافق: 19/08/2026",19/08/2026,"التاريخ: 07/03/1448
الموافق: 20/08/2026",20/08/2026,,لا يوجد,داخل المملكة,
1088598,2026-08-15T21:01:31.824163+00:00,500.00,يهدف المشروع إلى تمديد التراخيص والدعم الفني لعدة أنظمة,5,"التاريخ: 17/04/1448
الموافق: 29/09/2026",29/09/2026,"التاريخ: 18/05/1448
الموافق: 29/10/2026",29/10/2026,,المؤسسة العامة لتحلية المياه المالحة – الرياض – العليا – طريق الملك فهد  الدور الرابع لجنة فتح المظاريف,داخل المملكة,
1088600,2026-08-15T20:38:02.700817+00:00,0.00,"PUMP, SUBMERSIBLE. KSB-D67225, MODEL AMA DRAINER A515. ND/10K, 220V. 3 PHASE.
60 HZ. 1.5 KW.O- 2.31 M3/HR. H=16.2- 4 MTR",,"التاريخ: 06/03/1448
الموافق: 19/08/2026",19/08/2026,"التاريخ: 07/03/1448
الموافق: 20/08/2026",20/08/2026,,لا يوجد,داخل المملكة,
1088601,2026-08-15T23:00:14.562837+00:00,0.00,استئجار مولدات وتوريد بنية تحتية بالرياض .............................................,,"التاريخ: 08/02/1448
الموافق: 23/07/2026",23/07/2026,"التاريخ: 15/02/1448
الموافق: 30/07/2026",30/07/2026,,لا يوجد,داخل المملكة,
1088602,2026-08-15T20:38:09.689972+00:00,0.00,"CENTRIFUGAL PUMP, IN LINE, MULTI STAGE Q- 480 GPM, HD-290 FT. RPM-3500;
SUCTION :6 "" DISCHARGE: 4 "" MOTOR- 100HP 3P",,"التاريخ: 06/03/1448
الموافق: 19/08/2026",19/08/2026,"التاريخ: 07/03/1448
الموافق: 20/08/2026",20/08/2026,,لا يوجد,داخل المملكة,
1088604,2026-08-15T20:38:17.003375+00:00,0.00,STAINLESS STEEL ANGLE BAR 4 X 4 X 600 X 6MM THICKNESS,,"التاريخ: 05/03/1448
الموافق: 18/08/2026",18/08/2026,"التاريخ: 06/03/1448
الموافق: 19/08/2026",19/08/2026,,لا يوجد,داخل المملكة,
1088606,2026-08-15T20:38:25.879292+00:00,0.00,"SUPPLY AND INSTALL STEEL LAUNDRY GARBAGE DOOR WITH FRAME,, SIZE 244 X
145CM X 3M. THICKNESS < AS PER SAMPLE)",,"التاريخ: 05/03/1448
الموافق: 18/08/2026",18/08/2026,"التاريخ: 06/03/1448
الموافق: 19/08/2026",19/08/2026,,لا يوجد,داخل المملكة,
1088608,2026-08-15T20:29:40.164004+00:00,0.00,الحــاجة الماسة للبند لمستشفى قوى الأمن بـــرياض,,"التاريخ: 19/02/1448
الموافق: 03/08/2026",03/08/2026,"التاريخ: 20/02/1448
الموافق: 04/08/2026",04/08/2026,,لا يوجد,داخل المملكة,
1088609,2026-08-15T20:38:33.734157+00:00,0.00,"COVIDIEN SHARP CONTAINER HOLDER WALL MOUNT WITH SECURITY LOCK AS PER
SAMPLE",,"التاريخ: 05/03/1448
الموافق: 18/08/2026",18/08/2026,"التاريخ: 06/03/1448
الموافق: 19/08/2026",19/08/2026,,لا يوجد,داخل المملكة,
1088610,2026-08-15T20:38:41.557506+00:00,0.00,"GLIDE ROOL DUAL MOTOR UNIT HEAVY DUTY MOOSA GARAGE DOOR RELEASE PIN. AS
PER SAMPLE",,"التاريخ: 05/03/1448
الموافق: 18/08/2026",18/08/2026,"التاريخ: 06/03/1448
الموافق: 19/08/2026",19/08/2026,,لا يوجد,داخل المملكة,
1088611,2026-08-15T20:29:47.895482+00:00,0.00,الحــاجة الماسة للبند لمستشفى قوى الأمن بـــرياض,,"التاريخ: 19/02/1448
الموافق: 03/08/2026",03/08/2026,"التاريخ: 20/02/1448
الموافق: 04/08/2026",04/08/2026,,لا يوجد,داخل المملكة,
1088612,2026-08-15T20:38:47.450251+00:00,0.00,"INSTALL HEAVY DUTY INDUSTRIAL STORAGE RACK WITH ARM AND SHELVES 4 LAYER.
SIZE 450CM X 90CM AS PER SAMPLE AVAILABLE.",,"التاريخ: 05/03/1448
الموافق: 18/08/2026",18/08/2026,"التاريخ: 06/03/1448
الموافق: 19/08/2026",19/08/2026,,لا يوجد,داخل المملكة,
1088613,2026-08-15T23:14:24.898523+00:00,0.00,صيانة واصلاح مظلات السيارات بمواقع مجموعة الدفاع الجوي الثانية,,"التاريخ: 08/02/1448
الموافق: 23/07/2026",23/07/2026,"التاريخ: 15/02/1448
الموافق: 30/07/2026",30/07/2026,,لا يوجد,داخل المملكة,
1088614,2026-08-15T20:38:52.738705+00:00,0.00,"SCHAMIER SERIES 2600 CLIP TYPE HINGES AS PER SAMPLE, (VISIT SITE FOR SAMPLE)",,"التاريخ: 05/03/1448
الموافق: 18/08/2026",18/08/2026,"التاريخ: 06/03/1448
الموافق: 19/08/2026",19/08/2026,,لا يوجد,داخل المملكة,
1088616,2026-08-15T21:47:38.028536+00:00,0.00,تأمين قطع غيار واصلاح اليات الدفاع المدني بمنطقة مكة المكرمة,,"التاريخ: 12/02/1448
الموافق: 27/07/2026",27/07/2026,"التاريخ: 13/02/1448
الموافق: 28/07/2026",28/07/2026,,لا يوجد,داخل المملكة,
1088617,2026-08-15T21:47:46.094804+00:00,0.00,تأمين قطع غيار واصلاح اليات الدفاع المدني بمنطقة مكة المكرمة,,"التاريخ: 12/02/1448
الموافق: 27/07/2026",27/07/2026,"التاريخ: 13/02/1448
الموافق: 28/07/2026",28/07/2026,,لا يوجد,داخل المملكة,
1088618,2026-08-15T20:39:00.180658+00:00,0.00,"FABRICATE STAINLESS STEEL TABLE WITH DRAWER LOCK & HANDLE 3.8/2MM, 4X4
TUBE & 152 X 90 X 50CM AS PFR ATTACHMFNT",,"التاريخ: 05/03/1448
الموافق: 18/08/2026",18/08/2026,"التاريخ: 06/03/1448
الموافق: 19/08/2026",19/08/2026,,لا يوجد,داخل المملكة,
1088619,2026-08-15T19:41:16.250504+00:00,0.00,الحاجة الطارئة والعاجلة لتوفير قطع غيار طائرات للعطل الطارئ وبناء على توقف الطائرة وخروجها عن الخدمة لإدارة الإخلاء الطبي الجوي,,"التاريخ: 01/02/1448
الموافق: 16/07/2026",16/07/2026,"التاريخ: 04/02/1448
الموافق: 19/07/2026",19/07/2026,,لا يوجد,داخل المملكة,
1088620,2026-08-15T23:00:21.412645+00:00,0.00,توريد مواد مكتبيه لمدينة الملك عبدالعزيز الطبية بجده,,"التاريخ: 04/02/1448
الموافق: 19/07/2026",19/07/2026,"التاريخ: 05/02/1448
الموافق: 20/07/2026",20/07/2026,,لا يوجد,داخل المملكة,
1088621,2026-08-15T21:47:51.693362+00:00,0.00,تأمين قطع غيار واصلاح اليات الدفاع المدني بمنطقة مكة المكرمة,,"التاريخ: 12/02/1448
الموافق: 27/07/2026",27/07/2026,"التاريخ: 13/02/1448
الموافق: 28/07/2026",28/07/2026,,لا يوجد,داخل المملكة,
1088622,2026-08-15T20:45:57.557390+00:00,0.00,"CONTRACTOR TO REMOVE THE HALON-1301 FIRE SUPPRESSION SYSTEM, INCLUDING
ITS ACCESSORIES fPIPlNG. PANEL) LOCATED IN EMP.",,"التاريخ: 05/03/1448
الموافق: 18/08/2026",18/08/2026,"التاريخ: 09/04/1451
الموافق: 19/08/2029",19/08/2029,,لا يوجد,داخل المملكة,
1088623,2026-08-15T23:14:31.550736+00:00,0.00,توريد وتركيب إطارات لعدد سيارتان تابعة لقضاة الاستئناف بمنطقة القصيم,,"التاريخ: 07/02/1448
الموافق: 22/07/2026",22/07/2026,"التاريخ: 08/02/1448
الموافق: 23/07/2026",23/07/2026,,لا يوجد,داخل المملكة,
1088625,2026-08-15T20:39:05.243542+00:00,0.00,SUPPLY & INSTALL PVC CANOPYS FABRICS,,"التاريخ: 05/03/1448
الموافق: 18/08/2026",18/08/2026,"التاريخ: 06/03/1448
الموافق: 19/08/2026",19/08/2026,,لا يوجد,داخل المملكة,
1088626,2026-08-15T23:00:28.598056+00:00,0.00,توريد مواد لمدينة الملك عبدالعزيز الطبية بجده,,"التاريخ: 04/02/1448
الموافق: 19/07/2026",19/07/2026,"التاريخ: 05/02/1448
الموافق: 20/07/2026",20/07/2026,,لا يوجد,داخل المملكة,
1088628,2026-08-15T21:47:58.718846+00:00,0.00,TABLE TOP MEAT MINCER 32. 220 - 240 VOLTS. 60HZ. DIM - 350 X 560 X 590,,"التاريخ: 14/02/1448
الموافق: 29/07/2026",29/07/2026,"التاريخ: 15/02/1448
الموافق: 30/07/2026",30/07/2026,,لا يوجد,داخل المملكة,
1088630,2026-08-15T22:40:16.812789+00:00,0.00,توريد اكياس صيدلية كبير ( الخدمات ),,"التاريخ: 28/02/1448
الموافق: 12/08/2026",12/08/2026,"التاريخ: 05/03/1448
الموافق: 18/08/2026",18/08/2026,,لا يوجد,داخل المملكة,
1088631,2026-08-15T20:46:10.286151+00:00,0.00,AGLAONEMA (SILVER BAY),,"التاريخ: 05/03/1448
الموافق: 18/08/2026",18/08/2026,"التاريخ: 06/03/1448
الموافق: 19/08/2026",19/08/2026,,لا يوجد,داخل المملكة,
1088632,2026-08-15T20:39:11.600912+00:00,0.00,"THE CONTRACTOR TO REMOVE AND SUPPLY, INSTALL A STAINLESS STEEL MATERIAL
1304 SSiWITH 1-1/6"" THICKNESS FOR WAl 1 SAND CP",,"التاريخ: 13/03/1448
الموافق: 26/08/2026",26/08/2026,"التاريخ: 14/03/1448
الموافق: 27/08/2026",27/08/2026,,لا يوجد,داخل المملكة,
1088633,2026-08-15T22:10:18.080779+00:00,0.00,توريد مواد طبيه لمدينة الملك عبدالعزيز الطبية بجده,,"التاريخ: 04/02/1448
الموافق: 19/07/2026",19/07/2026,"التاريخ: 05/02/1448
الموافق: 20/07/2026",20/07/2026,,لا يوجد,داخل المملكة,
1088634,2026-08-15T20:39:17.972475+00:00,0.00,توريد قطع غيار ميكانيكية لمنظومة انتاج ينبع 60020562,5,"التاريخ: 19/02/1448
الموافق: 03/08/2026",03/08/2026,"التاريخ: 05/03/1448
الموافق: 18/08/2026",18/08/2026,,المؤسسة العامة لتحلية المياه المالحة – الرياض – العليا – طريق الملك فهد الدور الرابع لجنة فتح المظاريف,داخل المملكة,
1088635,2026-08-15T20:46:17.634351+00:00,0.00,"CYLINDER, MEDICAL OXYGEN, ""E"" SIZE,PIN INDEX, ALUMINUM",,"التاريخ: 13/03/1448
الموافق: 26/08/2026",26/08/2026,"التاريخ: 14/03/1448
الموافق: 27/08/2026",27/08/2026,,لا يوجد,داخل المملكة,
1088636,2026-08-15T20:46:25.186516+00:00,0.00,"CLEAR GLASS INCANDESCENT FILAMENT LIGHT BULB S11, 40W, E27. 220V",,"التاريخ: 05/03/1448
الموافق: 18/08/2026",18/08/2026,"التاريخ: 06/03/1448
الموافق: 19/08/2026",19/08/2026,,لا يوجد,داخل المملكة,
1088638,2026-08-15T21:34:42.170553+00:00,0.00,تامين حافظ حرارة (مق) حسب المواصفات المطلوبة,,"التاريخ: 12/02/1448
الموافق: 27/07/2026",27/07/2026,"التاريخ: 13/02/1448
الموافق: 28/07/2026",28/07/2026,,لا يوجد,داخل المملكة,
1088639,2026-08-15T21:01:38.478211+00:00,0.00,"SUPPORT, TUB / DRUM, WH17 X 0091",,"التاريخ: 27/02/1448
الموافق: 11/08/2026",11/08/2026,"التاريخ: 10/03/1449
الموافق: 12/08/2027",12/08/2027,,لا يوجد,داخل المملكة,
1088640,2026-08-15T20:26:36.616674+00:00,0.00,توريد مواد طبيه لمدينة الملك عبدالعزيز الطبية بجده,,"التاريخ: 04/02/1448
الموافق: 19/07/2026",19/07/2026,"التاريخ: 05/02/1448
الموافق: 20/07/2026",20/07/2026,,لا يوجد,داخل المملكة,
1088641,2026-08-15T20:39:25.262230+00:00,0.00,توريد مضخة لمنظومة انتاج ينبع 60020636,,"التاريخ: 19/02/1448
الموافق: 03/08/2026",03/08/2026,"التاريخ: 05/03/1448
الموافق: 18/08/2026",18/08/2026,,لا يوجد,داخل المملكة,
1088644,2026-08-15T22:19:33.689768+00:00,0.00,توريد وتركيب مظلات لمبنى مديرية مكافحة المخدرات بمنطقة الحدود الشمالية,,"التاريخ: 08/02/1448
الموافق: 23/07/2026",23/07/2026,"التاريخ: 11/02/1448
الموافق: 26/07/2026",26/07/2026,,لا يوجد,داخل المملكة,
1088647,2026-08-15T20:46:33.046586+00:00,0.00,"LED PANEL DOWNLIGHT 85-220V 50/60HZ K6500, 25000HR., PF0.5, OPERATING",,"التاريخ: 05/03/1448
الموافق: 18/08/2026",18/08/2026,"التاريخ: 06/03/1448
الموافق: 19/08/2026",19/08/2026,,لا يوجد,داخل المملكة,
1088649,2026-08-15T20:39:30.953679+00:00,0.00,توريد صمامات لمنظومة انتاج ينبع 60020556,5,"التاريخ: 19/02/1448
الموافق: 03/08/2026",03/08/2026,"التاريخ: 05/03/1448
الموافق: 18/08/2026",18/08/2026,,المؤسسة العامة لتحلية المياه المالحة – الرياض – العليا – طريق الملك فهد الدور الرابع لجنة فتح المظاريف,داخل المملكة,
1088650,2026-08-15T20:46:40.608390+00:00,0.00,"THREE POLE 30 AMP,PART # QO 330,1D324 BRAND :GE/ SCHNEIDER ELECTRIC,
SQUARE ""D""",,"التاريخ: 06/03/1448
الموافق: 19/08/2026",19/08/2026,"التاريخ: 07/03/1448
الموافق: 20/08/2026",20/08/2026,,لا يوجد,داخل المملكة,
1088651,2026-08-15T20:39:39.929494+00:00,0.00,توريد قطع غيار ميكانيكية لمنظومة انتاج ينبع 60020547,5,"التاريخ: 19/02/1448
الموافق: 03/08/2026",03/08/2026,"التاريخ: 05/03/1448
الموافق: 18/08/2026",18/08/2026,,المؤسسة العامة لتحلية المياه المالحة – الرياض – العليا – طريق الملك فهد الدور الرابع لجنة فتح المظاريف,داخل المملكة,
1088652,2026-08-15T20:46:47.537984+00:00,0.00,"THERMAL MAGNETIC PLUG-IN CIRCUIT BREAKER'S SINGLE POLE 10AMP, PART#
00110.5B720 fGE/SCHNEIDER ELECTRIC. SQUARE ""D""",,"التاريخ: 06/03/1448
الموافق: 19/08/2026",19/08/2026,"التاريخ: 07/03/1448
الموافق: 20/08/2026",20/08/2026,,لا يوجد,داخل المملكة,
1088653,2026-08-15T22:40:23.685238+00:00,0.00,توريد احبار,,"التاريخ: 28/02/1448
الموافق: 12/08/2026",12/08/2026,"التاريخ: 12/03/1448
الموافق: 25/08/2026",25/08/2026,,لا يوجد,داخل المملكة,
1088658,2026-08-15T20:46:55.159662+00:00,0.00,"CONTRACTOR TO SUPPLY INSTALL TESTING & COMMISIONING 1 UNITS GATE BARRIER
COMPLETE SET ASSEMBLY PUT SYAL ACCESS CONTROL",,"التاريخ: 05/03/1448
الموافق: 18/08/2026",18/08/2026,"التاريخ: 06/03/1448
الموافق: 19/08/2026",19/08/2026,,لا يوجد,داخل المملكة,
1088660,2026-08-15T20:47:03.214134+00:00,0.00,"CUPPLY SOYALACCESS CONTROL SYSTEM COMPLETE SET ASSEMBLY (SEE
ATTACHED",,"التاريخ: 06/03/1448
الموافق: 19/08/2026",19/08/2026,"التاريخ: 07/03/1448
الموافق: 20/08/2026",20/08/2026,,لا يوجد,داخل المملكة,
1088662,2026-08-15T21:17:20.536989+00:00,0.00,تجديد عقد الرخص للمنصة الرقمية,5,"التاريخ: 21/02/1448
الموافق: 05/08/2026",05/08/2026,"التاريخ: 28/02/1448
الموافق: 12/08/2026",12/08/2026,,برنامج الخدمات المشتركة,داخل المملكة,
1088664,2026-08-15T20:47:12.079922+00:00,0.00,"CONTACTOR SIEMENS 50A, PART # 3RT1034-1AN20, COIL VOLTAGE: 220V/60-60HZ",,"التاريخ: 06/03/1448
الموافق: 19/08/2026",19/08/2026,"التاريخ: 07/03/1448
الموافق: 20/08/2026",20/08/2026,,لا يوجد,داخل المملكة,
1088666,2026-08-15T22:06:35.369399+00:00,0.00,"PROVISION OF ONE MONTH (1) MONTH OF COMPLETE AND FULL COMPREHENSIVE
MAINTENACE SERVICES fPREVENTIVE AND CORRECTIVE) OF",,"التاريخ: 15/02/1448
الموافق: 30/07/2026",30/07/2026,"التاريخ: 16/02/1448
الموافق: 31/07/2026",31/07/2026,,لا يوجد,داخل المملكة,
1088667,2026-08-15T21:01:46.432319+00:00,0.00,"65 AMP, 6P0LE CIRCUIT BREAKER, NO NC DIVICE NO.OF POLE 1-6 VOLTAGE
:190/480.50-60HZ. PART.# CD 6-Z41-2W.",,"التاريخ: 27/02/1448
الموافق: 11/08/2026",11/08/2026,"التاريخ: 28/02/1448
الموافق: 12/08/2026",12/08/2026,,لا يوجد,داخل المملكة,
1088673,2026-08-15T20:47:20.376059+00:00,0.00,"COMPRESSOR MPT12RG BRAND, DANFOSS HUAYI, MODEL# MPT12RGPART# 123B2703.
REFRIGANT-R404-VOLTAGE 200 - 220, 50/60HZ, SINGL",,"التاريخ: 05/03/1448
الموافق: 18/08/2026",18/08/2026,"التاريخ: 06/03/1448
الموافق: 19/08/2026",19/08/2026,,لا يوجد,داخل المملكة,
1088675,2026-08-15T20:47:26.331848+00:00,0.00,"COPELAND COMPRESSOR MODEL# CRNQ • 05DE - TF5 - 556, V-220 / 230. PH-3, LRA130",,"التاريخ: 06/03/1448
الموافق: 19/08/2026",19/08/2026,"التاريخ: 07/03/1448
الموافق: 20/08/2026",20/08/2026,,لا يوجد,داخل المملكة,
1088677,2026-08-15T20:47:33.198903+00:00,0.00,"MUFFLER FOR CARRIER, SIZE 1-5/8"", PART-06 EA500 712, DIMENSION - TL - 700MM",,"التاريخ: 06/03/1448
الموافق: 19/08/2026",19/08/2026,"التاريخ: 07/03/1448
الموافق: 20/08/2026",20/08/2026,,لا يوجد,داخل المملكة,
1088679,2026-08-15T20:47:39.625930+00:00,0.00,PIPE PP-RCT CLASS2 / S 3.2. 25MM. A.P.I (MFR-A.P.I PIPE COM,,"التاريخ: 05/03/1448
الموافق: 18/08/2026",18/08/2026,"التاريخ: 06/03/1448
الموافق: 19/08/2026",19/08/2026,,لا يوجد,داخل المملكة,
1088680,2026-08-15T20:47:45.052834+00:00,0.00,"1/2"" HIGH PRESSURE FLEXIBLE HOSE LEAK PROOF WATER PIPE 60CM HEAVY DUTY",,"التاريخ: 13/03/1448
الموافق: 26/08/2026",26/08/2026,"التاريخ: 14/03/1448
الموافق: 27/08/2026",27/08/2026,,لا يوجد,داخل المملكة,
1088682,2026-08-15T21:01:54.374512+00:00,0.00,"GOOSNECK SPOUT NUT TYPE AMERICAN STANDARD 4"" FAUCET# 7500 & 7502",,"التاريخ: 12/03/1448
الموافق: 25/08/2026",25/08/2026,"التاريخ: 13/03/1448
الموافق: 26/08/2026",26/08/2026,,لا يوجد,داخل المملكة,
1088683,2026-08-15T21:02:02.621033+00:00,0.00,FLUSHING MECHNISAM FOR LAMA COMPLETE SET (SIDEFEED) WO! SAUDI CERAMICS,,"التاريخ: 05/03/1448
الموافق: 18/08/2026",18/08/2026,"التاريخ: 06/03/1448
الموافق: 19/08/2026",19/08/2026,,لا يوجد,داخل المملكة,
1088684,2026-08-15T21:02:11.007315+00:00,0.00,"80 GALLON ELECTRIC WATER HEATER ""BRADFORD"" WHITE VERTICAL",,"التاريخ: 27/02/1448
الموافق: 11/08/2026",11/08/2026,"التاريخ: 28/02/1448
الموافق: 12/08/2026",12/08/2026,,لا يوجد,داخل المملكة,
1088687,2026-08-15T21:02:17.658517+00:00,0.00,"3/4"" STAINLESS STEEL FLEXIBLE HOSE WITH RUBBER INSULATE",,"التاريخ: 05/03/1448
الموافق: 18/08/2026",18/08/2026,"التاريخ: 06/03/1448
الموافق: 19/08/2026",19/08/2026,,لا يوجد,داخل المملكة,
1088688,2026-08-15T21:02:25.036383+00:00,0.00,"EQUAL TEE PR-ROT, CLASS 5 - 25MM",,"التاريخ: 15/02/1448
الموافق: 30/07/2026",30/07/2026,"التاريخ: 16/02/1448
الموافق: 31/07/2026",31/07/2026,,لا يوجد,داخل المملكة,
1088689,2026-08-15T21:17:26.691229+00:00,0.00,"توريد المواد وقطع الغيار (GASKET, SEAL )الهيئة السعودية للمياه منظومة انتاج الشعيبة - الساحل الغربي- 60020778",,"التاريخ: 29/02/1448
الموافق: 13/08/2026",13/08/2026,"التاريخ: 18/03/1448
الموافق: 31/08/2026",31/08/2026,,لا يوجد,داخل المملكة,
1088693,2026-08-15T20:26:43.239458+00:00,0.00,"JETS 95 MB VACUUMARATOR PUMP , COMPLETE WITH MOTOR",,"التاريخ: 28/02/1448
الموافق: 12/08/2026",12/08/2026,"التاريخ: 29/02/1448
الموافق: 13/08/2026",13/08/2026,,لا يوجد,داخل المملكة,
1088694,2026-08-15T21:17:33.330459+00:00,0.00,توريد المواد وقطع الغيار (SEAL MECHANICAL )الهيئة السعودية للمياه منظومة انتاج الشعيبة- الساحل الغربي- 60020776,5,"التاريخ: 04/03/1448
الموافق: 17/08/2026",17/08/2026,"التاريخ: 19/03/1448
الموافق: 01/09/2026",01/09/2026,,الادارة التنفيذية للإمداد بالمركز الرئيسي بالرياض,داخل المملكة,
1088695,2026-08-15T21:02:32.524415+00:00,0.00,CHAMBER TOP COMPLETE,,"التاريخ: 15/02/1448
الموافق: 30/07/2026",30/07/2026,"التاريخ: 16/02/1448
الموافق: 31/07/2026",31/07/2026,,لا يوجد,داخل المملكة,
1088696,2026-08-15T21:58:15.327827+00:00,0.00,منافسة MK26620110 توريد قطع غيار واصلاح الية,,"التاريخ: 11/02/1448
الموافق: 26/07/2026",26/07/2026,"التاريخ: 12/02/1448
الموافق: 27/07/2026",27/07/2026,,لا يوجد,داخل المملكة,
1088697,2026-08-15T21:17:42.513580+00:00,0.00,LAMP FOR OVEN 220V 15W E14 300DEG.C.,,"التاريخ: 15/02/1448
الموافق: 30/07/2026",30/07/2026,"التاريخ: 16/02/1448
الموافق: 31/07/2026",31/07/2026,,لا يوجد,داخل المملكة,
1088698,2026-08-15T21:17:49.170261+00:00,0.00,HOLDER FOR HEATING COIL CERAMIC,,"التاريخ: 15/02/1448
الموافق: 30/07/2026",30/07/2026,"التاريخ: 16/02/1448
الموافق: 31/07/2026",31/07/2026,,لا يوجد,داخل المملكة,
1088700,2026-08-15T21:07:42.867907+00:00,0.00,اساور حماية المواليد,,"التاريخ: 14/02/1448
الموافق: 29/07/2026",29/07/2026,"التاريخ: 15/02/1448
الموافق: 30/07/2026",30/07/2026,,لا يوجد,داخل المملكة,
1088703,2026-08-15T20:47:53.125842+00:00,0.00,"MEASURING TAPE 25FT (LEVER LOCK) STANLEY # 30-825,STOCK # 38B93",,"التاريخ: 06/03/1448
الموافق: 19/08/2026",19/08/2026,"التاريخ: 07/03/1448
الموافق: 20/08/2026",20/08/2026,,لا يوجد,داخل المملكة,
1088711,2026-08-15T20:33:31.965621+00:00,0.00,صيانة الرصيف العائم  بمركز البركية بقيادة حرس الحدود بمنطقة المدينة المنورة – ينبع ( بعد المعاينة ),,"التاريخ: 05/02/1448
الموافق: 20/07/2026",20/07/2026,"التاريخ: 06/02/1448
الموافق: 21/07/2026",21/07/2026,,لا يوجد,داخل المملكة,الأعمال البحــريـة
1088713,2026-08-15T22:48:14.320063+00:00,0.00,مشروع صيانة دورية لمصاعد سكن الضباط المتأهلين ومبنى القيادة بالمنطقة الغربية,,"التاريخ: 05/02/1448
الموافق: 20/07/2026",20/07/2026,"التاريخ: 06/02/1448
الموافق: 21/07/2026",21/07/2026,,لا يوجد,داخل المملكة,"صيانة وتشغيل الأعمال الميكانيكيـة, صيانة المباني"
1088715,2026-08-15T22:29:19.363412+00:00,0.00,اعمال إصلاح وصيانة لزوم إدارة الدفاع المدني بمدينة جيزان ومركز البلد بمنطقة جازان,,"التاريخ: 07/02/1448
الموافق: 22/07/2026",22/07/2026,"التاريخ: 11/02/1448
الموافق: 26/07/2026",26/07/2026,,لا يوجد,داخل المملكة,"صيانة المباني, المبـــاني"
1088725,2026-08-15T19:57:05.295568+00:00,500.00,- تأمين وتركيب وتجهيز متطلبات المعسكرات الميدانية (المنطقة الوسطى والقطاعيين الغربي والشرقي).,5,"التاريخ: 14/05/1448
الموافق: 25/10/2026",25/10/2026,"التاريخ: 30/05/1448
الموافق: 10/11/2026",10/11/2026,,المبنى الرئيسي - الدور الرابع - قاعة رقم 4066,داخل المملكة,
1088728,2026-08-15T19:57:12.702580+00:00,500.00,يسعى مجلس الشورى ممثلاً في إدارة أمن المعلومات إلى تعزيز الأمن السيبراني من خلال الشركات المتخصصة في تقديم و توريد رخص أنظمة الأمن السيبراني لمجلس الشورى لتلبية متطلبات الهيئة الوطنية للأمن السيبراني.,5,"التاريخ: 22/02/1448
الموافق: 06/08/2026",06/08/2026,"التاريخ: 25/02/1448
الموافق: 09/08/2026",09/08/2026,,مجلس الشورى,داخل المملكة,
1088729,2026-08-15T19:46:19.475061+00:00,500.00,تهدف هذه المنافسة إلى التعاقد مع جهة مؤهلة ومعتمدة لتنفيذ أعمال المعايرة الدورية  لمدة سنتين لأجهزة مختبرات المرحلة الثالثة بمنظومة تحلية مياه البحر بينبع ومختبرات وحدات التحلية الشمالية ( أملج – الوجه – ضباء – حقل) بما يضمن استمرارية كفاءة الأجهزة وموثوقية نتائج التحاليل، وذلك وفقاً لمتطلبات المواصفات القياسية الدولية ISO/IEC 17025.,5,"التاريخ: 03/03/1448
الموافق: 16/08/2026",16/08/2026,"التاريخ: 08/04/1448
الموافق: 20/09/2026",20/09/2026,,مكان تسليم العروض في المبنى الرئيسي لمنظومة انتاج جدة الدور الثاني قسم المشاريع,داخل المملكة,
1088731,2026-08-15T21:02:39.829949+00:00,15000.00,"تأهيل وتشجير وإنشاء شبكات ري جزر طريق الملك سعود بن عبدالعزيز (القشلة) – بحاضرة الدمام 
تهدف هذه المنافسة إلى تشغيل وتأهيل أعمال متكاملة في المواقع المحددة ضمن نطاق مدينة الدمام ورفع كفاءتها الوظيفية والمكانية، من خلال تنفيذ جميع الأعمال المدنية والتنسيقية والخدمية المرتبطة بالمكونات الطبيعية والعناصر المصاحبة لها، وفق المعايير الفنية المعتمدة والأنظمة ذات العلاقة، وتتضمن الأعمال مسؤولية المتعاقد الكاملة عن التخطيط والتنفيذ والتوريد والتركيب والفحص والتشغيل الابتدائي",5,"التاريخ: 29/02/1448
الموافق: 13/08/2026",13/08/2026,"التاريخ: 02/05/1448
الموافق: 13/10/2026",13/10/2026,,امانة المنطقة الشرقية,داخل المملكة,
1088736,2026-08-15T23:00:35.650869+00:00,0.00,توريد غاز البترول المسال لمستشفى الحرس الوطني التابع لوزارة الحرس الوطني بالأحساء (حتمي ) عقد حسب الحاجه لمده سنه,,"التاريخ: 11/02/1448
الموافق: 26/07/2026",26/07/2026,"التاريخ: 13/02/1448
الموافق: 28/07/2026",28/07/2026,,لا يوجد,داخل المملكة,
1088737,2026-08-15T21:17:55.711316+00:00,0.00,مشروع ترميم وصيانة موقع فريق عمل دورة الإيرادات المركزي RCM,,"التاريخ: 27/02/1448
الموافق: 11/08/2026",11/08/2026,"التاريخ: 14/03/1448
الموافق: 27/08/2026",27/08/2026,,لا يوجد,داخل المملكة,
1088741,2026-08-15T23:09:37.917609+00:00,0.00,توريد قطع غيار لأنظمة الانذار واطفاء الحريق بالنيابة العامة,,"التاريخ: 05/02/1448
الموافق: 20/07/2026",20/07/2026,"التاريخ: 06/02/1448
الموافق: 21/07/2026",21/07/2026,,لا يوجد,داخل المملكة,
1088743,2026-08-15T21:58:22.118769+00:00,0.00,صيانة ومعايرة موثوقية عدادات قارئات التدفق بوحدة تحلية مياه البحر في فرسان,,"التاريخ: 13/02/1448
الموافق: 28/07/2026",28/07/2026,"التاريخ: 14/02/1448
الموافق: 29/07/2026",29/07/2026,,لا يوجد,داخل المملكة,
1088766,2026-08-15T18:49:47.358565+00:00,500.00,معايره أجهزة التفتيش والمعاينة ودقة وصحه قرارات التفتيش والمعاينة,5,"التاريخ: 27/02/1448
الموافق: 11/08/2026",11/08/2026,"التاريخ: 05/03/1448
الموافق: 18/08/2026",18/08/2026,,الرياض المبنى الرئيسي للهييئة العامة للغذاء والدواء حي حطين,داخل المملكة,
1088767,2026-08-15T22:48:20.083006+00:00,0.00,تأمين قطع غيار لآليات ومركبات الدفاع المدني بمنطقة الباحة رقم BH26620016,,"التاريخ: 05/02/1448
الموافق: 20/07/2026",20/07/2026,"التاريخ: 06/02/1448
الموافق: 21/07/2026",21/07/2026,,لا يوجد,داخل المملكة,
1088775,2026-08-15T19:46:26.761502+00:00,500.00,تهدف هذه المنافسة الى تنفيذ اعمال الفحص والإصلاح والتوضيب الشامل لعدد 5 كاشطات متوقفة عن الخدمة في خلايا التعويم بالهواء المذاب بالخبر 5. بما يضمن استعادة كفاءة النظام ورفع الموثوقية والمحافظة على استمرارية إزالة الرواسب والمواد العالقة من الخلايا. كما تشمل المنافسة تنفيذ اعمال الصيانة الوقائية والتصحيحية لعدد 10 كواشط وذلك من خلال فحص مكوناتها الميكانيكية واستبدال الأجزاء المتاكلة واجراء اعمال الضبط والمحاذة والتشحيم والاختبارات اللازمة. وتقليل الأعطال والتوقفات الغير المخططة لها.,5,"التاريخ: 17/04/1448
الموافق: 29/09/2026",29/09/2026,"التاريخ: 20/06/1448
الموافق: 30/11/2026",30/11/2026,,•	مكان فتح المظاريف للساحل الشرقي  البريد الإلكتروني الخاص للجنة فتح العروض بالساحل الشرقي – عدنان ( AAlshahab2@swcc.gov.sa  ) محمد ( Mal-huwaidi@swcc.gov.sa ) •	رقم التواصل / سكرتير اللجنة– عدنان الشهاب ( 84797 ) النائب – محمد ( 85631 ) رئيس اللجنة الأستاذ/ عبدالله ( 84999) •	مكان تسليم الضمان ( الأصل ) لجنة فحص العروض بالساحل الشرقي – الجبيل سكرتير اللجنة – يحيى ( 39203) النائب -  حمود ( 39233).,داخل المملكة,
1088780,2026-08-15T22:29:27.214750+00:00,0.00,اصلاح مركبة حكومية من نوع تويوتا هايلكس موديل 2014,,"التاريخ: 08/02/1448
الموافق: 23/07/2026",23/07/2026,"التاريخ: 11/02/1448
الموافق: 26/07/2026",26/07/2026,,لا يوجد,داخل المملكة,
1088781,2026-08-15T21:18:02.083459+00:00,500.00,صيانة معدات بلدية محافظة تربة لمتابعة سير  العمل,5,"التاريخ: 14/02/1448
الموافق: 29/07/2026",29/07/2026,"التاريخ: 18/02/1448
الموافق: 02/08/2026",02/08/2026,,بلدية محافظة تربة,داخل المملكة,
1088787,2026-08-15T21:02:46.748590+00:00,50.00,تأمين وتوريد قطع غيار عربات ومعدات,5,"التاريخ: 15/02/1448
الموافق: 30/07/2026",30/07/2026,"التاريخ: 18/02/1448
الموافق: 02/08/2026",02/08/2026,,معسكر القوات البرية بالمطار القديم رقم 2 ادارة تشغيل وصيانة المنشأت العسكرية بالمطار القديم,داخل المملكة,
1088800,2026-08-15T18:49:54.887042+00:00,0.00,يهدف هذا المشروع إلى تجديد الاشتراك السنوي في منصة Informatica Intelligent Data Management Cloud (IDMC) المستخدمة في صندوق البيئة، وذلك لضمان استمرارية تشغيل حلول إدارة البيانات والتكامل والتحكم فيها على مستوى المؤسسة، ودعم استدامة العمليات الرقمية والبيانات في بيئة الصندوق.,5,"التاريخ: 24/03/1448
الموافق: 06/09/2026",06/09/2026,"التاريخ: 18/04/1448
الموافق: 30/09/2026",30/09/2026,,مقر صندوق البيئة الرياض حي قرطبه الدور الثاني,داخل المملكة,
1088801,2026-08-15T20:05:12.259312+00:00,500.00,توريد وتركيب أجهزة أرشفة البريد الإلكتروني في مركز التعافي من الكوارث,5,"التاريخ: 28/03/1448
الموافق: 10/09/2026",10/09/2026,"التاريخ: 26/04/1448
الموافق: 08/10/2026",08/10/2026,,يتم فتح المظاريف الكترونياً عبر بوابة المشتريات الحكومية,داخل المملكة,
1088802,2026-08-15T23:00:40.485495+00:00,0.00,توريد قطع غيار لمركز التموين البحري بالاسطول الشرقي,,"التاريخ: 04/02/1448
الموافق: 19/07/2026",19/07/2026,"التاريخ: 05/02/1448
الموافق: 20/07/2026",20/07/2026,,لا يوجد,داخل المملكة,
1088805,2026-08-15T22:10:26.859942+00:00,0.00,توريد دهانات لفرع الإدارة الهندسية بالمجموعة الخامسة بالشرقية,,"التاريخ: 12/02/1448
الموافق: 27/07/2026",27/07/2026,"التاريخ: 19/02/1448
الموافق: 03/08/2026",03/08/2026,,لا يوجد,داخل المملكة,
1088809,2026-08-15T21:18:08.849269+00:00,3000.00,لحاجة قسم الشؤون الفنية لصيانة الأرصفة والجزر الوسيطة بجوف بني هاجر,10,"التاريخ: 14/02/1448
الموافق: 29/07/2026",29/07/2026,"التاريخ: 26/02/1448
الموافق: 10/08/2026",10/08/2026,,بلدية بقيق,داخل المملكة,
1088813,2026-08-15T22:29:32.463777+00:00,0.00,تأمين اعلام مكتبية دولية لاستقبالات معالي الوزير ومعالي نائب الوزير,,"التاريخ: 19/02/1448
الموافق: 03/08/2026",03/08/2026,"التاريخ: 11/03/1448
الموافق: 24/08/2026",24/08/2026,,لا يوجد,داخل المملكة,
1088819,2026-08-15T22:23:49.064699+00:00,0.00,اعداد وتجهيز حفل تخريج الدورة التأهيلية للفرد الأساسي (48),,"التاريخ: 08/02/1448
الموافق: 23/07/2026",23/07/2026,"التاريخ: 11/02/1448
الموافق: 26/07/2026",26/07/2026,,لا يوجد,داخل المملكة,
1088824,2026-08-15T23:00:47.534952+00:00,0.00,توريد قطع غيار لسفن جلالة الملك لمركز التموين البحري بالاسطول الشرقي,,"التاريخ: 04/02/1448
الموافق: 19/07/2026",19/07/2026,"التاريخ: 05/02/1448
الموافق: 20/07/2026",20/07/2026,,لا يوجد,داخل المملكة,
1088826,2026-08-15T20:48:01.989845+00:00,500.00,دعم التوظيف للهيئة لاستقطاب الكفاءات النادرة وجلب الخبرات من شتى المجالات.,5,"التاريخ: 04/03/1448
الموافق: 17/08/2026",17/08/2026,"التاريخ: 05/04/1448
الموافق: 17/09/2026",17/09/2026,,هيئة التأمين - مركز الملك عبدالله المالي برج تداول الدور 18,داخل المملكة,
1088842,2026-08-15T19:46:32.092111+00:00,500.00,الصيانة الطارئة لمصدات درء اخطار السيول (بلدية محافظة ابوعريش),6,"التاريخ: 25/02/1448
الموافق: 09/08/2026",09/08/2026,"التاريخ: 26/02/1448
الموافق: 10/08/2026",10/08/2026,,بلدية ابوعريش,داخل المملكة,
1088844,2026-08-15T21:18:13.987163+00:00,0.00,تنفيذ عملية الصيانة الشاملة لبدن الزورق فئة 14م التابع لقطاع جدة,,"التاريخ: 14/02/1448
الموافق: 29/07/2026",29/07/2026,"التاريخ: 13/03/1448
الموافق: 26/08/2026",26/08/2026,,لا يوجد,داخل المملكة,
1088853,2026-08-15T19:57:19.157234+00:00,1000.00,توريد وتركيب مولدات  كهربائية احتياطية,5,"التاريخ: 22/02/1448
الموافق: 06/08/2026",06/08/2026,"التاريخ: 26/02/1448
الموافق: 10/08/2026",10/08/2026,,إدارة تشغيل وصيانة المنشآت العسكرية بالخرج والسليل,داخل المملكة,
1088854,2026-08-15T21:18:22.493568+00:00,0.00,80 LITER ELECTRICAL WATER HEATER ARISTON,,"التاريخ: 15/02/1448
الموافق: 30/07/2026",30/07/2026,"التاريخ: 16/02/1448
الموافق: 31/07/2026",31/07/2026,,لا يوجد,داخل المملكة,
1088865,2026-08-15T21:18:30.060935+00:00,200.00,المنافسة لطلب نقاط لمنصة مستمر لاعتماد الأنشطة بساعات تعليم طبي مستمر بجميع أنواعها من دورات ومؤمرات و غيرها.,5,"التاريخ: 26/02/1448
الموافق: 10/08/2026",10/08/2026,"التاريخ: 05/03/1448
الموافق: 18/08/2026",18/08/2026,,المبنى الإداري الخارجي لمدينة الملك سعود الطبية,داخل المملكة,
1088867,2026-08-15T20:48:07.340114+00:00,2000.00,يرغب المجمع في التعاقد مع شركات متخصصة، ومرخصة بشكل رسمي في مجال صناعة المحتوى المرئي لتنفيذ مشروع إدارة إنتاج فيديوهات لمجمع الملك سلمان العالمي للغة العربية.,5,"التاريخ: 13/03/1448
الموافق: 26/08/2026",26/08/2026,"التاريخ: 03/04/1448
الموافق: 15/09/2026",15/09/2026,,الكتروني عبر المنصة,داخل المملكة,
1088879,2026-08-15T23:25:26.693561+00:00,0.00,صيانة وإصلاح مظلات السيارات بمواقع قيادة قوات الدفاع الجوي,,"التاريخ: 01/02/1448
الموافق: 16/07/2026",16/07/2026,"التاريخ: 04/02/1448
الموافق: 19/07/2026",19/07/2026,,لا يوجد,داخل المملكة,
1088880,2026-08-15T22:48:28.139883+00:00,0.00,STOPPER DOOR CHROME PLATED W/ RUBBER STOP USED ON:DOORS FOR SECURITY PURPOSES توريد,,"التاريخ: 04/02/1448
الموافق: 19/07/2026",19/07/2026,"التاريخ: 05/02/1448
الموافق: 20/07/2026",20/07/2026,,لا يوجد,داخل المملكة,
1088881,2026-08-15T21:02:52.955862+00:00,0.00,توريد المواد وقطع غيار كهرباء الهيئة السعودية للمياه منظومة انتاج ينبع - الساحل الغربي60020764,,"التاريخ: 18/03/1448
الموافق: 31/08/2026",31/08/2026,"التاريخ: 18/04/1448
الموافق: 30/09/2026",30/09/2026,,لا يوجد,داخل المملكة,
1088883,2026-08-15T23:25:33.436481+00:00,0.00,اعمال عزل مائي وحراري,,"التاريخ: 01/02/1448
الموافق: 16/07/2026",16/07/2026,"التاريخ: 04/02/1448
الموافق: 19/07/2026",19/07/2026,,لا يوجد,داخل المملكة,
1088884,2026-08-15T22:48:33.251228+00:00,0.00,VEST NEWBORN WHITE SZ LARGE FRONT OPENING WITH SHORT SLEEVES & TIE TAPES 100% COTTON,,"التاريخ: 04/02/1448
الموافق: 19/07/2026",19/07/2026,"التاريخ: 05/02/1448
الموافق: 20/07/2026",20/07/2026,,لا يوجد,داخل المملكة,
1088885,2026-08-15T19:46:39.396937+00:00,0.00,توريد قطع غيار كهربائية (Swich gears) لمنظومة إنتاج ينبع 60020705,5,"التاريخ: 20/02/1448
الموافق: 04/08/2026",04/08/2026,"التاريخ: 06/03/1448
الموافق: 19/08/2026",19/08/2026,,المؤسسة العامة لتحلية المياه المالحة – الرياض – العليا – طريق الملك فهد الدور الرابع لجنة فتح المظاريف,داخل المملكة,
1088888,2026-08-15T21:03:00.658974+00:00,0.00,"توريد المواد وقطع غيار لمبات LIGHT FITTING,LED الهيئة السعودية للمياه منظومة انتاج الشعيبة - الساحل الغربي60020765",5,"التاريخ: 18/03/1448
الموافق: 31/08/2026",31/08/2026,"التاريخ: 18/04/1448
الموافق: 30/09/2026",30/09/2026,,المركز الرئيسي بالرياض,داخل المملكة,
1088889,2026-08-15T22:48:41.075196+00:00,0.00,TIE CABLE COLORING POLYAMIDE (4.6MM TO 4.8MM WIDTH)  360MM FLAT LENGTH (100EA/PACK),,"التاريخ: 04/02/1448
الموافق: 19/07/2026",19/07/2026,"التاريخ: 05/02/1448
الموافق: 20/07/2026",20/07/2026,,لا يوجد,داخل المملكة,
1088890,2026-08-15T22:48:48.519488+00:00,0.00,BOX 1 GANG SURFACE MOULDED PLASTIC 32MM DEEP 8.5 X 8.5CM SQUARE FOR LOW VOLTAGE,,"التاريخ: 05/02/1448
الموافق: 20/07/2026",20/07/2026,"التاريخ: 06/02/1448
الموافق: 21/07/2026",21/07/2026,,لا يوجد,داخل المملكة,
1088891,2026-08-15T19:46:46.898488+00:00,0.00,توريد قطع غيار أجهزة وتحكم ( PRESSURE) لمنظومة إنتاج ينبع 60020706,5,"التاريخ: 20/02/1448
الموافق: 04/08/2026",04/08/2026,"التاريخ: 06/03/1448
الموافق: 19/08/2026",19/08/2026,,المؤسسة العامة لتحلية المياه المالحة – الرياض – العليا – طريق الملك فهد الدور الرابع لجنة فتح المظاريف,داخل المملكة,
1088892,2026-08-15T20:48:12.546819+00:00,0.00,"توريد المواد وقطع غيار كيبل CABLE,ELECTRIC,LOW VOLTAGE,UNARMOURED الهيئة السعودية للمياه منظومة انتاج الشعيبة - الساحل الغربي60020766",,"التاريخ: 18/03/1448
الموافق: 31/08/2026",31/08/2026,"التاريخ: 18/04/1448
الموافق: 30/09/2026",30/09/2026,,لا يوجد,داخل المملكة,
1088894,2026-08-15T22:48:57.070741+00:00,0.00,SHEET BED LIGHT BEIGE 180 X 300CM POLYESTER/COTTON 65/35%,,"التاريخ: 05/02/1448
الموافق: 20/07/2026",20/07/2026,"التاريخ: 06/02/1448
الموافق: 21/07/2026",21/07/2026,,لا يوجد,داخل المملكة,
1088897,2026-08-15T22:49:04.269113+00:00,0.00,WHEELCHAIR STANDARD MODEL 14 لمستشفى الحرس الوطني,,"التاريخ: 05/02/1448
الموافق: 20/07/2026",20/07/2026,"التاريخ: 06/02/1448
الموافق: 21/07/2026",21/07/2026,,لا يوجد,داخل المملكة,
1088898,2026-08-15T22:49:12.474740+00:00,0.00,BLANKET BED ADULT BLEACHED LIGHT BEIGE CELLULAR 170 X 220 CM 100% COTTON HEAVY WEIGHT TWO HEMS SELVEDGES,,"التاريخ: 05/02/1448
الموافق: 20/07/2026",20/07/2026,"التاريخ: 06/02/1448
الموافق: 21/07/2026",21/07/2026,,لا يوجد,داخل المملكة,
1088899,2026-08-15T22:08:03.955490+00:00,0.00,DRESS NIGHT UNISEX BLUE DIAMOND PRINT SIZE (M) REVERSIBLE ROUND NECK WIDE SLEEVES FLOOR LENGTH FRONT OPEN LEFT SIDE FULL LENGTH WITH SNAP FASTENING SIZE COLOR CODING ON THE NECK BORDER POLYESTER COTTON 65/36%,,"التاريخ: 05/02/1448
الموافق: 20/07/2026",20/07/2026,"التاريخ: 06/02/1448
الموافق: 21/07/2026",21/07/2026,,لا يوجد,داخل المملكة,
1088900,2026-08-15T22:08:10.177568+00:00,0.00,PAPER TOILET 2 PLY and PAD ABRASIVE HAND,,"التاريخ: 05/02/1448
الموافق: 20/07/2026",20/07/2026,"التاريخ: 06/02/1448
الموافق: 21/07/2026",21/07/2026,,لا يوجد,داخل المملكة,
1088902,2026-08-15T22:49:18.651089+00:00,0.00,TAP MIXER FOR WASH BASIN SINGLE HOLE SIZE: 1/2 WITH HU-SPOUT W/ POP-UP WASTE 1-1/4 Inch * HOSPITAL PLUMBING *,,"التاريخ: 05/02/1448
الموافق: 20/07/2026",20/07/2026,"التاريخ: 06/02/1448
الموافق: 21/07/2026",21/07/2026,,لا يوجد,داخل المملكة,
1088903,2026-08-15T22:49:25.217402+00:00,0.00,BOOKENDS METAL OR PLASTIC MEDIUM SZ OPEN OR EQUAL 2 PER SET and STICKER ADHESIVE ASSORTED,,"التاريخ: 05/02/1448
الموافق: 20/07/2026",20/07/2026,"التاريخ: 06/02/1448
الموافق: 21/07/2026",21/07/2026,,لا يوجد,داخل المملكة,
1088904,2026-08-15T21:43:42.850694+00:00,0.00,توريد الأدوية والمواد والمستلزمات الطبية والصناعية لمستشفى الحرس الوطني بالقصيم,,"التاريخ: 06/02/1448
الموافق: 21/07/2026",21/07/2026,"التاريخ: 07/02/1448
الموافق: 22/07/2026",22/07/2026,,لا يوجد,داخل المملكة,
1088905,2026-08-15T21:03:08.068807+00:00,500.00,تنفيذ اتفاقية إطارية لتصميم وتوريد وتركيب وصيانة اللوحات التحذيرية والتنظيمية ولوحات حدود المحمية داخل نطاق محمية الإمام تركي بن عبدالله الملكية، بهدف تعزيز أعمال الحماية والتنظيم والسلامة العامة، ورفع مستوى الامتثال للأنظمة والتعليمات، ودعم الفرق الرقابية والميدانية من خلال تنفيذ الأعمال وفق أوامر تشغيل تصدر حسب الحاجة طوال مدة الاتفاقية.,5,"التاريخ: 05/03/1448
الموافق: 18/08/2026",18/08/2026,"التاريخ: 10/04/1448
الموافق: 22/09/2026",22/09/2026,,الكترونيا  عن طريق منصة اعتماد,داخل المملكة,
1088907,2026-08-15T21:43:50.125012+00:00,0.00,توريد الأدوية والمواد والمستلزمات الطبية والصناعية لمستشفى الحرس الوطني بالقصيم,,"التاريخ: 07/02/1448
الموافق: 22/07/2026",22/07/2026,"التاريخ: 08/02/1448
الموافق: 23/07/2026",23/07/2026,,لا يوجد,داخل المملكة,
1088908,2026-08-15T18:35:47.211119+00:00,500.00,صيانة وتوريد وتأهيل انظمة الانذار وأنظمة الإطفاء للمباني والمراكز الموسمية بمكة المكرمة والمدينة المنورة لعام 1448ه,5,"التاريخ: 07/03/1448
الموافق: 20/08/2026",20/08/2026,"التاريخ: 17/03/1448
الموافق: 30/08/2026",30/08/2026,,إدارة المشتريات,داخل المملكة,
1088910,2026-08-15T23:25:39.494550+00:00,0.00,كراسة رقم 266279 تامين قطع غيار عدة اليات تابعة مديرية المنطقة,,"التاريخ: 01/02/1448
الموافق: 16/07/2026",16/07/2026,"التاريخ: 02/02/1448
الموافق: 17/07/2026",17/07/2026,,لا يوجد,داخل المملكة,
1088911,2026-08-15T21:43:56.354234+00:00,0.00,توريد الأدوية والمواد والمستلزمات الطبية والصناعية لمستشفى الحرس الوطني بالقصيم,,"التاريخ: 08/02/1448
الموافق: 23/07/2026",23/07/2026,"التاريخ: 10/02/1448
الموافق: 25/07/2026",25/07/2026,,لا يوجد,داخل المملكة,
1088912,2026-08-15T21:44:04.462653+00:00,0.00,توريد الأدوية والمواد والمستلزمات الطبية والصناعية لمستشفى الحرس الوطني بالقصيم,,"التاريخ: 08/02/1448
الموافق: 23/07/2026",23/07/2026,"التاريخ: 10/02/1448
الموافق: 25/07/2026",25/07/2026,,لا يوجد,داخل المملكة,
1088917,2026-08-15T23:25:45.623165+00:00,0.00,كراسة رقم 266280 تامين قطع غيار عدة اليات تابعة مديرية المنطقة,,"التاريخ: 01/02/1448
الموافق: 16/07/2026",16/07/2026,"التاريخ: 02/02/1448
الموافق: 17/07/2026",17/07/2026,,لا يوجد,داخل المملكة,
1088919,2026-08-15T22:49:32.980941+00:00,0.00,Besam/Assa Abloy SW100 CU-ESD control unit part #1003532 For swing door machine,,"التاريخ: 05/02/1448
الموافق: 20/07/2026",20/07/2026,"التاريخ: 06/02/1448
الموافق: 21/07/2026",21/07/2026,,لا يوجد,داخل المملكة,
1088920,2026-08-15T22:19:40.995290+00:00,0.00,توريد عربة نقل بلاستيكية حسب الوصف المرفق,,"التاريخ: 13/02/1448
الموافق: 28/07/2026",28/07/2026,"التاريخ: 14/02/1448
الموافق: 29/07/2026",29/07/2026,,لا يوجد,داخل المملكة,
1088921,2026-08-15T21:03:15.451196+00:00,0.00,"توريد المواد وقطع غيار تكييف كمبروسراتCOMPRESSOR,AIR CONDITIONING الهيئة السعودية للمياه منظومة انتاج املج - الساحل الغربي60020768",,"التاريخ: 18/03/1448
الموافق: 31/08/2026",31/08/2026,"التاريخ: 18/04/1448
الموافق: 30/09/2026",30/09/2026,,لا يوجد,داخل المملكة,
1088922,2026-08-15T18:45:34.902560+00:00,0.00,Supply of spare parts for Autoclave B.M.S,,"التاريخ: 05/02/1448
الموافق: 20/07/2026",20/07/2026,"التاريخ: 06/02/1448
الموافق: 21/07/2026",21/07/2026,,لا يوجد,داخل المملكة,
1088923,2026-08-15T21:48:04.604860+00:00,0.00,Linen Humper trolly with square LID حامل اكياس الغسيل,,"التاريخ: 07/02/1448
الموافق: 22/07/2026",22/07/2026,"التاريخ: 08/02/1448
الموافق: 23/07/2026",23/07/2026,,لا يوجد,داخل المملكة,
1088924,2026-08-15T20:48:19.433523+00:00,0.00,توريد المواد وقطع غيار كهرباء الهيئة السعودية للمياه منظومة انتاج الشعيبة - الساحل الغربي60020769,,"التاريخ: 18/03/1448
الموافق: 31/08/2026",31/08/2026,"التاريخ: 18/04/1448
الموافق: 30/09/2026",30/09/2026,,لا يوجد,داخل المملكة,
1088927,2026-08-15T22:40:30.004251+00:00,0.00,اعادة عزل لمباني مختلفة بقاعدة الصيانة بجدة,,"التاريخ: 06/02/1448
الموافق: 21/07/2026",21/07/2026,"التاريخ: 07/02/1448
الموافق: 22/07/2026",22/07/2026,,لا يوجد,داخل المملكة,
1088928,2026-08-15T23:00:54.508180+00:00,0.00,معايرة اجهزة الهواء والضوضاء للمركز الوطني للرقابة على الالتزام البيئي,,"التاريخ: 05/02/1448
الموافق: 20/07/2026",20/07/2026,"التاريخ: 08/02/1448
الموافق: 23/07/2026",23/07/2026,,لا يوجد,داخل المملكة,
1088930,2026-08-15T21:48:10.950742+00:00,0.00,"LIFEPAK Li-Ion Battery, 5.8 Amp Hour Capacity/ To be used with LIFEPAK15 , Part# 21330-001176 ,بطارية",,"التاريخ: 05/02/1448
الموافق: 20/07/2026",20/07/2026,"التاريخ: 06/02/1448
الموافق: 21/07/2026",21/07/2026,,لا يوجد,داخل المملكة,
1088931,2026-08-15T20:48:27.144733+00:00,0.00,توريد المواد وقطع غيار كهرباء تكييف الهيئة السعودية للمياه منظومة انتاج حقل - الساحل الغربي 60020770 .,,"التاريخ: 18/03/1448
الموافق: 31/08/2026",31/08/2026,"التاريخ: 18/04/1448
الموافق: 30/09/2026",30/09/2026,,لا يوجد,داخل المملكة,
1088932,2026-08-15T21:48:16.221826+00:00,0.00,Electrical Panel board wiring and busbar,,"التاريخ: 05/02/1448
الموافق: 20/07/2026",20/07/2026,"التاريخ: 06/02/1448
الموافق: 21/07/2026",21/07/2026,,لا يوجد,داخل المملكة,
1088933,2026-08-15T21:48:23.443634+00:00,0.00,SPARE PARTS FOR AHU قطع غيار لتكييف المركزي,,"التاريخ: 05/02/1448
الموافق: 20/07/2026",20/07/2026,"التاريخ: 06/02/1448
الموافق: 21/07/2026",21/07/2026,,لا يوجد,داخل المملكة,
1088936,2026-08-15T20:39:45.832036+00:00,500.00,تقديم خدمات وكالة سفر و سياحة متكاملة لمنسوبي الهيئة وضمان تقديم خدمات عالية الجودة وفقا للمعايير المهنية التي تلبي احتياجات منسوبي الهيئة اثناء السفر سواء داخل المملكة او خارجها.,5,"التاريخ: 05/03/1448
الموافق: 18/08/2026",18/08/2026,"التاريخ: 03/04/1448
الموافق: 15/09/2026",15/09/2026,,هيئة التأمين - مركز الملك عبدالله المالي برج تداول الدور 18,داخل المملكة,
1088938,2026-08-15T23:01:01.247721+00:00,0.00,توريد وتركيب وتشغيل مكيف اسبلت 24 الف وحدة,,"التاريخ: 05/02/1448
الموافق: 20/07/2026",20/07/2026,"التاريخ: 06/02/1448
الموافق: 21/07/2026",21/07/2026,,لا يوجد,داخل المملكة,
1088940,2026-08-15T18:50:00.740863+00:00,500.00,تجديد رخص نظام المراقبة الأمنية (NetWitness SIEM - EDR),5,"التاريخ: 25/02/1448
الموافق: 09/08/2026",09/08/2026,"التاريخ: 28/02/1448
الموافق: 12/08/2026",12/08/2026,,لجنة فتح المضاريف,داخل المملكة,
1088941,2026-08-15T18:56:06.188694+00:00,500.00,تهدف هذه المنافسة إلى تجديد تراخيص Qlik Talend  و Qlik Sense  لمدة سنتين، وخدمات الدعم الفني والصيانة الرسمية المقدمة من شركة Qlik على التراخيص، لضمان استمرارية تشغيل المنصات بكفاءة وموثوقية.,5,"التاريخ: 06/03/1448
الموافق: 19/08/2026",19/08/2026,"التاريخ: 13/03/1448
الموافق: 26/08/2026",26/08/2026,,الكتروني,داخل المملكة,
1088952,2026-08-15T22:29:40.397893+00:00,0.00,توريد وتركيب بطاريات لبعض اليات ادارة الدفاع المدني بمنطقة حائل,,"التاريخ: 11/02/1448
الموافق: 26/07/2026",26/07/2026,"التاريخ: 12/02/1448
الموافق: 27/07/2026",27/07/2026,,لا يوجد,داخل المملكة,
1088958,2026-08-15T22:29:47.933511+00:00,0.00,توريد وتركيب قطع غيار لبعض اجهزة تعبئة الاسطوانات لادارة الدفاع المدني بمنطقة حائل,,"التاريخ: 11/02/1448
الموافق: 26/07/2026",26/07/2026,"التاريخ: 12/02/1448
الموافق: 27/07/2026",27/07/2026,,لا يوجد,داخل المملكة,
1088959,2026-08-15T18:30:23.294057+00:00,0.00,"تسعى هيئة كفاءة الإنفاق والمشروعات الحكومية وبموجب الصلاحيات الموكلة إليها بنص قرار مجلس الوزراء رقم 649 الصادر بتاريخ 13 /11/ 1440ه باعتبارها الجهة المختصة بالشراء الموحد نيابة عن الجهات الحكومية التي تندرج تحت نظام المنافسات والمشتريات الحكومية من خلال هذه المنافسة، إلى إبرام اتفاقية إطارية موحدة لرخص وبرامج الذكاء الاصطناعي وإدارة البيانات وأنظمة التشغيل والمراسلات الحكومية.
وسيتمكن المتعاقدون من تقديم خدماتهم أو منتجاتهم عبر السوق الإلكتروني للمشتريات الحكومية (سوق اعتماد)، وذلك لتتمكن الجهات الحكومية من إصدار أوامر الشراء للخدمات أو المنتجات مباشرة للمتعاقدين بشكل حصري بناءً على المواصفات والأسعار التي سيتم إبرام اتفاقية إطارية بشأنها طوال سريان مدة الاتفاقية.",5,"التاريخ: 25/03/1448
الموافق: 07/09/2026",07/09/2026,"التاريخ: 24/04/1448
الموافق: 06/10/2026",06/10/2026,,2656 العليا حي الياسمين RAYA7397 7397 Riyadh 13325 الدور الرابع,داخل المملكة,
1088969,2026-08-15T20:21:13.088024+00:00,500.00,القيام بأعمال النظافة والصيانة لمباني جوازات منطقة الباحة وفروعها في عدد من المدن والمحافظات والشعب حسب جداول الكميات.,5,"التاريخ: 25/02/1448
الموافق: 09/08/2026",09/08/2026,"التاريخ: 29/02/1448
الموافق: 13/08/2026",13/08/2026,,المديرية العامة للجوازات - الإدارة العامة للمنافسات والمشتريات - الدور الثالث,داخل المملكة,
1088971,2026-08-15T19:27:19.955524+00:00,500.00,استمرارية تشغيل وصيانة الشبكة التلفزيونية للطالبات والأنظمة السمعية والبصرية,5,"التاريخ: 14/05/1448
الموافق: 25/10/2026",25/10/2026,"التاريخ: 21/02/1449
الموافق: 25/07/2027",25/07/2027,,إدارة المشتريات - مبنى كلية العلوم الطبية التطبيقية - الدور الثاني,داخل المملكة,
1088972,2026-08-15T22:49:40.335058+00:00,0.00,توريد وتركيب خزانات فايبر بمجمع المحاكم بمنطقة جازان,,"التاريخ: 13/02/1448
الموافق: 28/07/2026",28/07/2026,"التاريخ: 20/02/1448
الموافق: 04/08/2026",04/08/2026,,لا يوجد,داخل المملكة,خزانات المياه
1088978,2026-08-15T22:54:34.445697+00:00,0.00,تأمين مستلزمات وأجهزة طبية وقطع غيار لمركز الأمير سلطان لمعالجة أمراض وجراحة القلب,,"التاريخ: 07/02/1448
الموافق: 22/07/2026",22/07/2026,"التاريخ: 08/02/1448
الموافق: 23/07/2026",23/07/2026,,لا يوجد,داخل المملكة,
1088982,2026-08-15T21:34:48.915608+00:00,0.00,مشروع استخراج  الرخصة البيئية لوحدة تحلية مياه البحر في فرسان,,"التاريخ: 14/02/1448
الموافق: 29/07/2026",29/07/2026,"التاريخ: 15/02/1448
الموافق: 30/07/2026",30/07/2026,,لا يوجد,داخل المملكة,
1088986,2026-08-15T21:03:21.928697+00:00,0.00,60020782 - توريد قطع غيار كهربائية لمنظومة انتاج رأس الخير,5,"التاريخ: 14/11/1448
الموافق: 20/04/2027",20/04/2027,"التاريخ: 26/12/1448
الموافق: 01/06/2027",01/06/2027,,الرياض المركز الرئيسي إدارة المشتريات الدور الرابع مكتب رقم 18,داخل المملكة,
1088993,2026-08-15T19:18:47.048793+00:00,0.00,لضمان استمرارية تقديم الرعاية الصحية للمرضى دون انقطاع يتحتم توفير هذا البند,,"التاريخ: 12/02/1448
الموافق: 27/07/2026",27/07/2026,"التاريخ: 13/02/1448
الموافق: 28/07/2026",28/07/2026,,لا يوجد,داخل المملكة,
1088996,2026-08-15T18:57:39.741721+00:00,0.00,لضمان استمرارية تقديم الرعاية الصحية للمرضى دون انقطاع يتحتم توفير هذا البنود,,"التاريخ: 12/02/1448
الموافق: 27/07/2026",27/07/2026,"التاريخ: 13/02/1448
الموافق: 28/07/2026",28/07/2026,,لا يوجد,داخل المملكة,
1088998,2026-08-15T18:13:07.362290+00:00,0.00,لضمان استمرارية تقديم الرعاية الصحية للمرضى دون انقطاع يتحتم توفير هذا البنود,,"التاريخ: 12/02/1448
الموافق: 27/07/2026",27/07/2026,"التاريخ: 13/02/1448
الموافق: 28/07/2026",28/07/2026,,لا يوجد,داخل المملكة,
1089001,2026-08-15T23:01:09.650524+00:00,0.00,نقل الجثمان من 1 جدة الى بيكول شامل الشحن ورسوم ارضية المطار واجراءات الحجز والخ,,"التاريخ: 14/02/1448
الموافق: 29/07/2026",29/07/2026,"التاريخ: 20/02/1448
الموافق: 04/08/2026",04/08/2026,,لا يوجد,داخل المملكة,
1089002,2026-08-15T21:22:22.688618+00:00,0.00,لضمان استمرارية تقديم الرعاية الصحية للمرضى دون انقطاع يتحتم توفير هذا البنود,,"التاريخ: 19/02/1448
الموافق: 03/08/2026",03/08/2026,"التاريخ: 04/03/1448
الموافق: 17/08/2026",17/08/2026,,لا يوجد,داخل المملكة,
1089003,2026-08-15T18:40:34.211329+00:00,0.00,فحص واصلاح ضواغط الهواء ولوحات التحكم بالمستودعات المركزية 50طن,,"التاريخ: 19/02/1448
الموافق: 03/08/2026",03/08/2026,"التاريخ: 21/02/1448
الموافق: 05/08/2026",05/08/2026,,لا يوجد,داخل المملكة,
1089012,2026-08-15T21:03:28.822313+00:00,0.00,المتبقي لمخصصات الساعات التعليمية من الهيئة السعودية للتخصصات الصحية,,"التاريخ: 03/03/1448
الموافق: 16/08/2026",16/08/2026,"التاريخ: 07/05/1448
الموافق: 18/10/2026",18/10/2026,,لا يوجد,داخل المملكة,
1089013,2026-08-15T21:03:36.665774+00:00,0.00,توريد وتركيب كاميرات مراقبة تلفزيونية لمبنى إدارة شؤون الأمن بقيادة حرس الحدود بمنطقة عسير,,"التاريخ: 28/02/1448
الموافق: 12/08/2026",12/08/2026,"التاريخ: 29/02/1448
الموافق: 13/08/2026",13/08/2026,,لا يوجد,داخل المملكة,
1089015,2026-08-15T22:40:36.737030+00:00,0.00,اصلاح بعض المعدات الفنية التابعة للدفاع المدني بمنطقة المدينة المنورة – شعبة الصيانة المركزية,,"التاريخ: 06/02/1448
الموافق: 21/07/2026",21/07/2026,"التاريخ: 07/02/1448
الموافق: 22/07/2026",22/07/2026,,لا يوجد,داخل المملكة,
1089018,2026-08-15T22:42:21.950772+00:00,0.00,تأمين مستلزمات وأجهزة طبية وقطع غيار لمركز الأمير سلطان لمعالجة أمراض وجراحة القلب,,"التاريخ: 07/02/1448
الموافق: 22/07/2026",22/07/2026,"التاريخ: 08/02/1448
الموافق: 23/07/2026",23/07/2026,,لا يوجد,داخل المملكة,
1089019,2026-08-15T22:49:47.230380+00:00,0.00,تأمين قطع غيار اليات التابعة لمديرية المنطقة الشرقية و الادارات التابعة لها و الفروع DM 26 61 0095,,"التاريخ: 06/02/1448
الموافق: 21/07/2026",21/07/2026,"التاريخ: 07/02/1448
الموافق: 22/07/2026",22/07/2026,,لا يوجد,داخل المملكة,
1089020,2026-08-15T21:54:14.707763+00:00,0.00,تأمين قطع غيار و إصلاح معدات التابعة لمديرية المنطقة الشرقية و الادارات التابعة لها و الفروع DM 26 61 0096,,"التاريخ: 07/02/1448
الموافق: 22/07/2026",22/07/2026,"التاريخ: 08/02/1448
الموافق: 23/07/2026",23/07/2026,,لا يوجد,داخل المملكة,
1089021,2026-08-15T22:42:28.765828+00:00,0.00,تأمين مستلزمات وأجهزة طبية وقطع غيار لمركز الأمير سلطان لمعالجة أمراض وجراحة القلب,,"التاريخ: 07/02/1448
الموافق: 22/07/2026",22/07/2026,"التاريخ: 08/02/1448
الموافق: 23/07/2026",23/07/2026,,لا يوجد,داخل المملكة,
1089024,2026-08-15T23:14:38.746351+00:00,0.00,توريد مروحة رذاذ الماء الذكية مع جهاز تحكم عن بعد لتبريد الهواء لمدينة الملك عبدالعزيز الطبية بجده,,"التاريخ: 04/02/1448
الموافق: 19/07/2026",19/07/2026,"التاريخ: 05/02/1448
الموافق: 20/07/2026",20/07/2026,,لا يوجد,داخل المملكة,
1089030,2026-08-15T18:45:42.419839+00:00,0.00,توريد وتأمين قطع غيار السيارات التابعة لمديرية مكافحة المخدرات بمنطقة الحدود الشمالية بمحافظة الشعبة,,"التاريخ: 12/02/1448
الموافق: 27/07/2026",27/07/2026,"التاريخ: 13/02/1448
الموافق: 28/07/2026",28/07/2026,,لا يوجد,داخل المملكة,
1089032,2026-08-15T22:33:47.003836+00:00,0.00,توريد وتركيب أبواب مخارج طوارئ بالمجموعة الخامسة بالشرقية,,"التاريخ: 13/02/1448
الموافق: 28/07/2026",28/07/2026,"التاريخ: 20/02/1448
الموافق: 04/08/2026",04/08/2026,,لا يوجد,داخل المملكة,
1089033,2026-08-15T18:45:48.859243+00:00,0.00,توريد وتأمين قطع غيار السيارات التابعة لمديرية مكافحة المخدرات بمنطقة الحدود الشمالية بمحافظة طريف,,"التاريخ: 12/02/1448
الموافق: 27/07/2026",27/07/2026,"التاريخ: 13/02/1448
الموافق: 28/07/2026",28/07/2026,,لا يوجد,داخل المملكة,
1089034,2026-08-15T18:45:57.111340+00:00,0.00,توريد وتأمين قطع غيار السيارات التابعة لمديرية مكافحة المخدرات بمنطقة الحدود الشمالية,,"التاريخ: 12/03/1448
الموافق: 25/08/2026",25/08/2026,"التاريخ: 13/03/1448
الموافق: 26/08/2026",26/08/2026,,لا يوجد,داخل المملكة,
1089040,2026-08-15T21:26:18.804345+00:00,0.00,تفصيل وتشكيل وتوريد وتركيب مجسمات من الحديد حسب المواصفات المقدمة بقسم الإدارة الهندسية والأشغال بجدة,,"التاريخ: 22/02/1448
الموافق: 06/08/2026",06/08/2026,"التاريخ: 29/02/1448
الموافق: 13/08/2026",13/08/2026,,لا يوجد,داخل المملكة,
1089045,2026-08-15T21:23:50.299924+00:00,0.00,تأمين مستلزمات وأجهزة طبية وقطع غيار لمركز الأمير سلطان لمعالجة أمراض وجراحة القلب,,"التاريخ: 14/02/1448
الموافق: 29/07/2026",29/07/2026,"التاريخ: 15/02/1448
الموافق: 30/07/2026",30/07/2026,,لا يوجد,داخل المملكة,
1089046,2026-08-15T20:21:19.682840+00:00,0.00,تأمين مستلزمات وأجهزة طبية وقطع غيار لمركز الأمير سلطان لمعالجة أمراض وجراحة القلب,,"التاريخ: 14/02/1448
الموافق: 29/07/2026",29/07/2026,"التاريخ: 15/02/1448
الموافق: 30/07/2026",30/07/2026,,لا يوجد,داخل المملكة,
1089047,2026-08-15T20:55:56.653544+00:00,0.00,"اعداد واعتماد مخططات السلامة المعمارية ومخططات مكافحة الحريق ومخططات الإنذار ومخططات الاخلاء والطوارئ وتقرير يوضح خطة الاخلاء حسب الكود السعودي الحديث للدفاع المدني 
تسليم تقرير تصميم للمتطلبات وتصدير خطاب مصدق من الغرفة التجارية ان المخططات معتمدة حسب الكود السعودي وتحت مسؤولية المكتب حسب متطلبات الدفاع المدني
اصدار واعتماد الشهادات (سلامة منشاة - سلامة كهربائية) للموقع وانهاء العمل حسب متطلبات الكود السعودي.",,"التاريخ: 08/02/1448
الموافق: 23/07/2026",23/07/2026,"التاريخ: 11/02/1448
الموافق: 26/07/2026",26/07/2026,,لا يوجد,داخل المملكة,
1089049,2026-08-15T21:03:43.636816+00:00,0.00,توريد المواد وقطع الغيار (HOSE FLEX )الهيئة السعودية للمياه منظومة انتاج الشعيبة - الساحل الغربي. 60020784,,"التاريخ: 05/03/1448
الموافق: 18/08/2026",18/08/2026,"التاريخ: 18/03/1448
الموافق: 31/08/2026",31/08/2026,,لا يوجد,داخل المملكة,
1089050,2026-08-15T21:03:52.702362+00:00,0.00,"توريد المواد وقطع الغيار (SENSOR, PH )الهيئة السعودية للمياه منظومة انتاج الشعيبة - الساحل الغربي. 60020783",,"التاريخ: 05/03/1448
الموافق: 18/08/2026",18/08/2026,"التاريخ: 18/03/1448
الموافق: 31/08/2026",31/08/2026,,لا يوجد,داخل المملكة,
1089051,2026-08-15T22:19:48.289751+00:00,0.00,توريد مستلزمات صناعية لمستشفى الملك سلمان التخصصي للشؤون الصحية بوزارة الحرس الوطني بالطائف,,"التاريخ: 04/02/1448
الموافق: 19/07/2026",19/07/2026,"التاريخ: 05/02/1448
الموافق: 20/07/2026",20/07/2026,,لا يوجد,داخل المملكة,
1089054,2026-08-15T23:09:45.900448+00:00,0.00,AR26620023 تامين وإصلاح قطع غيار  سنوركل الخاصة للدفاع المدني بمنطقة الحدود الشمالية,,"التاريخ: 04/02/1448
الموافق: 19/07/2026",19/07/2026,"التاريخ: 05/02/1448
الموافق: 20/07/2026",20/07/2026,,لا يوجد,داخل المملكة,
1089055,2026-08-15T18:13:58.218165+00:00,5000.00,"منافسة عقد أعمال الصيانة الطبية للمدينة الطبية بجامعة القصيم
والمراكز والعيادات التابعة لها",5,"التاريخ: 03/03/1448
الموافق: 16/08/2026",16/08/2026,"التاريخ: 10/03/1448
الموافق: 23/08/2026",23/08/2026,,قاعة المشتريات,داخل المملكة,
1089058,2026-08-15T18:32:17.905402+00:00,0.00,تأمين قطع غيار للآليات التابعة لقوة أمن المنشآت بمنطقة عسير,,"التاريخ: 19/02/1448
الموافق: 03/08/2026",03/08/2026,"التاريخ: 22/02/1448
الموافق: 06/08/2026",06/08/2026,,لا يوجد,داخل المملكة,
1089059,2026-08-15T18:32:24.148353+00:00,0.00,تأمين قطع غيار للآليات التابعة لقوة أمن المنشآت بمنطقة عسير,,"التاريخ: 19/02/1448
الموافق: 03/08/2026",03/08/2026,"التاريخ: 22/02/1448
الموافق: 06/08/2026",06/08/2026,,لا يوجد,داخل المملكة,
1089060,2026-08-15T18:32:29.970983+00:00,0.00,تأمين قطع غيار للآليات التابعة لقوة أمن المنشآت بمنطقة عسير,,"التاريخ: 20/02/1448
الموافق: 04/08/2026",04/08/2026,"التاريخ: 22/02/1448
الموافق: 06/08/2026",06/08/2026,,لا يوجد,داخل المملكة,
1089061,2026-08-15T20:48:33.445059+00:00,100.00,اصلاح وصيانة عربات تجارية ومعدات مهندسين لسلاح الصيانة بالقوات البرية,5,"التاريخ: 29/02/1448
الموافق: 13/08/2026",13/08/2026,"التاريخ: 19/03/1448
الموافق: 01/09/2026",01/09/2026,,عن طريق منصة اعتماد الكتروني وفي حال تعطل المنصة على الجميع يكون تسليم العرض بقيادة سلاح الصينة,داخل المملكة,
1089064,2026-08-15T21:03:58.926348+00:00,0.00,توريد مواد كيميائية لمنظومة انتاج مياه العزيزية - 60020751,,"التاريخ: 22/02/1448
الموافق: 06/08/2026",06/08/2026,"التاريخ: 26/02/1448
الموافق: 10/08/2026",10/08/2026,,لا يوجد,داخل المملكة,
1089066,2026-08-15T21:04:05.985566+00:00,0.00,توريد مواد كيميائية لمنظومة انتاج مياه الشعيبة - 60020752,,"التاريخ: 21/02/1448
الموافق: 05/08/2026",05/08/2026,"التاريخ: 26/02/1448
الموافق: 10/08/2026",10/08/2026,,لا يوجد,داخل المملكة,
1089067,2026-08-15T21:18:38.465248+00:00,0.00,مفتاح كهربائي ثلاثي 3بي/150 ايه وعلبة داخلية للمفاتيح ولمبة LED ( يوجد مرفقات),,"التاريخ: 14/02/1448
الموافق: 29/07/2026",29/07/2026,"التاريخ: 15/02/1448
الموافق: 30/07/2026",30/07/2026,,لا يوجد,داخل المملكة,
1089069,2026-08-15T20:48:40.407415+00:00,0.00,"توريد مواد وقطع غيار (COLUMN-ANALYSER,LABORATORY-CARTRIDGE,FILTER) لمنظومة انتاج مياه الشعيبة بالساحل الغربي - 60020753",,"التاريخ: 27/02/1448
الموافق: 11/08/2026",11/08/2026,"التاريخ: 29/02/1448
الموافق: 13/08/2026",13/08/2026,,لا يوجد,داخل المملكة,
1089071,2026-08-15T21:04:12.873688+00:00,0.00,توريد زيوت لمنظومة انتاج مياه ينبع بالساحل الغربي - 60020763,5,"التاريخ: 25/02/1448
الموافق: 09/08/2026",09/08/2026,"التاريخ: 29/02/1448
الموافق: 13/08/2026",13/08/2026,,الادارة التنفيذية للإمداد بالمركز الرئيسي بالرياض,داخل المملكة,
1089072,2026-08-15T18:14:05.302854+00:00,300.00,مشروع تهذيب وصيانة مجاري الأودية والسيول وإزالة الأشجار وتسوية المستنقعات ببلدية محافظة البدائع,5,"التاريخ: 27/02/1448
الموافق: 11/08/2026",11/08/2026,"التاريخ: 28/02/1448
الموافق: 12/08/2026",12/08/2026,,إدارة المشتريات والمناقصات ببلدية البدائع,داخل المملكة,"صيانة الطرق, الطــــرق"
1089075,2026-08-15T20:48:47.881374+00:00,0.00,توريد غازات - FREON لمنظومة انتاج مياه ينبع بالساحل الغربي - 60020772,,"التاريخ: 20/02/1448
الموافق: 04/08/2026",04/08/2026,"التاريخ: 22/02/1448
الموافق: 06/08/2026",06/08/2026,,لا يوجد,داخل المملكة,
1089077,2026-08-15T21:18:45.976046+00:00,0.00,تأمين محروقات لمحافظة العيص بمنطقة المدينة المنورة,,"التاريخ: 13/02/1448
الموافق: 28/07/2026",28/07/2026,"التاريخ: 14/02/1448
الموافق: 29/07/2026",29/07/2026,,لا يوجد,داخل المملكة,
1089079,2026-08-15T19:09:05.971324+00:00,5000.00,مشروع صيانة المنافذ الخرسانية بحي المدينة في محافظة بقيق ـــــ بلدية محافظة بقيق,7,"التاريخ: 18/04/1448
الموافق: 30/09/2026",30/09/2026,"التاريخ: 26/04/1448
الموافق: 08/10/2026",08/10/2026,,بلدية محافظة بقيق,داخل المملكة,
1089080,2026-08-15T21:48:30.646515+00:00,0.00,توريد فحم صخري (ANTHRACITE- TYPE : WATER FILTER) لمنظومة انتاج مياه القنفذة بالساحل الغربي - 60020774,,"التاريخ: 19/02/1448
الموافق: 03/08/2026",03/08/2026,"التاريخ: 21/02/1448
الموافق: 05/08/2026",05/08/2026,,لا يوجد,داخل المملكة,
1089087,2026-08-15T20:10:20.726388+00:00,0.00,مشروع أعمال صيانة التجهيزات الأمنية الالكترونية والانشائية لمبنى البعثات في تركيا,5,"التاريخ: 14/03/1448
الموافق: 27/08/2026",27/08/2026,"التاريخ: 26/04/1448
الموافق: 08/10/2026",08/10/2026,,وزارة الخارجية - ادارة المشتريات,خارج المملكة,
1089088,2026-08-15T22:19:55.819573+00:00,0.00,فعالية برنامج تهيئة الطلبة المستجدين لعام 1448هـ,,"التاريخ: 12/02/1448
الموافق: 27/07/2026",27/07/2026,"التاريخ: 13/02/1448
الموافق: 28/07/2026",28/07/2026,,لا يوجد,داخل المملكة,
1089092,2026-08-15T23:09:54.649142+00:00,0.00,توريد وتركيب بلاط ارضيات انترلوك خارجي للطرق والممرات,,"التاريخ: 11/02/1448
الموافق: 26/07/2026",26/07/2026,"التاريخ: 11/03/1448
الموافق: 24/08/2026",24/08/2026,,لا يوجد,داخل المملكة,"صيانة المباني, المبـــاني"
1089094,2026-08-15T20:48:55.422916+00:00,0.00,توريد أدوات وقطع غيار كواشف وأجهزة قياس لمنظومتي انتاج مياه الشعيبة والشقيق بالساحل الغربي - 60020775,,"التاريخ: 28/02/1448
الموافق: 12/08/2026",12/08/2026,"التاريخ: 29/02/1448
الموافق: 13/08/2026",13/08/2026,,لا يوجد,داخل المملكة,
1089096,2026-08-15T21:48:38.580564+00:00,0.00,توريد غازات (GLYCINE REAGENT SOLUTION - ARCTON-22/R-22/FREON-22) لمنظومتي انتاج المياه في جدة وحقل - 60020780,,"التاريخ: 19/02/1448
الموافق: 03/08/2026",03/08/2026,"التاريخ: 21/02/1448
الموافق: 05/08/2026",05/08/2026,,لا يوجد,داخل المملكة,
1089102,2026-08-15T21:48:45.395836+00:00,0.00,"توريد مواد وقطع غيار ( GASKET,OEM PART) لمنظومة انتاج مياه الليث بالساحل الغربي - 60020781",,"التاريخ: 19/02/1448
الموافق: 03/08/2026",03/08/2026,"التاريخ: 21/02/1448
الموافق: 05/08/2026",05/08/2026,,لا يوجد,داخل المملكة,
1089105,2026-08-15T21:48:52.116638+00:00,0.00,قطع غيار لمبرد مبنى العيادات الخارجية,,"التاريخ: 06/02/1448
الموافق: 21/07/2026",21/07/2026,"التاريخ: 07/02/1448
الموافق: 22/07/2026",22/07/2026,,لا يوجد,داخل المملكة,
1089116,2026-08-15T22:40:44.406809+00:00,0.00,توريد وتركيب مضخة رفع المياه بمجمع المحاكم بمنطقة جازان,,"التاريخ: 13/02/1448
الموافق: 28/07/2026",28/07/2026,"التاريخ: 20/02/1448
الموافق: 04/08/2026",04/08/2026,,لا يوجد,داخل المملكة,"صيانة وتشغيل أعمال المياه والصرف الصحي, صيانة وتشغيل الأعمال الميكانيكيـة, صيانة المباني, محطات ضخ المياه والصرف الصحي, الأعمال الميكانيكية, محطات تحلية المياه, محطات ضخ المياه والصرف الصحي"
1089123,2026-08-15T20:18:03.848744+00:00,0.00,تأمين شنطة (صندوق) الومنيوم للوثائق والملفات,,"التاريخ: 20/02/1448
الموافق: 04/08/2026",04/08/2026,"التاريخ: 22/02/1448
الموافق: 06/08/2026",06/08/2026,,لا يوجد,داخل المملكة,
1089124,2026-08-15T23:01:15.198500+00:00,0.00,اعمال اصلاح وصيانة لبعض الملاحظات (بوابة سحب لحوش الاسناد الاداري بالدقم -باب سكريت بمستودع التقنية بالمغمس -اشراف وقائي516 -وبعض المراكز بمشعر منى ومزدلفة وعرفة),,"التاريخ: 08/02/1448
الموافق: 23/07/2026",23/07/2026,"التاريخ: 11/02/1448
الموافق: 26/07/2026",26/07/2026,,لا يوجد,داخل المملكة,المبـــاني
1089126,2026-08-15T20:10:27.069960+00:00,200.00,تجهيز مقر أمانة منطقة تبوك في المعرض الدولي للعقار 2026م,10,"التاريخ: 02/04/1448
الموافق: 14/09/2026",14/09/2026,"التاريخ: 03/05/1448
الموافق: 14/10/2026",14/10/2026,,الكترونياً من خلال منصة اعتماد,داخل المملكة,
1089131,2026-08-15T22:10:34.873356+00:00,0.00,تجهيز حفل اليوم الوطني(96) ........................,,"التاريخ: 14/02/1448
الموافق: 29/07/2026",29/07/2026,"التاريخ: 18/02/1448
الموافق: 02/08/2026",02/08/2026,,لا يوجد,داخل المملكة,
1089154,2026-08-15T20:22:07.835991+00:00,500.00,الشؤون الصحية بوزارة الحرس الوطني تتطلع للحصول على نظام تسجيل الدخول والتوثيق بواسطة البصمة للنظام الصحي لمستشفى الصحة النفسية بالرياض التابع للشؤون الصحية بوزارة الحرس الوطني.,5,"التاريخ: 03/03/1448
الموافق: 16/08/2026",16/08/2026,"التاريخ: 05/06/1448
الموافق: 15/11/2026",15/11/2026,,ادارة المشتريات - المبنى الاداري بوابة رقم 1,داخل المملكة,
1089159,2026-08-15T18:21:54.369715+00:00,300.00,هو القيام باعمال التحميل والتنزيل للأعمال البريدية بكل من عسير وجازان والباحة ونجران وجميع الأشياء اللازمة وفقاً لشروط العقد ووثائقه.,5,"التاريخ: 18/03/1448
الموافق: 31/08/2026",31/08/2026,"التاريخ: 28/03/1448
الموافق: 10/09/2026",10/09/2026,,الكتروني في منصة اعتماد,داخل المملكة,
1089163,2026-08-15T20:49:02.273240+00:00,200.00,توصيل ارساليات وطرود داخل وخارج المنطقة,10,"التاريخ: 28/02/1448
الموافق: 12/08/2026",12/08/2026,"التاريخ: 04/03/1448
الموافق: 17/08/2026",17/08/2026,,امارة منطقة حائل,داخل المملكة,
1089167,2026-08-15T18:32:38.107889+00:00,300.00,صيانة اللوحات الإلكترونية في طلعة التمياط,5,"التاريخ: 24/02/1448
الموافق: 08/08/2026",08/08/2026,"التاريخ: 25/02/1448
الموافق: 09/08/2026",09/08/2026,,بلدية طلعة التمياط,داخل المملكة,
1089168,2026-08-15T18:23:09.946004+00:00,200.00,توريد ردود مياه وصيانة شبكات الري والآبار بمحافظة الخرج حسب جدول الكميات والشروط الخاصة المرفقة,5,"التاريخ: 07/03/1448
الموافق: 20/08/2026",20/08/2026,"التاريخ: 14/03/1448
الموافق: 27/08/2026",27/08/2026,,منصة اعتماد,داخل المملكة,
1089182,2026-08-15T20:49:10.000070+00:00,3000.00,مشروع صيانة وتطوير وأنسنه الشوارع وتحسين المشهد الحضري بمحافظة النعيرية,7,"التاريخ: 19/02/1448
الموافق: 03/08/2026",03/08/2026,"التاريخ: 25/02/1448
الموافق: 09/08/2026",09/08/2026,,بلدية النعيرية,داخل المملكة,"صيانة الطرق, إنشاء الطرق وتشمل (الأعمال الترابية الردم والتسوية والدك)"
1089184,2026-08-15T19:53:28.933014+00:00,200.00,صيانة مركز العمليات البديل,5,"التاريخ: 24/03/1448
الموافق: 06/09/2026",06/09/2026,"التاريخ: 29/04/1448
الموافق: 11/10/2026",11/10/2026,,اعتماد,داخل المملكة,
1089185,2026-08-15T20:39:53.725668+00:00,500.00,صيانة ونظافة مطار قاعدة الملك عبد العزيز البحرية بالجبيل,5,"التاريخ: 24/03/1448
الموافق: 06/09/2026",06/09/2026,"التاريخ: 29/04/1448
الموافق: 11/10/2026",11/10/2026,,اعتماد,داخل المملكة,نظافة المدن والتخلص من مقالب النفايات وردمها
1089191,2026-08-15T23:10:00.380400+00:00,0.00,AR26620024 احتياج (بطاريات) للدفاع المدني بمنطقة الحدود الشمالية,,"التاريخ: 05/02/1448
الموافق: 20/07/2026",20/07/2026,"التاريخ: 06/02/1448
الموافق: 21/07/2026",21/07/2026,,لا يوجد,داخل المملكة,
1089194,2026-08-15T22:29:56.357928+00:00,0.00,تأمين وتوريد أدوات كهرباء وسباكة لزوم الإدارات الخارجية التابعة لمديرية الدفاع المدني بمنطقة المدينة المنورة,,"التاريخ: 07/02/1448
الموافق: 22/07/2026",22/07/2026,"التاريخ: 08/02/1448
الموافق: 23/07/2026",23/07/2026,,لا يوجد,داخل المملكة,
1089199,2026-08-15T20:10:35.569209+00:00,300.00,مشروع تطوير وصيانة شبكات السيول بمحافظة البدائع,5,"التاريخ: 19/02/1448
الموافق: 03/08/2026",03/08/2026,"التاريخ: 20/02/1448
الموافق: 04/08/2026",04/08/2026,,إدارة المشتريات والمناقصات ببلدية البدائع,داخل المملكة,"صيانة الطرق, الطــــرق"
1089207,2026-08-15T21:11:14.076612+00:00,0.00,حاجة المستشفى,,"التاريخ: 10/04/1448
الموافق: 22/09/2026",22/09/2026,"التاريخ: 11/05/1448
الموافق: 22/10/2026",22/10/2026,,لا يوجد,داخل المملكة,
1089212,2026-08-15T22:40:51.689764+00:00,0.00,توريد مكيفات شباك وسبلت بكتيبة الدفاع الجوي (120) بينبع,,"التاريخ: 11/02/1448
الموافق: 26/07/2026",26/07/2026,"التاريخ: 15/02/1448
الموافق: 30/07/2026",30/07/2026,,لا يوجد,داخل المملكة,
1089213,2026-08-15T22:23:55.637226+00:00,0.00,توريد البنزين والديزل لنادي سباقات الخيل,,"التاريخ: 06/02/1448
الموافق: 21/07/2026",21/07/2026,"التاريخ: 07/02/1448
الموافق: 22/07/2026",22/07/2026,,لا يوجد,داخل المملكة,
1089215,2026-08-15T23:01:22.126255+00:00,0.00,تأمين قطع غيار الية السلالم التابعة الدفاع المدني بمدينة سكاكا بالجوف,,"التاريخ: 04/02/1448
الموافق: 19/07/2026",19/07/2026,"التاريخ: 05/02/1448
الموافق: 20/07/2026",20/07/2026,,لا يوجد,داخل المملكة,
1089218,2026-08-15T23:01:28.534829+00:00,0.00,تأمين وتوريد بطاريات لزوم بعض سيارة الإمارة,,"التاريخ: 06/02/1448
الموافق: 21/07/2026",21/07/2026,"التاريخ: 07/02/1448
الموافق: 22/07/2026",22/07/2026,,لا يوجد,داخل المملكة,
1089221,2026-08-15T22:30:03.221774+00:00,0.00,تأمين وتوريد وتركيب مع الترصيص إطارات لزوم بعض سيارات الإمارة,,"التاريخ: 08/02/1448
الموافق: 23/07/2026",23/07/2026,"التاريخ: 11/02/1448
الموافق: 26/07/2026",26/07/2026,,لا يوجد,داخل المملكة,
1089224,2026-08-15T23:14:43.735414+00:00,0.00,كراسة رقم 266283 تامين قطع غيار عدة اليات تابعة عدة ادارات,,"التاريخ: 02/02/1448
الموافق: 17/07/2026",17/07/2026,"التاريخ: 03/02/1448
الموافق: 18/07/2026",18/07/2026,,لا يوجد,داخل المملكة,
1089232,2026-08-15T20:40:00.462818+00:00,100.00,توريد وتأمين  بنزين  أخضر لسيارات بلدية عسفان,5,"التاريخ: 19/02/1448
الموافق: 03/08/2026",03/08/2026,"التاريخ: 20/02/1448
الموافق: 04/08/2026",04/08/2026,,عبر المنصه,داخل المملكة,
1089233,2026-08-15T20:49:18.783520+00:00,300.00,توريد قطع غيار وصيانة وفحص وإعادة تعبئة خزانات الغاز بإسكان القوات المسلحة بقوة نجران,5,"التاريخ: 18/02/1448
الموافق: 02/08/2026",02/08/2026,"التاريخ: 22/02/1448
الموافق: 06/08/2026",06/08/2026,,قسم المشتريات,داخل المملكة,
1089235,2026-08-15T19:18:20.136030+00:00,3000.00,صيانة وتأهيل المواقع التنموية بالمحافظة,5,"التاريخ: 29/02/1448
الموافق: 13/08/2026",13/08/2026,"التاريخ: 03/03/1448
الموافق: 16/08/2026",16/08/2026,,البوابة ـ بلدية محافظة محايل عسير,داخل المملكة,"صيــانة الحدائق والمنتزهـات, صيانة الطرق, صيانة وتشغيل الأعمال الكهربائية"
1089237,2026-08-15T19:18:27.364745+00:00,3000.00,صيانة وأنسنة المخططات السكنية بالمحافظة,5,"التاريخ: 29/02/1448
الموافق: 13/08/2026",13/08/2026,"التاريخ: 03/03/1448
الموافق: 16/08/2026",16/08/2026,,البوابة ـ بلدية محافظة محايل عسير,داخل المملكة,"صيــانة الحدائق والمنتزهـات, صيانة الطرق, صيانة وتشغيل الأعمال الكهربائية"
1089239,2026-08-15T19:18:32.204316+00:00,3000.00,صيانة وأنسنة المحاور الرئيسية بالمحافظة,5,"التاريخ: 29/02/1448
الموافق: 13/08/2026",13/08/2026,"التاريخ: 03/03/1448
الموافق: 16/08/2026",16/08/2026,,البوابة ـ بلدية محافظة محايل عسير,داخل المملكة,"صيــانة الحدائق والمنتزهـات, صيانة الطرق, صيانة وتشغيل الأعمال الكهربائية"
1089243,2026-08-15T19:18:39.942546+00:00,3000.00,صيانة وتأهيل المناطق الحيوية بمحايل,5,"التاريخ: 29/02/1448
الموافق: 13/08/2026",13/08/2026,"التاريخ: 03/03/1448
الموافق: 16/08/2026",16/08/2026,,البوابة ـ بلدية محافظة محايل عسير,داخل المملكة,"صيــانة الحدائق والمنتزهـات, صيانة الطرق, صيانة وتشغيل الأعمال الكهربائية"
1089245,2026-08-15T20:40:08.915411+00:00,200.00,صيانة ضواغط الهواء  بوحدة تحلية مياه البحر بضباء,5,"التاريخ: 07/03/1448
الموافق: 20/08/2026",20/08/2026,"التاريخ: 18/03/1448
الموافق: 31/08/2026",31/08/2026,,محطات التحلية بمدينة ينبع الصناعية,داخل المملكة,
1089257,2026-08-15T22:20:04.594084+00:00,0.00,لضمان استمرارية تقديم الرعاية الصحية للمرضى دون انقطاع يتحتم توفير هذا البند,,"التاريخ: 20/02/1448
الموافق: 04/08/2026",04/08/2026,"التاريخ: 21/02/1448
الموافق: 05/08/2026",05/08/2026,,لا يوجد,داخل المملكة,
1089259,2026-08-15T18:22:01.086727+00:00,300.00,هو القيام باعمال التحميل والتنزيل للأعمال البريدية بكل من المنطقة الشرقية والجوف والحدود الشمالية وجميع الأشياء اللازمة وفقاً لشروط العقد ووثائقه.,5,"التاريخ: 18/03/1448
الموافق: 31/08/2026",31/08/2026,"التاريخ: 27/03/1448
الموافق: 09/09/2026",09/09/2026,,الكتروني في منصة اعتماد,داخل المملكة,
1089269,2026-08-15T19:46:55.638143+00:00,0.00,توريد قطع غيار لأنظمة التحكم لمنظومة إنتاج ينبع 60020708,5,"التاريخ: 20/02/1448
الموافق: 04/08/2026",04/08/2026,"التاريخ: 06/03/1448
الموافق: 19/08/2026",19/08/2026,,المؤسسة العامة لتحلية المياه المالحة – الرياض – العليا – طريق الملك فهد الدور الرابع لجنة فتح المظاريف,داخل المملكة,
1089270,2026-08-15T19:47:02.795402+00:00,0.00,توريد قطع غيار أجهزة وتحكم ( Analysers) لمنظومة إنتاج ينبع 60020709,5,"التاريخ: 20/02/1448
الموافق: 04/08/2026",04/08/2026,"التاريخ: 06/03/1448
الموافق: 19/08/2026",19/08/2026,,المؤسسة العامة لتحلية المياه المالحة – الرياض – العليا – طريق الملك فهد الدور الرابع لجنة فتح المظاريف,داخل المملكة,
1089271,2026-08-15T21:58:29.007826+00:00,0.00,لضمان استمرارية تقديم الرعاية الصحية للمرضى دون انقطاع يتحتم توفير هذا البنود,,"التاريخ: 19/02/1448
الموافق: 03/08/2026",03/08/2026,"التاريخ: 20/02/1448
الموافق: 04/08/2026",04/08/2026,,لا يوجد,داخل المملكة,
1089273,2026-08-15T19:47:09.847504+00:00,0.00,توريد قطع غيار أجهزة وتحكم (POWER SUP SYS)  لمنظومة إنتاج ينبع 60020711,5,"التاريخ: 22/02/1448
الموافق: 06/08/2026",06/08/2026,"التاريخ: 10/03/1448
الموافق: 23/08/2026",23/08/2026,,المؤسسة العامة لتحلية المياه المالحة – الرياض – العليا – طريق الملك فهد الدور الرابع لجنة فتح المظاريف,داخل المملكة,
1089274,2026-08-15T19:36:29.158989+00:00,0.00,توريد قطع غيار أجهزة وتحكم ( TEMPERATURE) لمنظومة إنتاج ينبع 60020712,5,"التاريخ: 22/02/1448
الموافق: 06/08/2026",06/08/2026,"التاريخ: 10/03/1448
الموافق: 23/08/2026",23/08/2026,,المؤسسة العامة لتحلية المياه المالحة – الرياض – العليا – طريق الملك فهد الدور الرابع لجنة فتح المظاريف,داخل المملكة,
1089275,2026-08-15T19:36:35.797831+00:00,0.00,توريد قطع غيار للمولدات الكهربائية لمنظومة إنتاج ينبع 60020713,5,"التاريخ: 22/02/1448
الموافق: 06/08/2026",06/08/2026,"التاريخ: 10/03/1448
الموافق: 23/08/2026",23/08/2026,,المؤسسة العامة لتحلية المياه المالحة – الرياض – العليا – طريق الملك فهد الدور الرابع لجنة فتح المظاريف,داخل المملكة,
1089277,2026-08-15T19:36:42.519570+00:00,0.00,توريد قطع غيار مرحلات كهربائية وأجهزة وتحكم لمنظومة إنتاج ينبع 60020714,5,"التاريخ: 22/02/1448
الموافق: 06/08/2026",06/08/2026,"التاريخ: 10/03/1448
الموافق: 23/08/2026",23/08/2026,,المؤسسة العامة لتحلية المياه المالحة – الرياض – العليا – طريق الملك فهد الدور الرابع لجنة فتح المظاريف,داخل المملكة,
1089278,2026-08-15T19:36:47.537175+00:00,0.00,توريد قطع غيار للصمامات لمنظومة إنتاج ينبع 60020715,5,"التاريخ: 22/02/1448
الموافق: 06/08/2026",06/08/2026,"التاريخ: 10/03/1448
الموافق: 23/08/2026",23/08/2026,,المؤسسة العامة لتحلية المياه المالحة – الرياض – العليا – طريق الملك فهد الدور الرابع لجنة فتح المظاريف,داخل المملكة,
1089279,2026-08-15T20:26:49.145995+00:00,1500.00,التنفيذ الكامل للحفل الختامي لجائزة كفاءة الطاقة 2026 والذي يشمل تجهيزات القاعة ومرافقها ومستلزمات تشغيلها مثل (الصوتيات والاضاءة – المنظمين – الضيافة – أنظمة التسجيل  - المطبوعات) وجميع ما يتعلق بتشغيل القاعة وإقامة الحفل.,5,"التاريخ: 25/02/1448
الموافق: 09/08/2026",09/08/2026,"التاريخ: 03/03/1448
الموافق: 16/08/2026",16/08/2026,,الرياض حي النخيل البوابة الرقميه مبني IT02,داخل المملكة,
1089280,2026-08-15T19:47:18.183055+00:00,0.00,توريد قطع غيار أجهزة لأنظمة التحكم لمنظومة إنتاج ينبع 60020716,5,"التاريخ: 22/02/1448
الموافق: 06/08/2026",06/08/2026,"التاريخ: 10/03/1448
الموافق: 23/08/2026",23/08/2026,,المؤسسة العامة لتحلية المياه المالحة – الرياض – العليا – طريق الملك فهد الدور الرابع لجنة فتح المظاريف,داخل المملكة,
1089281,2026-08-15T19:47:24.134640+00:00,0.00,توريد قطع غيار أجهزة ارسال وتدفق لمنظومة إنتاج ينبع 60020717,5,"التاريخ: 22/02/1448
الموافق: 06/08/2026",06/08/2026,"التاريخ: 10/03/1448
الموافق: 23/08/2026",23/08/2026,,المؤسسة العامة لتحلية المياه المالحة – الرياض – العليا – طريق الملك فهد الدور الرابع لجنة فتح المظاريف,داخل المملكة,
1089282,2026-08-15T19:31:04.230796+00:00,0.00,توريد قطع غيار أجهزة وتحكم لمنظومة إنتاج ينبع 60020718,5,"التاريخ: 14/03/1448
الموافق: 27/08/2026",27/08/2026,"التاريخ: 10/04/1448
الموافق: 22/09/2026",22/09/2026,,المؤسسة العامة لتحلية المياه المالحة – الرياض – العليا – طريق الملك فهد الدور الرابع لجنة فتح المظاريف,داخل المملكة,
1089283,2026-08-15T19:47:31.004153+00:00,0.00,توريد قطع غيار للمحولات لمنظومة إنتاج ينبع 60020754,5,"التاريخ: 22/02/1448
الموافق: 06/08/2026",06/08/2026,"التاريخ: 10/03/1448
الموافق: 23/08/2026",23/08/2026,,المؤسسة العامة لتحلية المياه المالحة – الرياض – العليا – طريق الملك فهد الدور الرابع لجنة فتح المظاريف,داخل المملكة,
1089287,2026-08-15T20:33:41.021692+00:00,500.00,عملية تجهيز عدد 84 سيارات من نوع لوسيد  موديل 2026م م بالشعار الرسمي وتركيب جهاز سفتي والبراقات  ودعامات امامية وخلفية حسب الشروط والمواصفات,5,"التاريخ: 18/02/1448
الموافق: 02/08/2026",02/08/2026,"التاريخ: 25/02/1448
الموافق: 09/08/2026",09/08/2026,,المديرية العامة للجوازات الإدارة العامة للمنافسات والمشتريات مبنى F الدور الثالث,داخل المملكة,
1089293,2026-08-15T22:30:09.880236+00:00,0.00,توريد وتركيب وإزالة أرضية فينيل طبي وثلاجة طبية  بن بينبع التابع لمستشفى الأمير محمد الخاصة بمركز العيادات الخارجية  الوطني - الشؤون الصحية بوزارة الحرس الوطني,,"التاريخ: 07/03/1448
الموافق: 20/08/2026",20/08/2026,"التاريخ: 28/03/1448
الموافق: 10/09/2026",10/09/2026,,لا يوجد,داخل المملكة,
1089294,2026-08-15T22:49:54.198557+00:00,0.00,لسد إحتياج مدينة الأمير سلطان الطبية العسكريه,,"التاريخ: 07/02/1448
الموافق: 22/07/2026",22/07/2026,"التاريخ: 08/02/1448
الموافق: 23/07/2026",23/07/2026,,لا يوجد,داخل المملكة,
1089299,2026-08-15T21:44:11.051614+00:00,0.00,تقديم خدمة الصيانة الوقائية لمردة واحدة لجهاز قياس السمع الموجود في مستشفى الامام عبدالرحمن بن فيصل بالدمام التابع للشؤون الصحية بوزارة الحرس الوطني,,"التاريخ: 13/02/1448
الموافق: 28/07/2026",28/07/2026,"التاريخ: 14/03/1448
الموافق: 27/08/2026",27/08/2026,,لا يوجد,داخل المملكة,
1089300,2026-08-15T21:49:00.335831+00:00,0.00,Temperature control sensor (TEC2646-4) حساس  منظم درجة,,"التاريخ: 06/02/1448
الموافق: 21/07/2026",21/07/2026,"التاريخ: 07/02/1448
الموافق: 22/07/2026",22/07/2026,,لا يوجد,داخل المملكة,
1089301,2026-08-15T21:49:06.773298+00:00,0.00,WATER HEATER FOR CARDIAC BULDING لمستشفى الحرس الوطني,,"التاريخ: 06/02/1448
الموافق: 21/07/2026",21/07/2026,"التاريخ: 07/02/1448
الموافق: 22/07/2026",22/07/2026,,لا يوجد,داخل المملكة,
1089303,2026-08-15T21:49:13.682263+00:00,0.00,"Spare parts for GE Anesthesia unit , Model: Aysis CS2 ( Requester : Eng. Meshal Alswileh ) - قطع غيار لجهاز التخدير",,"التاريخ: 06/02/1448
الموافق: 21/07/2026",21/07/2026,"التاريخ: 07/02/1448
الموافق: 22/07/2026",22/07/2026,,لا يوجد,داخل المملكة,
1089307,2026-08-15T18:23:15.410272+00:00,1000.00,منافسة مشروع إصلاح وصيانة أجهزة الأشعة والتصوير الطبي والأجهزة عالية التقنية والدقيقة بالمدينة الطبية بجامعة الملك سعود والتي تشمل الصيانة الوقائية التصحيحية والاصلاح والمعايرة وتوفير قطع الغيار للأجهزة.,5,"التاريخ: 17/03/1448
الموافق: 30/08/2026",30/08/2026,"التاريخ: 18/03/1448
الموافق: 31/08/2026",31/08/2026,,الكترونيا عبر الموقع,داخل المملكة,
1089309,2026-08-15T19:57:27.169515+00:00,6500.00,توريد محروقات بنزين لوسائط النقل التابعة لبلدية محافظة السليمي,5,"التاريخ: 19/02/1448
الموافق: 03/08/2026",03/08/2026,"التاريخ: 20/02/1448
الموافق: 04/08/2026",04/08/2026,,بلدية محافظة السليمي,داخل المملكة,
1089310,2026-08-15T19:57:33.823216+00:00,6500.00,توريد محروقات ديذل للمعدات التابعة لبلدية محافظة السليمي,5,"التاريخ: 20/02/1448
الموافق: 04/08/2026",04/08/2026,"التاريخ: 21/02/1448
الموافق: 05/08/2026",05/08/2026,,بلدية محافظة السليمي,داخل المملكة,
1089320,2026-08-15T23:01:35.646561+00:00,0.00,تجديد برنامج تم للمركبات الحكومية وبرنامج مقيم لبلدية الصداوي,,"التاريخ: 05/02/1448
الموافق: 20/07/2026",20/07/2026,"التاريخ: 06/02/1448
الموافق: 21/07/2026",21/07/2026,,لا يوجد,داخل المملكة,
1089322,2026-08-15T19:57:40.481263+00:00,100.00,توريد بلدورة وانتر لك لبلدية جلاجل لصيانة المرافق العامة,5,"التاريخ: 21/02/1448
الموافق: 05/08/2026",05/08/2026,"التاريخ: 22/02/1448
الموافق: 06/08/2026",06/08/2026,,بلدية جلاجل,داخل المملكة,
1089323,2026-08-15T20:18:12.561051+00:00,0.00,أعمال إصلاح وصيانة لمباني الدفاع المدني ( الإدارة العامة - مركز النهضة -مركز خزام ) بمحافظة جدة,,"التاريخ: 24/02/1448
الموافق: 08/08/2026",08/08/2026,"التاريخ: 25/02/1448
الموافق: 09/08/2026",09/08/2026,,لا يوجد,داخل المملكة,"صيانة المباني, المبـــاني"
1089327,2026-08-15T21:34:55.904837+00:00,0.00,الاشتراك ببرنامج تم لإنهاء الاجراءات المرورية لسيارات بلدية محافظة ميسان,,"التاريخ: 12/02/1448
الموافق: 27/07/2026",27/07/2026,"التاريخ: 13/02/1448
الموافق: 28/07/2026",28/07/2026,,لا يوجد,داخل المملكة,
1089328,2026-08-15T21:35:03.801088+00:00,0.00,اشتراك في خدمة مقيم لمدة 12 شهر لبلدية محافظة ميسان,,"التاريخ: 12/02/1448
الموافق: 27/07/2026",27/07/2026,"التاريخ: 13/02/1448
الموافق: 28/07/2026",28/07/2026,,لا يوجد,داخل المملكة,
1089329,2026-08-15T22:30:18.327955+00:00,0.00,صيانة خزانات الغاز الخاصة بأفران المعالجات الحرارية مصنع إنتاج العدد وقطع الغيار,,"التاريخ: 27/02/1448
الموافق: 11/08/2026",11/08/2026,"التاريخ: 07/03/1448
الموافق: 20/08/2026",20/08/2026,,لا يوجد,داخل المملكة,
1089346,2026-08-15T19:54:19.735262+00:00,500.00,صيانة الجدران الحجرية و الجبيونات بالدائر,5,"التاريخ: 18/02/1448
الموافق: 02/08/2026",02/08/2026,"التاريخ: 19/02/1448
الموافق: 03/08/2026",03/08/2026,,بلدية صبيا,داخل المملكة,
1089347,2026-08-15T21:49:21.211139+00:00,0.00,إعادة تأهيل  خزان مياه بفرع الإدارة الهندسية والأشغال بالجنوبية .,,"التاريخ: 15/02/1448
الموافق: 30/07/2026",30/07/2026,"التاريخ: 18/02/1448
الموافق: 02/08/2026",02/08/2026,,لا يوجد,داخل المملكة,
1089348,2026-08-15T22:40:57.493394+00:00,0.00,تقديم دورة تدريبة متقدمة في الواقع الافتراضي,,"التاريخ: 06/02/1448
الموافق: 21/07/2026",21/07/2026,"التاريخ: 08/02/1448
الموافق: 23/07/2026",23/07/2026,,لا يوجد,داخل المملكة,
1089353,2026-08-15T22:33:52.644498+00:00,0.00,توريد وتركيب سياج وسلالم للمباني السكنية بالمجموعة الخامسة بالشرقية,,"التاريخ: 14/02/1448
الموافق: 29/07/2026",29/07/2026,"التاريخ: 21/02/1448
الموافق: 05/08/2026",05/08/2026,,لا يوجد,داخل المملكة,
1089354,2026-08-15T19:23:32.490241+00:00,0.00,تأمين زيت مستحلب 260332 تأمين زيت مستحلب 260332,,"التاريخ: 19/02/1448
الموافق: 03/08/2026",03/08/2026,"التاريخ: 20/02/1448
الموافق: 04/08/2026",04/08/2026,,لا يوجد,داخل المملكة,
1089356,2026-08-15T22:33:58.217594+00:00,0.00,توريد وتركيب وصيانة أبواب منزلقة بالمجموعة الخامسة بالشرقية,,"التاريخ: 14/02/1448
الموافق: 29/07/2026",29/07/2026,"التاريخ: 21/02/1448
الموافق: 05/08/2026",05/08/2026,,لا يوجد,داخل المملكة,
1089361,2026-08-15T19:47:39.302585+00:00,2000.00,عملية توريد وتركيب قطع غيار للسيارات المصفحة,5,"التاريخ: 20/02/1448
الموافق: 04/08/2026",04/08/2026,"التاريخ: 21/02/1448
الموافق: 05/08/2026",05/08/2026,,إمارة منطقة الباحة,داخل المملكة,
1089365,2026-08-15T23:01:43.334709+00:00,0.00,تأمين قطع غيار سيارات فرع وزارة النقل والخدمات اللوجستية بمنطقة القصيم,,"التاريخ: 04/02/1448
الموافق: 19/07/2026",19/07/2026,"التاريخ: 05/02/1448
الموافق: 20/07/2026",20/07/2026,,لا يوجد,داخل المملكة,
1089366,2026-08-15T23:01:50.207694+00:00,0.00,توريد وتركيب واختبار وتشغيل مضخات غاطسة لمحطة الرفع بمجموعة الدفاع الجوي الثانية,,"التاريخ: 08/02/1448
الموافق: 23/07/2026",23/07/2026,"التاريخ: 15/02/1448
الموافق: 30/07/2026",30/07/2026,,لا يوجد,داخل المملكة,
1089367,2026-08-15T20:56:02.966122+00:00,0.00,توريد دواء طبي لمستشفى الأمير محمد بن عبد العزيز للحرس الوطني بالمدينة المنورة,,"التاريخ: 08/02/1448
الموافق: 23/07/2026",23/07/2026,"التاريخ: 11/02/1448
الموافق: 26/07/2026",26/07/2026,,لا يوجد,داخل المملكة,
1089368,2026-08-15T22:42:58.405363+00:00,0.00,توريد وتركيب كلايدنج لواجهة مجموعة الدفاع الجوي الثانية,,"التاريخ: 08/02/1448
الموافق: 23/07/2026",23/07/2026,"التاريخ: 15/02/1448
الموافق: 30/07/2026",30/07/2026,,لا يوجد,داخل المملكة,
1089369,2026-08-15T20:23:17.792626+00:00,300.00,توريد أجهزة كشف الاغذية,10,"التاريخ: 27/02/1448
الموافق: 11/08/2026",11/08/2026,"التاريخ: 28/02/1448
الموافق: 12/08/2026",12/08/2026,,عبر منصة اعتماد,داخل المملكة,
1089372,2026-08-15T20:49:26.284904+00:00,0.00,توريد المواد وقطع الغيار (CLOUMN METALLIC )الهيئة السعودية للمياه منظومة انتاج الشعيبة- الساحل الغربي. 60020785,,"التاريخ: 05/03/1448
الموافق: 18/08/2026",18/08/2026,"التاريخ: 18/03/1448
الموافق: 31/08/2026",31/08/2026,,لا يوجد,داخل المملكة,
1089374,2026-08-15T22:30:26.444873+00:00,0.00,تقديم خدمة تحليل ودراسة المخاطر لإدارة خدمات السلامة والحماية من الحريق بمستشفى الأمير محمد بن عبد العزيز بالمدينة المنورة التابع للشئون الصحية بالحرس الوطني بهدف تحديد احتياجات ومتطلبات فرق الإطفاء والإنقاذ الخاصة وإعداد التقرير الفني اللازم وفقاً للائحة فرق الإطفاء والإنقاذ الخاصة المعتمدة من الدفاع المدني والصادرة بالقرار الوزاري رقم (8015) وتاريخ 8/3/1435ه,,"التاريخ: 18/02/1448
الموافق: 02/08/2026",02/08/2026,"التاريخ: 19/03/1448
الموافق: 01/09/2026",01/09/2026,,لا يوجد,داخل المملكة,
1089378,2026-08-15T20:40:17.364226+00:00,0.00,توريد قطع غيار محلل الأشعة تحت الحمراء ومحلل الغاز وأجهزة قياس نفاذية الغبار لمنظومة إنتاج ينبع 60020134,5,"التاريخ: 21/02/1448
الموافق: 05/08/2026",05/08/2026,"التاريخ: 28/02/1448
الموافق: 12/08/2026",12/08/2026,,المؤسسة العامة لتحلية المياه المالحة – الرياض – العليا – طريق الملك فهد الدور الرابع لجنة فتح المظاريف,داخل المملكة,
1089383,2026-08-15T21:18:53.589673+00:00,0.00,تحسين مكتب قائد كلية الأركان المشتركة وغرفة الاجتماعات,,"التاريخ: 13/02/1448
الموافق: 28/07/2026",28/07/2026,"التاريخ: 14/02/1448
الموافق: 29/07/2026",29/07/2026,,لا يوجد,داخل المملكة,
1089389,2026-08-15T22:50:00.363941+00:00,0.00,تأمين عدد (21) جهاز تشغيل شرائح الانترنت (مودم),,"التاريخ: 07/02/1448
الموافق: 22/07/2026",22/07/2026,"التاريخ: 08/02/1448
الموافق: 23/07/2026",23/07/2026,,لا يوجد,داخل المملكة,
1089392,2026-08-15T23:01:56.882744+00:00,0.00,توريد الزي الرسمي لموظفي الامن والسلامة لفرع وزارة النقل والخدمات اللوجستية بمنطقة الرياض والفروع التابعة لها,,"التاريخ: 04/02/1448
الموافق: 19/07/2026",19/07/2026,"التاريخ: 05/02/1448
الموافق: 20/07/2026",20/07/2026,,لا يوجد,داخل المملكة,
1089394,2026-08-15T19:29:28.282054+00:00,500.00,صيانة مبنى البلدية الرئيسي والمرافق,5,"التاريخ: 29/02/1448
الموافق: 13/08/2026",13/08/2026,"التاريخ: 03/03/1448
الموافق: 16/08/2026",16/08/2026,,بلدية الصبيخة,داخل المملكة,
1089395,2026-08-15T19:29:37.209791+00:00,200.00,تامين وتوريد مواد لمعالجات التشوهات البصرية,5,"التاريخ: 29/02/1448
الموافق: 13/08/2026",13/08/2026,"التاريخ: 03/03/1448
الموافق: 16/08/2026",16/08/2026,,بلدية الصبيخة,داخل المملكة,
1089396,2026-08-15T21:19:00.062499+00:00,0.00,إصلاح وصيانة وتامين قطع الغيار اللازمة  لعربات مخصصة للاستخدام الإداري بالجامعة,,"التاريخ: 13/02/1448
الموافق: 28/07/2026",28/07/2026,"التاريخ: 14/02/1448
الموافق: 29/07/2026",29/07/2026,,لا يوجد,داخل المملكة,
1089397,2026-08-15T21:19:09.030445+00:00,0.00,توريد حافظات نفايات المواد الكيميائية بمستشفى قاعدة الملك عبدالعزيز بالظهران,,"التاريخ: 25/02/1448
الموافق: 09/08/2026",09/08/2026,"التاريخ: 26/02/1448
الموافق: 10/08/2026",10/08/2026,,لا يوجد,داخل المملكة,
1089399,2026-08-15T18:14:11.559932+00:00,500.00,هو القيام باعمال التحميل والتنزيل للأعمال البريدية بكل من منطقة مكة المكرمة والمدينة المنورة وتبوك وجميع الأشياء اللازمة وفقاً لشروط العقد ووثائقه.,5,"التاريخ: 17/03/1448
الموافق: 30/08/2026",30/08/2026,"التاريخ: 18/03/1448
الموافق: 31/08/2026",31/08/2026,,الكتروني في منصة اعتماد,داخل المملكة,
1089401,2026-08-15T22:20:10.380131+00:00,0.00,تامين حقائب للدارسين بجامعة الدفاع الوطني للعام الأكاديمي 1448هـ,,"التاريخ: 07/02/1448
الموافق: 22/07/2026",22/07/2026,"التاريخ: 08/02/1448
الموافق: 23/07/2026",23/07/2026,,لا يوجد,داخل المملكة,
1089404,2026-08-15T19:21:15.712473+00:00,500.00,عملية تجهيز ميدان العرض العسكري والمنصة بعرفات لحج عام 1448هـ,5,"التاريخ: 25/02/1448
الموافق: 09/08/2026",09/08/2026,"التاريخ: 26/02/1448
الموافق: 10/08/2026",10/08/2026,,الإدارة العامة للمشتريات والعقود,داخل المملكة,
1089408,2026-08-15T20:40:24.392562+00:00,0.00,تأمين احتياج الحرس الوطني بسعر عادل .....................................................,,"التاريخ: 15/02/1448
الموافق: 30/07/2026",30/07/2026,"التاريخ: 22/02/1448
الموافق: 06/08/2026",06/08/2026,,لا يوجد,داخل المملكة,
1089416,2026-08-15T21:49:28.632492+00:00,0.00,"Schneider Electric Variable Speed Drive, 90  kW, 3 Phase, 400 V ac, 173 A, Altivar Series Manufacturers Part No.: ATV630D90N4",,"التاريخ: 06/02/1448
الموافق: 21/07/2026",21/07/2026,"التاريخ: 07/02/1448
الموافق: 22/07/2026",22/07/2026,,لا يوجد,داخل المملكة,
1089418,2026-08-15T23:02:04.059462+00:00,0.00,توريد قطع غيار لسفن جلالة الملك لمركز التموين البحري بالاسطول الشرقي,,"التاريخ: 04/02/1448
الموافق: 19/07/2026",19/07/2026,"التاريخ: 05/02/1448
الموافق: 20/07/2026",20/07/2026,,لا يوجد,داخل المملكة,
1089421,2026-08-15T19:21:22.469213+00:00,0.00,توريد المواد وقطع الغيار (AIR COMPRESSOR )الهيئة السعودية للمياه منظومة انتاج ينبع - الساحل الغربي. 60020786,5,"التاريخ: 06/03/1448
الموافق: 19/08/2026",19/08/2026,"التاريخ: 18/03/1448
الموافق: 31/08/2026",31/08/2026,,الادارة التنفيذية للإمداد بالمركز الرئيسي بالرياض,داخل المملكة,
1089426,2026-08-15T19:57:48.577821+00:00,500.00,صيانة ونظافة المبنى التابع لوزارة العدل بأوقاف جامعة الملك سعود,5,"التاريخ: 29/02/1448
الموافق: 13/08/2026",13/08/2026,"التاريخ: 13/03/1448
الموافق: 26/08/2026",26/08/2026,,الرياض,داخل المملكة,
1089432,2026-08-15T21:49:36.814202+00:00,0.00,X-ray Positioning Sets لمستشفى الحرس الوطني,,"التاريخ: 06/02/1448
الموافق: 21/07/2026",21/07/2026,"التاريخ: 07/02/1448
الموافق: 22/07/2026",22/07/2026,,لا يوجد,داخل المملكة,
1089438,2026-08-15T20:49:33.505947+00:00,0.00,توريد اعمدة انارة ديكورية لبلدية الشبحة,5,"التاريخ: 18/02/1448
الموافق: 02/08/2026",02/08/2026,"التاريخ: 20/02/1448
الموافق: 04/08/2026",04/08/2026,,بلدية الشبحة,داخل المملكة,
1089439,2026-08-15T21:35:09.253118+00:00,0.00,Scanning Chairs (Stools with Backrest and Castors),,"التاريخ: 06/02/1448
الموافق: 21/07/2026",21/07/2026,"التاريخ: 07/02/1448
الموافق: 22/07/2026",22/07/2026,,لا يوجد,داخل المملكة,
1089440,2026-08-15T19:36:52.999096+00:00,500.00,توريد بليتات متعددة الأنواع والمقاسات وغراء بليت,5,"التاريخ: 05/04/1448
الموافق: 17/09/2026",17/09/2026,"التاريخ: 12/04/1448
الموافق: 24/09/2026",24/09/2026,,منصة اعتماد,داخل المملكة,
1089441,2026-08-15T22:41:05.777731+00:00,0.00,إعادة ترميم العزل بكتيبة الدفاع الجوي (120) بينبع,,"التاريخ: 11/02/1448
الموافق: 26/07/2026",26/07/2026,"التاريخ: 15/02/1448
الموافق: 30/07/2026",30/07/2026,,لا يوجد,داخل المملكة,
1089443,2026-08-15T21:49:44.346021+00:00,0.00,لمبة بروجكتور قاعة تدريس الاطباء لمستشفى الحرس الوطني,,"التاريخ: 06/02/1448
الموافق: 21/07/2026",21/07/2026,"التاريخ: 07/02/1448
الموافق: 22/07/2026",22/07/2026,,لا يوجد,داخل المملكة,
1089447,2026-08-15T20:40:30.934558+00:00,0.00,تجديد شهادة الأيزو 9001 وتدريب موظفين كمدقق داخلي معتمد لمركز الخدمات الطبية الشرعية بالمنطقة الشرقية,,"التاريخ: 29/02/1448
الموافق: 13/08/2026",13/08/2026,"التاريخ: 14/03/1448
الموافق: 27/08/2026",27/08/2026,,لا يوجد,داخل المملكة,
1089453,2026-08-15T19:41:09.649017+00:00,100.00,تمثل كراسة الشروط والمواصفات هذه دعوة للشركات ذات الاختصاص والمعرفة الواسعة لتقديم عروض توفير خدمات ومواد التموين والضيافة والمشروبات ومستلزماتها لمنسوبي الهيئة. ويشمل ذلك توفير وتقديم خدمات التموين والضيافة وموادها وكمياتها وأجهزتها وكافة مستلزماتها، حيث إن تقييم العروض واختيار الأنسب منها سيعتمد على ما تضمنته هذه الكراسة من معايير للتقييم.,5,"التاريخ: 29/02/1448
الموافق: 13/08/2026",13/08/2026,"التاريخ: 07/03/1448
الموافق: 20/08/2026",20/08/2026,,جدة - حي المحمدية - شارع أبي هيثم الأنصاري - مبنى مترو جدة - الدور الرابع,داخل المملكة,
1089461,2026-08-15T22:30:33.884696+00:00,0.00,تأمين وتوريد أجهزة هاتف لزوم مستودع الأجهزة,,"التاريخ: 07/02/1448
الموافق: 22/07/2026",22/07/2026,"التاريخ: 08/02/1448
الموافق: 23/07/2026",23/07/2026,,لا يوجد,داخل المملكة,
1089462,2026-08-15T20:40:37.663412+00:00,500.00,توفير الزي الرسمي لمنسوبي جمع البيانات في الهيئة العامة للإحصاء، بما يشمل تصميم وتصنيع وتوريد وتسليم الأصناف وفق المواصفات الفنية المعتمدة، وبجودة عالية تضمن تحقيق الهوية المؤسسية للهيئة، مع الالتزام بالكميات المحددة ومواعيد التسليم.,5,"التاريخ: 22/02/1448
الموافق: 06/08/2026",06/08/2026,"التاريخ: 26/02/1448
الموافق: 10/08/2026",10/08/2026,,الهيئة العامة للاحصاء,داخل المملكة,
1089467,2026-08-15T20:40:46.961564+00:00,500.00,توفير متطلبات المسوح الإحصائية  من تصميم,5,"التاريخ: 25/02/1448
الموافق: 09/08/2026",09/08/2026,"التاريخ: 29/02/1448
الموافق: 13/08/2026",13/08/2026,,الهيئة العامة للاحصاء,داخل المملكة,
1089473,2026-08-15T21:49:51.714238+00:00,0.00,وريد طفايات حريق لمكتب الإدارة الهندسية والأشغال بجازان,,"التاريخ: 25/02/1448
الموافق: 09/08/2026",09/08/2026,"التاريخ: 03/03/1448
الموافق: 16/08/2026",16/08/2026,,لا يوجد,داخل المملكة,
1089474,2026-08-15T20:21:26.380017+00:00,0.00,تقديم تقرير فني معتمد حسب متطلبات الدفاع المدني من قبل مكتب استشاري معتمد من ضمن قائمة الدفاع المدني للمكاتب الاستشارية لمبنى المستشفى ومبنى الصيانة بمستشفى الامام عبد الرحمن بن فيصل بالدمام التابع للشؤون الصحية بوزارة الحرس الوطني,,"التاريخ: 19/02/1448
الموافق: 03/08/2026",03/08/2026,"التاريخ: 29/02/1448
الموافق: 13/08/2026",13/08/2026,,لا يوجد,داخل المملكة,
1089475,2026-08-15T20:26:56.669043+00:00,0.00,توريد وتركيب أثاث المبنى الطبي بكلية نايف للأمن الوطني,5,"التاريخ: 25/02/1448
الموافق: 09/08/2026",09/08/2026,"التاريخ: 10/03/1448
الموافق: 23/08/2026",23/08/2026,,الرياض,داخل المملكة,
1089494,2026-08-15T19:00:59.848580+00:00,200.00,توريد إسمنت لأعمال الصيانة داخل المحافظة,5,"التاريخ: 06/03/1448
الموافق: 19/08/2026",19/08/2026,"التاريخ: 10/03/1448
الموافق: 23/08/2026",23/08/2026,,منصة أعتماد,داخل المملكة,
1089498,2026-08-15T20:49:41.042409+00:00,0.00,احتفالية اليوم الوطني للمملكة العربية السعودية في مدينة دخنة,,"التاريخ: 15/02/1448
الموافق: 30/07/2026",30/07/2026,"التاريخ: 16/02/1448
الموافق: 31/07/2026",31/07/2026,,لا يوجد,داخل المملكة,
1089503,2026-08-15T20:56:11.431043+00:00,0.00,اعمال سحب وارتفاق الصرف الصحي لبعض مباني الدفاع المدني بمنطقة القصيم,,"التاريخ: 04/02/1448
الموافق: 19/07/2026",19/07/2026,"التاريخ: 05/02/1448
الموافق: 20/07/2026",20/07/2026,,لا يوجد,داخل المملكة,
1089504,2026-08-15T19:47:45.711097+00:00,500.00,تهدف المنافسة إلى توريد وتركيب وتشغيل نظام صافرات إنذار متكامل في منظومة إنتاج رأس الخير بما يضمن توفير وسيلة إنذار فعالة وسريعة لتنبيه العاملين والزوار عند وقوع حالات الطوارئ أو الحوادث التشغيلية أو المخاطر الأمنية، بما يعزز مستوى الجاهزية والاستجابة الفورية داخل المواقع التشغيلية,5,"التاريخ: 23/04/1448
الموافق: 05/10/2026",05/10/2026,"التاريخ: 23/06/1448
الموافق: 03/12/2026",03/12/2026,,•	مكان فتح المظاريف للساحل الشرقي  البريد الإلكتروني الخاص للجنة فتح العروض بالساحل الشرقي – عدنان ( AAlshahab2@swcc.gov.sa  ) محمد ( Mal-huwaidi@swcc.gov.sa ) •	رقم التواصل / سكرتير اللجنة– عدنان الشهاب ( 84797 ) النائب – محمد ( 85631 ) رئيس اللجنة الأستاذ/ عبدالله ( 84999) •	مكان تسليم الضمان ( الأصل ) لجنة فحص العروض بالساحل الشرقي – الجبيل سكرتير اللجنة – يحيى ( 39203) النائب -  حمود ( 39233).,داخل المملكة,
1089509,2026-08-15T19:31:10.676132+00:00,500.00,صيانة ونظافة لمباني الأحوال المدنية بمنطقة الحدود الشمالية,5,"التاريخ: 22/02/1448
الموافق: 06/08/2026",06/08/2026,"التاريخ: 02/01/1449
الموافق: 06/06/2027",06/06/2027,,وكالة الأحوال المدنية,داخل المملكة,
1089517,2026-08-15T19:57:57.015819+00:00,0.00,اصلاح حادث للمركبة يارس موديل /2016 لوحة رقم /( ح م ص 4690),,"التاريخ: 14/02/1448
الموافق: 29/07/2026",29/07/2026,"التاريخ: 15/02/1448
الموافق: 30/07/2026",30/07/2026,,لا يوجد,داخل المملكة,
1089520,2026-08-15T20:29:54.787830+00:00,500.00,توريد وتركيب أثاث لتشغيل مبنى قيادة الحج في العاصمة المقدسة,5,"التاريخ: 01/05/1448
الموافق: 12/10/2026",12/10/2026,"التاريخ: 15/05/1448
الموافق: 26/10/2026",26/10/2026,,المديرية العامة للدفاع المدني طريق الدمام مبنى J الدور الاول,داخل المملكة,
1089521,2026-08-15T23:02:11.626481+00:00,0.00,تأمين قطع غيار لعدد ( 4) من المركبات  التابعة لإدارة الشؤون الفنية المركزية بمنطقة نجران,,"التاريخ: 04/02/1448
الموافق: 19/07/2026",19/07/2026,"التاريخ: 05/02/1448
الموافق: 20/07/2026",20/07/2026,,لا يوجد,داخل المملكة,
1089525,2026-08-15T19:23:38.949174+00:00,500.00,تأمين وتركيب بيوت جاهزة (بركسات ) لمقرات الإشراف الوقائي بالمشاعر المقدسة بمكة المكرمة والمراكز الموسمية بالحج .,5,"التاريخ: 15/05/1448
الموافق: 26/10/2026",26/10/2026,"التاريخ: 30/05/1448
الموافق: 10/11/2026",10/11/2026,,المديرية العامة للدفاع المدني طريق الدمام مبنى J الدور الاول,داخل المملكة,
1089538,2026-08-15T19:47:51.643229+00:00,0.00,توريد قطع غيار ميكانيكية لمنظومة انتاج ينبع60020554,5,"التاريخ: 22/02/1448
الموافق: 06/08/2026",06/08/2026,"التاريخ: 10/03/1448
الموافق: 23/08/2026",23/08/2026,,المؤسسة العامة لتحلية المياه المالحة – الرياض – العليا – طريق الملك فهد الدور الرابع لجنة فتح المظاريف,داخل المملكة,
1089541,2026-08-15T19:47:58.728012+00:00,0.00,توريد قطع غيار ميكانيكية لمنظومة انتاج ينبع 60020555,5,"التاريخ: 22/02/1448
الموافق: 06/08/2026",06/08/2026,"التاريخ: 10/03/1448
الموافق: 23/08/2026",23/08/2026,,المؤسسة العامة لتحلية المياه المالحة – الرياض – العليا – طريق الملك فهد الدور الرابع لجنة فتح المظاريف,داخل المملكة,
1089543,2026-08-15T19:58:03.740559+00:00,0.00,توريد قطع غيار لمضخات منظومة انتاج ينبع 60020560,5,"التاريخ: 25/02/1448
الموافق: 09/08/2026",09/08/2026,"التاريخ: 13/03/1448
الموافق: 26/08/2026",26/08/2026,,المؤسسة العامة لتحلية المياه المالحة – الرياض – العليا – طريق الملك فهد الدور الرابع لجنة فتح المظاريف,داخل المملكة,
1089544,2026-08-15T19:48:05.987881+00:00,0.00,توريد مراوح لمنظومة انتاج ينبع 60020550,5,"التاريخ: 25/02/1448
الموافق: 09/08/2026",09/08/2026,"التاريخ: 13/03/1448
الموافق: 26/08/2026",26/08/2026,,المؤسسة العامة لتحلية المياه المالحة – الرياض – العليا – طريق الملك فهد الدور الرابع لجنة فتح المظاريف,داخل المملكة,
1089546,2026-08-15T19:36:59.670682+00:00,0.00,توريد قطع غيار سلأت لمنظومة انتاج ينبع 60020552,5,"التاريخ: 25/02/1448
الموافق: 09/08/2026",09/08/2026,"التاريخ: 13/03/1448
الموافق: 26/08/2026",26/08/2026,,المؤسسة العامة لتحلية المياه المالحة – الرياض – العليا – طريق الملك فهد الدور الرابع لجنة فتح المظاريف,داخل المملكة,
1089547,2026-08-15T20:10:42.715145+00:00,200.00,توريد مواد ضيافة للمركز الوطني للنخيل والتمور بالأحساء 2026 م – 2027 م,5,"التاريخ: 21/02/1448
الموافق: 05/08/2026",05/08/2026,"التاريخ: 25/02/1448
الموافق: 09/08/2026",09/08/2026,,منصة اعتماد,داخل المملكة,
1089550,2026-08-15T21:49:58.527308+00:00,0.00,توريد Rechargeable battery 12V-2.3Ah PN:633132 type: RC,,"التاريخ: 12/02/1448
الموافق: 27/07/2026",27/07/2026,"التاريخ: 13/02/1448
الموافق: 28/07/2026",28/07/2026,,لا يوجد,داخل المملكة,
1089567,2026-08-15T19:28:06.506598+00:00,300.00,يلزم تنفيذ هذا المشروع للالتزام بمتطلبات الهيئة الوطنية للامن السيبراني,5,"التاريخ: 25/02/1448
الموافق: 09/08/2026",09/08/2026,"التاريخ: 26/02/1448
الموافق: 10/08/2026",10/08/2026,,جامعة حائل البرج الاداري ادارة المشتريات,داخل المملكة,
1089569,2026-08-15T19:28:15.334737+00:00,300.00,للالتزام بمتطلبات الهيئة للأمن السيبراني (العزل المادي و المنطقي لأجزاء الشبكة بشكل آمن ومبدأ الدفاع الأمني متعدد المراحل ),5,"التاريخ: 27/02/1448
الموافق: 11/08/2026",11/08/2026,"التاريخ: 10/03/1448
الموافق: 23/08/2026",23/08/2026,,جامعة حائل البرج الاداري ادارة المشتريات,داخل المملكة,
1089573,2026-08-15T21:58:35.444341+00:00,0.00,حاجة هيئة الإذاعة والتلفزيون لتأمين ضيافة لمكتب الرئيس التنفيذي,,"التاريخ: 07/02/1448
الموافق: 22/07/2026",22/07/2026,"التاريخ: 14/02/1448
الموافق: 29/07/2026",29/07/2026,,لا يوجد,داخل المملكة,
1089575,2026-08-15T20:49:48.294924+00:00,500.00,مشروع توريد وتركيب انذار الحريق مرحلة ثانية بميناء راس الغار العسكري,5,"التاريخ: 19/03/1448
الموافق: 01/09/2026",01/09/2026,"التاريخ: 28/03/1448
الموافق: 10/09/2026",10/09/2026,,ميناء راس الغار العسكري,داخل المملكة,
1089577,2026-08-15T22:20:16.425523+00:00,0.00,صيانة أبواب حديد طوارئ وعادي بمواقع مختلفة بمعهد قوات الدفاع الجوي بجدة,,"التاريخ: 10/02/1448
الموافق: 25/07/2026",25/07/2026,"التاريخ: 11/02/1448
الموافق: 26/07/2026",26/07/2026,,لا يوجد,داخل المملكة,
1089578,2026-08-15T20:10:48.380093+00:00,1000.00,تشغيل و صيانة مكتب فرع الوزارة بمحافظة ضباء لمدة ثلاث سنوات.,5,"التاريخ: 20/03/1448
الموافق: 02/09/2026",02/09/2026,"التاريخ: 22/04/1448
الموافق: 04/10/2026",04/10/2026,,منصة اعتماد,داخل المملكة,
1089580,2026-08-15T22:20:23.967158+00:00,0.00,صيانة ابواب المنيوم نوع عادي وطوارئ بمواقع مختلفة بفرع الادارة الهندسية بالمعهد,,"التاريخ: 10/02/1448
الموافق: 25/07/2026",25/07/2026,"التاريخ: 11/02/1448
الموافق: 26/07/2026",26/07/2026,,لا يوجد,داخل المملكة,
1089583,2026-08-15T19:43:10.285507+00:00,500.00,تشغيل وإدارة نظام إدارة مركز الوثائق والمحفوظات (Document Management System - DMS),5,"التاريخ: 14/03/1448
الموافق: 27/08/2026",27/08/2026,"التاريخ: 24/03/1448
الموافق: 06/09/2026",06/09/2026,,الرياض,داخل المملكة,
1089585,2026-08-15T19:37:06.239135+00:00,100.00,فحص المحولات الكهربائية 33 ألف كيلو فولت بوحدة تحلية مياه البحر بضباء المرحلة الثالثة,5,"التاريخ: 06/03/1448
الموافق: 19/08/2026",19/08/2026,"التاريخ: 13/03/1448
الموافق: 26/08/2026",26/08/2026,,محطات التحلية بمدينة ينبع الصناعية,داخل المملكة,
1089586,2026-08-15T20:49:56.112824+00:00,500.00,توريد وتركيب وتشغيل اجهزة البنية التحتية التقنية بمقر الصندوق الثقافي,5,"التاريخ: 14/03/1448
الموافق: 27/08/2026",27/08/2026,"التاريخ: 21/03/1448
الموافق: 03/09/2026",03/09/2026,,الرياض,داخل المملكة,
1089603,2026-08-15T19:54:27.425268+00:00,0.00,تصوير ومونتاج انشطة وفعاليات كلية الملك فهد البحرية .,,"التاريخ: 08/02/1448
الموافق: 23/07/2026",23/07/2026,"التاريخ: 11/02/1448
الموافق: 26/07/2026",26/07/2026,,لا يوجد,داخل المملكة,
1089615,2026-08-15T19:58:10.487055+00:00,500.00,تأمين الضيافة الخفيفة لصالح هيئة الفروسية,5,"التاريخ: 22/02/1448
الموافق: 06/08/2026",06/08/2026,"التاريخ: 25/02/1448
الموافق: 09/08/2026",09/08/2026,,هيئة الفروسية,داخل المملكة,
1089617,2026-08-15T19:58:15.701883+00:00,150.00,ترغب الوزارة بشراء مساحة مخصصة لبناء الجناح الخاص بها في المعرض المصاحب للمؤتمر,5,"التاريخ: 03/03/1448
الموافق: 16/08/2026",16/08/2026,"التاريخ: 18/03/1448
الموافق: 31/08/2026",31/08/2026,,وزارة الصناعة والثروة المعدنية، طريق الملك فهد مقابل أسواق العويس، مدينة الرياض,داخل المملكة,
1089627,2026-08-15T18:46:04.743614+00:00,500.00,تركيب نظام مراقبة كاشف اللهب في حاويات نظام التحكم بسرعة المحركات الكهربائية لتسخين الغاز بمنظومة إنتاج رأس الخير والربط مع وحدة التحكم المنطقية الخاصة بكل مجموعة,5,"التاريخ: 20/03/1448
الموافق: 02/09/2026",02/09/2026,"التاريخ: 19/04/1448
الموافق: 01/10/2026",01/10/2026,,•	مكان فتح المظاريف للساحل الشرقي  البريد الإلكتروني الخاص للجنة فتح العروض بالساحل الشرقي – عدنان ( AAlshahab2@swcc.gov.sa  ) محمد ( Mal-huwaidi@swcc.gov.sa ) •	رقم التواصل / سكرتير اللجنة– عدنان الشهاب ( 84797 ) النائب – محمد ( 85631 ) رئيس اللجنة الأستاذ/ عبدالله ( 84999) •	مكان تسليم الضمان ( الأصل ) لجنة فحص العروض بالساحل الشرقي – الجبيل سكرتير اللجنة – يحيى ( 39203) النائب -  حمود ( 39233).,داخل المملكة,
1089629,2026-08-15T22:30:40.428864+00:00,0.00,تامين مستلزمات طبيه لمستشفى الملك سلمان للقوات المسلحة بالشمالية الغربية تبوك,,"التاريخ: 18/04/1448
الموافق: 30/09/2026",30/09/2026,"التاريخ: 20/05/1448
الموافق: 31/10/2026",31/10/2026,,لا يوجد,داخل المملكة,
1089630,2026-08-15T22:50:06.925740+00:00,0.00,تأمين زيت محرك  ديزل 20W 50  للورشة المركزية 70 كرتون 5 لتر لكل جالون فرع وزارة النقل والخدمات اللوجستية بمنطقة مكة المكرمة,,"التاريخ: 12/02/1448
الموافق: 27/07/2026",27/07/2026,"التاريخ: 13/02/1448
الموافق: 28/07/2026",28/07/2026,,لا يوجد,داخل المملكة,
1089631,2026-08-15T19:43:17.690205+00:00,0.00,توريد وتركيب مظلات ولوحات ارشادية لموافق سيارات بنك الدم بمدينة الملك عبدالعزيز الطبية بجدة التابعة للشؤون الصحية بوزارة الحرس الوطني,,"التاريخ: 15/02/1448
الموافق: 30/07/2026",30/07/2026,"التاريخ: 16/02/1448
الموافق: 31/07/2026",31/07/2026,,لا يوجد,داخل المملكة,
1089635,2026-08-15T20:10:55.591669+00:00,0.00,"توريد قطع غيار كهربائية (TEMPERATURE,OEM PART) لمنظومة إنتاج الشقيق - 60020654",,"التاريخ: 29/02/1448
الموافق: 13/08/2026",13/08/2026,"التاريخ: 10/03/1448
الموافق: 23/08/2026",23/08/2026,,لا يوجد,داخل المملكة,
1089645,2026-08-15T21:50:06.023347+00:00,0.00,غيار الزيت والسيفون والغسيل لسيارات الفرع بمنطقة الجوف,,"التاريخ: 08/02/1448
الموافق: 23/07/2026",23/07/2026,"التاريخ: 11/02/1448
الموافق: 26/07/2026",26/07/2026,,لا يوجد,داخل المملكة,
1089657,2026-08-15T19:43:23.264479+00:00,0.00,توريد حساس استشعار لمنظومة انتاج رأس الخير 60020788 الساحل الشرقي,5,"التاريخ: 27/03/1448
الموافق: 09/09/2026",09/09/2026,"التاريخ: 26/04/1448
الموافق: 08/10/2026",08/10/2026,,المؤسسسة العامة لتحلية المياه المالحة الرياض  المركز الرئيسي إدارة المشتريات الدور الرابع مكتب 18   الدور الرابع مكتب 18  يمكنكم تقديم صورة منه في منصة اعتماد,داخل المملكة,
1089667,2026-08-15T21:35:16.942012+00:00,0.00,ترغب دارة الملك عبدالعزيز بتوريد المواد التشغيلية والأدوات المطلوبة لمركز الملك سلمان بن عبد العزيز للترميم والمحافظة على المواد التاريخية.,,"التاريخ: 03/03/1448
الموافق: 16/08/2026",16/08/2026,"التاريخ: 04/03/1448
الموافق: 17/08/2026",17/08/2026,,لا يوجد,داخل المملكة,
1089669,2026-08-15T22:50:14.276570+00:00,0.00,تأمين زجاجيات العرض الفاترينات,,"التاريخ: 07/02/1448
الموافق: 22/07/2026",22/07/2026,"التاريخ: 08/02/1448
الموافق: 23/07/2026",23/07/2026,,لا يوجد,داخل المملكة,
1089673,2026-08-15T20:40:53.515153+00:00,0.00,توريد قطع غيار ميكانيكة لمنظومة انتاج الخبر 60020787,5,"التاريخ: 22/02/1448
الموافق: 06/08/2026",06/08/2026,"التاريخ: 10/03/1448
الموافق: 23/08/2026",23/08/2026,,لجنة فحص العروض,داخل المملكة,
1089674,2026-08-15T22:50:20.894147+00:00,0.00,توريد مكيفات لفرع الإدارة الهندسية بالشرقية,,"التاريخ: 11/02/1448
الموافق: 26/07/2026",26/07/2026,"التاريخ: 18/02/1448
الموافق: 02/08/2026",02/08/2026,,لا يوجد,داخل المملكة,
1089681,2026-08-15T22:24:04.062920+00:00,0.00,AR26730025 تأمين وتورد أعمال الصيانة البسيطة لسنة 2026م لمديرية الدفاع المدني بمنطقة الحدود الشمالية,,"التاريخ: 06/02/1448
الموافق: 21/07/2026",21/07/2026,"التاريخ: 07/02/1448
الموافق: 22/07/2026",22/07/2026,,لا يوجد,داخل المملكة,
1089687,2026-08-15T21:04:18.927248+00:00,0.00,فلتر مياه ..............................,,"التاريخ: 13/02/1448
الموافق: 28/07/2026",28/07/2026,"التاريخ: 14/02/1448
الموافق: 29/07/2026",29/07/2026,,لا يوجد,داخل المملكة,
1089692,2026-08-15T22:41:13.529938+00:00,0.00,نزح مياه الصرف الصحي لمباني الدفاع المدني بمنطقة المدينة المنورة,,"التاريخ: 06/02/1448
الموافق: 21/07/2026",21/07/2026,"التاريخ: 07/02/1448
الموافق: 22/07/2026",22/07/2026,,لا يوجد,داخل المملكة,
1089698,2026-08-15T19:19:16.644477+00:00,0.00,توريد بطاريات طائرة بدون طيار (لمركز التموين البحري بالاسطول الشرقي ),,"التاريخ: 07/02/1448
الموافق: 22/07/2026",22/07/2026,"التاريخ: 08/02/1448
الموافق: 23/07/2026",23/07/2026,,لا يوجد,داخل المملكة,
1089706,2026-08-15T19:58:23.210621+00:00,100.00,اصلاح وصيانة عربات تجارية ومعدات مهندسين (  بالخرج  )لسلاح الصيانة بالقوات البرية,5,"التاريخ: 29/02/1448
الموافق: 13/08/2026",13/08/2026,"التاريخ: 11/03/1448
الموافق: 24/08/2026",24/08/2026,,عن طريق منصة اعتماد الكتروني وفي حال تعطل المنصة على الجميع يكون تسليم العرض بقيادة سلاح الصينة,داخل المملكة,
1089713,2026-08-15T19:58:29.930905+00:00,5000.00,"تأتي هذه المنافسة ضمن جهود أمانة المنطقة الشرقية الرامية إلى رفع جودة الحياة وتحسين المشهد الحضري وتعزيز الغطاء النباتي في مدن حاضرة الدمام، من خلال تنفيذ أعمال تأهيل المزروعات وتشجير طريق مجلس التعاون، بما يسهم في زيادة المساحات الخضراء وتحسين البيئة الحضرية ورفع كفاءة الأصول النباتية وشبكات الري، تحقيقاً لمستهدفات رؤية المملكة العربية السعودية 2030، ومبادرة السعودية الخضراء، وبرامج جودة الحياة والاستدامة البيئية.
ويشمل المشروع تنفيذ أعمال زراعية متكاملة تتضمن إعادة تأهيل المواقع المستهدفة، وتحسين بيئة الزراعة، وتأهيل وتطوير شبكات الري، وتوريد وزراعة أشجار الظل، وشجيرات الزينة، ومغطيات التربة، والزهور الموسمية، وفق أعلى المواصفات الفنية والهندسية، وبما يضمن استدامة المزروعات وكفاءة استخدام المياه والمحافظة على الأصول البلدية.
كما يهدف المشروع إلى رفع كفاءة العناصر النباتية على امتداد طريق مجلس التعاون، وإيجاد بيئة حضرية أكثر جاذبية، وتحسين المظهر العام، وتعزيز الهوية البصرية للأحياء، مع مراعاة اختيار الأنواع النباتية الملائمة للظروف المناخية المحلية، والاعتماد على أنظمة ري عالية الكفاءة،",5,"التاريخ: 18/03/1448
الموافق: 31/08/2026",31/08/2026,"التاريخ: 18/05/1448
الموافق: 29/10/2026",29/10/2026,,امانة المنطقة الشرقية,داخل المملكة,
1089722,2026-08-15T18:35:53.606899+00:00,2500.00,تجهيز موقع أمانة منطقة القصيم في معرض سيتي سكيب العالمي لعام 2026,5,"التاريخ: 29/02/1448
الموافق: 13/08/2026",13/08/2026,"التاريخ: 03/03/1448
الموافق: 16/08/2026",16/08/2026,,أمانة القصيم/ الإدارة العامة للمشتريات والمناقصات / فتح المظاريف,داخل المملكة,
1089727,2026-08-15T18:50:09.227070+00:00,0.00,تأمين مكائن سحب أبواب الزجاج بديوان الامارة,,"التاريخ: 26/02/1448
الموافق: 10/08/2026",10/08/2026,"التاريخ: 27/02/1448
الموافق: 11/08/2026",11/08/2026,,لا يوجد,داخل المملكة,
1089730,2026-08-15T19:21:29.765157+00:00,500.00,عملية صيانة ونظافة وتشغيل المواقع الأمنية الموسمية التابعة للأمن العام بمنطقة مكة المكرمة خلال فترة العمرة والحج لعام 1448هـ,5,"التاريخ: 26/02/1448
الموافق: 10/08/2026",10/08/2026,"التاريخ: 27/02/1448
الموافق: 11/08/2026",11/08/2026,,الإدارة العامة للمشتريات والعقود,داخل المملكة,صيانة المباني
1089735,2026-08-15T21:35:24.159865+00:00,0.00,تأمين قطع غيار و إصلاح اليات حادث مروري التابعة لمديرية المنطقة الشرقية والإدارات التابعة لها و الفروع DM 26 62 0098,,"التاريخ: 07/02/1448
الموافق: 22/07/2026",22/07/2026,"التاريخ: 08/02/1448
الموافق: 23/07/2026",23/07/2026,,لا يوجد,داخل المملكة,
1089742,2026-08-15T20:50:02.549835+00:00,0.00,قطع غيار اجهزة طبية,,"التاريخ: 18/02/1448
الموافق: 02/08/2026",02/08/2026,"التاريخ: 19/02/1448
الموافق: 03/08/2026",03/08/2026,,لا يوجد,داخل المملكة,"صيانة المباني, المبـــاني"
1089751,2026-08-15T19:51:52.070640+00:00,200.00,احتياج عمادة القبول والتسجيل لتامين سجلات اكاديمية رسمية للبكالوريوس والماجستير,5,"التاريخ: 29/02/1448
الموافق: 13/08/2026",13/08/2026,"التاريخ: 13/03/1448
الموافق: 26/08/2026",26/08/2026,,الكترونيا,داخل المملكة,
1089755,2026-08-15T20:11:02.180756+00:00,200.00,تأهيل وحدات تكييف لمدارس الصواري,5,"التاريخ: 24/03/1448
الموافق: 06/09/2026",06/09/2026,"التاريخ: 29/04/1448
الموافق: 11/10/2026",11/10/2026,,اعتماد,داخل المملكة,نظام التكييف المركزي
1089760,2026-08-15T20:40:58.875660+00:00,500.00,توريد قطع غيار لسفن جلالة الملك لمركز التموين البحري بالاسطول الشرقي,5,"التاريخ: 17/02/1448
الموافق: 01/08/2026",01/08/2026,"التاريخ: 18/02/1448
الموافق: 02/08/2026",02/08/2026,,مركز التموين البحري بالاسطول الشرقي,داخل المملكة,
1089789,2026-08-15T18:36:00.500182+00:00,500.00,توريد مواد لأعمال التشغيل والصيانة لبلدية محافظة عنيزة,5,"التاريخ: 29/02/1448
الموافق: 13/08/2026",13/08/2026,"التاريخ: 07/03/1448
الموافق: 20/08/2026",20/08/2026,,منصة أعتماد,داخل المملكة,
1089799,2026-08-15T19:48:14.626567+00:00,200.00,مواد شبكة ري الحدائق لأعمال الصيانة بمحافظة الغاط والمراكز التابعة لها,5,"التاريخ: 20/02/1448
الموافق: 04/08/2026",04/08/2026,"التاريخ: 22/02/1448
الموافق: 06/08/2026",06/08/2026,,بلدية محافظة  الغاط,داخل المملكة,
1089816,2026-08-15T20:11:09.146041+00:00,200.00,"تهدف هذه المنافسة إلى اختيار مزود مؤهل لتوريد وتفعيل نظام ManageEngine ServiceDesk Plus بنسخته المؤسسية (Enterprise Edition) متعددة اللغات، وذلك لإنشاء بيئة مستقلة (Instance-2) مخصصة لإدارة خدمات المرافق (Facility Management) ، بالإضافة إلى تجديد خدمات الصيانة والدعم الفني للنظام الحالي الخاص بإدارة خدمات تقنية المعلومات (ITSM).
 ويسعى صندوق التنمية السياحي من خلال هذه المنافسة إلى تحسين كفاءة إدارة الطلبات والخدمات، وفصل العمليات التشغيلية بين خدمات تقنية المعلومات وخدمات المرافق، بما يعزز الحوكمة التشغيلية ويرفع مستوى جودة الخدمة واستمرارية الأعمال والالتزام بمتطلبات هيئة الحكومة الرقمية ذات الصلة بالحوكمة والامتثال وجودة الخدمات الرقمية.
كما تشمل المنافسة تقديم خدمات احترافية متكاملة لتنفيذ وتهيئة النظام الجديد، وضمان جاهزيته التشغيلية، ودعمه خلال مراحل الاختبار والتشغيل الفعلي وفق أفضل الممارسات في إدارة خدمات تقنية المعلومات والخدمات المؤسسية.",5,"التاريخ: 25/02/1448
الموافق: 09/08/2026",09/08/2026,"التاريخ: 28/02/1448
الموافق: 12/08/2026",12/08/2026,,مقر صندوق التنمية السياحي في مركز الملك عبدالله المالي,داخل المملكة,
1089817,2026-08-15T20:41:07.833980+00:00,200.00,تأمين وتوريد مواد لمرافق بلدية الهياثم,5,"التاريخ: 20/02/1448
الموافق: 04/08/2026",04/08/2026,"التاريخ: 27/02/1448
الموافق: 11/08/2026",11/08/2026,,بلدية الهياثم الشئون المالية,داخل المملكة,
1089819,2026-08-15T19:43:28.164266+00:00,500.00,تجديد رخص نظام البنية التحتية المتكامل للخوادم,5,"التاريخ: 20/02/1448
الموافق: 04/08/2026",04/08/2026,"التاريخ: 21/02/1448
الموافق: 05/08/2026",05/08/2026,,الرياض هيئة الاذاعة والتلفزيون مبنى المالية الدور الثاني مكتب بندر الرديني,داخل المملكة,
1089826,2026-08-15T19:48:19.883408+00:00,500.00,"تهدف هذه المنافسة إلى اختيار مزود مؤهل لتوريد وتفعيل رخص Veeam Data Platform Advanced Universal License، بالإضافة إلى تقديم خدمات احترافية متكاملة لدعم وتشغيل وتحسين منصة النسخ الاحتياطي لدى صندوق التنمية السياحي.
ويسعى الصندوق من خلال هذه المنافسة إلى رفع كفاءة أنظمة النسخ الاحتياطي والاستعادة، وتعزيز جاهزية البنية التحتية التقنية لمواجهة الأعطال والكوارث، بما يضمن استمرارية الأعمال وحماية البيانات وفق أفضل الممارسات والمعايير المعتمدة في مجال الأمن السيبراني وإدارة تقنية المعلومات.",5,"التاريخ: 25/02/1448
الموافق: 09/08/2026",09/08/2026,"التاريخ: 28/02/1448
الموافق: 12/08/2026",12/08/2026,,مقر صندوق التنمية السياحي في مركز الملك عبدالله المالي,داخل المملكة,
1089842,2026-08-15T20:41:13.163607+00:00,200.00,تأمين وتنفيذ مواد لصيانة شوارع وأرصفة بلدية الهياثم,5,"التاريخ: 20/02/1448
الموافق: 04/08/2026",04/08/2026,"التاريخ: 27/02/1448
الموافق: 11/08/2026",11/08/2026,,بلدية الهياثم الشئون المالية,داخل المملكة,
1089844,2026-08-15T20:11:17.534558+00:00,500.00,نقل وفك وتحميل وتنزيل الأصول من كافة مباني وفروع ومكاتب مؤسسة البريد السعودي | سبل,5,"التاريخ: 27/02/1448
الموافق: 11/08/2026",11/08/2026,"التاريخ: 06/03/1448
الموافق: 19/08/2026",19/08/2026,,الكتروني في منصة اعتماد,داخل المملكة,
1089846,2026-08-15T19:37:13.122378+00:00,500.00,مشـروع توريد وتجديد تراخيص أنظمة الحماية في سحابة DEEM,5,"التاريخ: 27/03/1448
الموافق: 09/09/2026",09/09/2026,"التاريخ: 04/04/1448
الموافق: 16/09/2026",16/09/2026,,إدارة العقود والمشتريات,داخل المملكة,
1089850,2026-08-15T21:35:32.236949+00:00,0.00,توريد وتركيب مكتب استقبال الشرطة العسكرية في مستشفى الأمير محمد بن عبد العزيز التابع للشؤون الصحية بوزارة الحرس الوطني,,"التاريخ: 03/03/1448
الموافق: 16/08/2026",16/08/2026,"التاريخ: 17/03/1448
الموافق: 30/08/2026",30/08/2026,,لا يوجد,داخل المملكة,
1089854,2026-08-15T20:41:21.259353+00:00,500.00,إعادة تأهيل مقر الهيئة بمدينة الرياض – الهيئة العامة للإحصاء,5,"التاريخ: 25/02/1448
الموافق: 09/08/2026",09/08/2026,"التاريخ: 03/03/1448
الموافق: 16/08/2026",16/08/2026,,مقر الهيئة في مدينة الرياض,داخل المملكة,
1089864,2026-08-15T22:50:28.258365+00:00,0.00,توريد و تركيب أثاث بيت الشعر لمبنى ضيافة المنطقة بقيادة حرس الحدود بمنطقة المدينة المنورة - ينبع,,"التاريخ: 05/02/1448
الموافق: 20/07/2026",20/07/2026,"التاريخ: 06/02/1448
الموافق: 21/07/2026",21/07/2026,,لا يوجد,داخل المملكة,
1089866,2026-08-15T19:19:23.811244+00:00,250.00,تشغيل وصيانة ونظافة فروع الوزارة بمكة المكرمة والمدينة المنورة,5,"التاريخ: 03/03/1448
الموافق: 16/08/2026",16/08/2026,"التاريخ: 10/03/1448
الموافق: 23/08/2026",23/08/2026,,منصة اعتماد,داخل المملكة,
1089879,2026-08-15T20:22:13.314735+00:00,500.00,يواجه قسم بنك الدم تحديات عديدة لإدارة المهام والعمليات اليومية والتي تستهلك جهود كبيرة لتقديم خدمات رعاية المرضى. وبناءً على ذلك، ترغب الشؤون الصحية بوزارة الحرس الوطني باستمرار خدمات الدعم الفني لنظام بنك الدم الحالي لمستشفى صحة المرأة في مدينة الملك عبد العزيز الطبية وذلك لرفع مستوى خدمات بنك الدم المقدمة.,5,"التاريخ: 18/03/1448
الموافق: 31/08/2026",31/08/2026,"التاريخ: 19/04/1448
الموافق: 01/10/2026",01/10/2026,,ادارة المشتريات - المبنى الاداري بوابة رقم 1,داخل المملكة,
1089880,2026-08-15T21:50:12.014870+00:00,0.00,"BIN, CLINICAL WASTE (MED), 50 LTR, BRISTOL MAID - BR 060, HANDSFREE, RUST FREE, SILENT CLOSINGحاوية نفايات طبية السعة: 50 لتر",,"التاريخ: 11/02/1448
الموافق: 26/07/2026",26/07/2026,"التاريخ: 12/02/1448
الموافق: 27/07/2026",27/07/2026,,لا يوجد,داخل المملكة,
1089882,2026-08-15T22:06:43.487565+00:00,0.00,تأمين قطع سيارات آليات الدفاع المدني لزوم غرفة الامداد إدارة الشؤون الفنية المركزية بمنطقة الرياض,,"التاريخ: 06/02/1448
الموافق: 21/07/2026",21/07/2026,"التاريخ: 07/02/1448
الموافق: 22/07/2026",22/07/2026,,لا يوجد,داخل المملكة,
1089883,2026-08-15T22:06:50.459181+00:00,0.00,تأمين قطع سيارات آليات الدفاع المدني لزوم غرفة الامداد إدارة الشؤون الفنية المركزية بمنطقة الرياض,,"التاريخ: 06/02/1448
الموافق: 21/07/2026",21/07/2026,"التاريخ: 07/02/1448
الموافق: 22/07/2026",22/07/2026,,لا يوجد,داخل المملكة,
1089887,2026-08-15T22:06:56.789864+00:00,0.00,قطع غيار وأعمال صيانة للآليات ومعدات تابعة لمديرية الدفاع المدني بمنطقة الرياض الإدارة الشؤون الفنية المركزية,,"التاريخ: 06/02/1448
الموافق: 21/07/2026",21/07/2026,"التاريخ: 07/02/1448
الموافق: 22/07/2026",22/07/2026,,لا يوجد,داخل المملكة,
1089888,2026-08-15T21:58:43.382758+00:00,0.00,فحص وتشخيص أعطال للآليات ومعدات تابعة لمديرية الدفاع المدني بمنطقة الرياض الإدارة الشؤون الفنية المركزية,,"التاريخ: 10/02/1448
الموافق: 25/07/2026",25/07/2026,"التاريخ: 11/02/1448
الموافق: 26/07/2026",26/07/2026,,لا يوجد,داخل المملكة,
1089891,2026-08-15T22:07:03.693518+00:00,0.00,قطع غيار وأعمال صيانة للآليات ومعدات تابعة لمديرية الدفاع المدني بمنطقة الرياض الإدارة الشؤون الفنية المركزية,,"التاريخ: 06/02/1448
الموافق: 21/07/2026",21/07/2026,"التاريخ: 07/02/1448
الموافق: 22/07/2026",22/07/2026,,لا يوجد,داخل المملكة,
1089892,2026-08-15T22:07:08.647927+00:00,0.00,قطع غيار وأعمال صيانة للآليات ومعدات تابعة لمديرية الدفاع المدني بمنطقة الرياض الإدارة الشؤون الفنية المركزية,,"التاريخ: 06/02/1448
الموافق: 21/07/2026",21/07/2026,"التاريخ: 07/02/1448
الموافق: 22/07/2026",22/07/2026,,لا يوجد,داخل المملكة,
1089895,2026-08-15T22:07:17.496830+00:00,0.00,قطع غيار وأعمال صيانة للآليات ومعدات تابعة لمديرية الدفاع المدني بمنطقة الرياض الإدارة الشؤون الفنية المركزية,,"التاريخ: 06/02/1448
الموافق: 21/07/2026",21/07/2026,"التاريخ: 07/02/1448
الموافق: 22/07/2026",22/07/2026,,لا يوجد,داخل المملكة,
1089904,2026-08-15T22:07:23.534226+00:00,0.00,توريد شحوم للقوة البحرية بجازان,,"التاريخ: 15/02/1448
الموافق: 30/07/2026",30/07/2026,"التاريخ: 18/02/1448
الموافق: 02/08/2026",02/08/2026,,لا يوجد,داخل المملكة,
1089909,2026-08-15T22:20:30.715678+00:00,0.00,تأمين سوائل وشحوم لآليات ومركبات الدفاع المدني بمنطقة الباحة رقم BH26110001,,"التاريخ: 08/02/1448
الموافق: 23/07/2026",23/07/2026,"التاريخ: 09/02/1448
الموافق: 24/07/2026",24/07/2026,,لا يوجد,داخل المملكة,
1089911,2026-08-15T21:19:15.724946+00:00,0.00,إصدار شهادة سلامة المبنى لزوم مستشفى الولادة و الاطفال بالخرج,,"التاريخ: 14/02/1448
الموافق: 29/07/2026",29/07/2026,"التاريخ: 15/02/1448
الموافق: 30/07/2026",30/07/2026,,لا يوجد,داخل المملكة,
1089914,2026-08-15T19:58:36.376794+00:00,500.00,انشاء واستكمال المباني والمرافق العامة التابعة لبلدية قيا ( انشاء مستودع),5,"التاريخ: 22/02/1448
الموافق: 06/08/2026",06/08/2026,"التاريخ: 26/02/1448
الموافق: 10/08/2026",10/08/2026,,بلدية قيا,داخل المملكة,
1089917,2026-08-15T22:41:19.619852+00:00,0.00,صيانة وتشغيل شبكة إنارة موقع سرية المطار,,"التاريخ: 12/02/1448
الموافق: 27/07/2026",27/07/2026,"التاريخ: 19/02/1448
الموافق: 03/08/2026",03/08/2026,,لا يوجد,داخل المملكة,
1089918,2026-08-15T22:41:25.103956+00:00,0.00,صيانة بوابات بذراع وأبواب سحاب لمواقع قطاع 2,,"التاريخ: 12/02/1448
الموافق: 27/07/2026",27/07/2026,"التاريخ: 19/02/1448
الموافق: 03/08/2026",03/08/2026,,لا يوجد,داخل المملكة,
1089919,2026-08-15T22:41:31.514388+00:00,0.00,صيانة محطة الوقود بموقع المطار D71,,"التاريخ: 12/02/1448
الموافق: 27/07/2026",27/07/2026,"التاريخ: 19/02/1448
الموافق: 03/08/2026",03/08/2026,,لا يوجد,داخل المملكة,
1089920,2026-08-15T22:22:10.204164+00:00,0.00,صيانة وتشغيل واختبار محطة معالجة مياه بموقع D71,,"التاريخ: 12/02/1448
الموافق: 27/07/2026",27/07/2026,"التاريخ: 19/02/1448
الموافق: 03/08/2026",03/08/2026,,لا يوجد,داخل المملكة,
1089921,2026-08-15T22:41:38.968474+00:00,0.00,صيانة وتشغيل واختبار وحدات تكييف مجمعه بموقع (D71) المطار,,"التاريخ: 12/02/1448
الموافق: 27/07/2026",27/07/2026,"التاريخ: 19/02/1448
الموافق: 03/08/2026",03/08/2026,,لا يوجد,داخل المملكة,
1089934,2026-08-15T18:14:18.544793+00:00,500.00,غرف العزل بنطاق الدوادمي   تجمع الرياض الصحي الثالث,10,"التاريخ: 20/03/1448
الموافق: 02/09/2026",02/09/2026,"التاريخ: 25/03/1448
الموافق: 07/09/2026",07/09/2026,,تجمع الرياض الصحي الثالث,داخل المملكة,
1089935,2026-08-15T18:14:27.623077+00:00,500.00,غرف العزل بنطاق شقراء  تجمع الرياض الصحي الثالث,5,"التاريخ: 17/03/1448
الموافق: 30/08/2026",30/08/2026,"التاريخ: 20/03/1448
الموافق: 02/09/2026",02/09/2026,,تجمع الرياض الصحي الثالث,داخل المملكة,
1089943,2026-08-15T19:58:43.302075+00:00,0.00,ترغب وزارة العدل بطرح منافسة (توريد وتركيب قطع غيار لعدد سيارة واحدة مرسيدس تابعة لوزارة العدل بمنطقة الرياض ) و تقدم وثيقة طلب تقديم العروض (RFP)  وصفاً للمتطلبات و الغايات و الشروط و المواصفات التي يجب الالتزام بها .,,"التاريخ: 27/02/1448
الموافق: 11/08/2026",11/08/2026,"التاريخ: 05/03/1448
الموافق: 18/08/2026",18/08/2026,,لا يوجد,داخل المملكة,
1089951,2026-08-15T21:58:50.577774+00:00,0.00,لضمان استمرارية تقديم الرعاية الصحية للمرضى دون انقطاع يتحتم توفير هذا البنود,,"التاريخ: 19/02/1448
الموافق: 03/08/2026",03/08/2026,"التاريخ: 20/02/1448
الموافق: 04/08/2026",04/08/2026,,لا يوجد,داخل المملكة,
1089952,2026-08-15T22:20:38.130628+00:00,0.00,تأمين قطع غيار لزوم أليات الدفاع المدني بمنطقة المدينة المنورة – شعبة الصيانة المركزية,,"التاريخ: 08/02/1448
الموافق: 23/07/2026",23/07/2026,"التاريخ: 11/02/1448
الموافق: 26/07/2026",26/07/2026,,لا يوجد,داخل المملكة,
1089953,2026-08-15T21:58:56.972480+00:00,0.00,لضمان استمرارية تقديم الرعاية الصحية للمرضى دون انقطاع يتحتم توفير هذا البنود,,"التاريخ: 12/02/1448
الموافق: 27/07/2026",27/07/2026,"التاريخ: 13/02/1448
الموافق: 28/07/2026",28/07/2026,,لا يوجد,داخل المملكة,
1089954,2026-08-15T20:41:28.725938+00:00,0.00,إصلاح معدات تحصين شيول بفرع الإدارة الهندسية والأشغال بالجنوبية .,,"التاريخ: 19/02/1448
الموافق: 03/08/2026",03/08/2026,"التاريخ: 25/02/1448
الموافق: 09/08/2026",09/08/2026,,لا يوجد,داخل المملكة,
1089956,2026-08-15T20:53:01.911776+00:00,0.00,لضمان استمرارية تقديم الرعاية الصحية للمرضى دون انقطاع يتحتم توفير هذا البند,,"التاريخ: 20/02/1448
الموافق: 04/08/2026",04/08/2026,"التاريخ: 21/02/1448
الموافق: 05/08/2026",05/08/2026,,لا يوجد,داخل المملكة,
1089957,2026-08-15T20:30:01.470380+00:00,0.00,بشأن تأمين إطار كفرات لسيارات تابعة لقصر سمو أمير المنطقة,,"التاريخ: 19/02/1448
الموافق: 03/08/2026",03/08/2026,"التاريخ: 20/02/1448
الموافق: 04/08/2026",04/08/2026,,لا يوجد,داخل المملكة,
1089958,2026-08-15T20:53:10.305278+00:00,0.00,لضمان استمرارية تقديم الرعاية الصحية للمرضى دون انقطاع يتحتم توفير هذا البند,,"التاريخ: 19/02/1448
الموافق: 03/08/2026",03/08/2026,"التاريخ: 20/02/1448
الموافق: 04/08/2026",04/08/2026,,لا يوجد,داخل المملكة,
1089960,2026-08-15T20:21:33.873838+00:00,0.00,لضمان استمرارية تقديم الرعاية الصحية للمرضى دون انقطاع يتحتم توفير هذا البنود,,"التاريخ: 21/02/1448
الموافق: 05/08/2026",05/08/2026,"التاريخ: 22/02/1448
الموافق: 06/08/2026",06/08/2026,,لا يوجد,داخل المملكة,
1089962,2026-08-15T21:35:39.310044+00:00,0.00,تأمين كاميرات داخل المركبات لشعبة التحريات والبحث الجنائي بمركز السليمانية,,"التاريخ: 20/02/1448
الموافق: 04/08/2026",04/08/2026,"التاريخ: 05/03/1448
الموافق: 18/08/2026",18/08/2026,,لا يوجد,داخل المملكة,
1089973,2026-08-15T19:16:44.515407+00:00,200.00,"يأتي طلب توفير المواد البحثية لـ ""مركز أبحاث الصحة والحياة"" تلبيةً للمستهدفات التالية:
•	استدامة الأعمال: ضمان استمرارية وفعالية التجارب والمشاريع القائمة دون انقطاع.
•	رفع الكفاءة: تعزيز جودة المخرجات العلمية ورفع كفاءة الأداء البشري والتقني داخل مختبرات المركز.
•	الدعم اللوجستي: توفير البيئة الحاضنة والمواد الأساسية التي تمكّن الباحثين من تحقيق أهداف المركز الاستراتيجية.",5,"التاريخ: 24/04/1448
الموافق: 06/10/2026",06/10/2026,"التاريخ: 29/04/1448
الموافق: 11/10/2026",11/10/2026,,عن طريق منصة اعتماد,داخل المملكة,
1089975,2026-08-15T19:27:53.098053+00:00,200.00,"تهدف هذه الكراسة إلى توضيح الشروط والمواصفات الفنية المطلوبة لتأمين الأجهزة+ البحثية، والتي تسعى الجهة من خلالها إلى تحقيق ما يلي:
•	الاستدامة التشغيلية: ضمان تدفق مستمر للمواد البحثية لمنع توقف التجارب والدراسات القائمة.
•	الجودة والكفاءة: رفع كفاءة الأداء البحثي عبر توفير مواد ومحاليل ذات جودة عالية ومطابقة للمواصفات العلمية والدولية.
•	البيئة المحفزة: دعم الباحثين والمبتكرين بالمركز وتوفير الإمكانات اللازمة لرفع معدل النشر العلمي المتميز.",5,"التاريخ: 01/05/1448
الموافق: 12/10/2026",12/10/2026,"التاريخ: 07/05/1448
الموافق: 18/10/2026",18/10/2026,,عن طريق منصة اعتماد,داخل المملكة,
1089979,2026-08-15T19:48:28.453922+00:00,300.00,تامين وتوريد قطع غيار اجهزة منزلية لحتياج السنوي,5,"التاريخ: 27/02/1448
الموافق: 11/08/2026",11/08/2026,"التاريخ: 29/02/1448
الموافق: 13/08/2026",13/08/2026,,إدارة مدينة الملك فهد العسكرية بالمنطقة الشرقية,داخل المملكة,
1089984,2026-08-15T19:01:05.735214+00:00,500.00,تشغيل وصيانة مراكز الخدمات البلدية بمشعر عرفات,5,"التاريخ: 06/03/1448
الموافق: 19/08/2026",19/08/2026,"التاريخ: 05/04/1448
الموافق: 17/09/2026",17/09/2026,,لجنة فتح العروض,داخل المملكة,صيانة المباني
1089986,2026-08-15T22:20:45.112402+00:00,0.00,تأمين قطع غيار للناقلة فولفو 2009 أ ط و 5120 مع التركيب فرع وزارة النقل والخدمات اللوجستية بمنطقة مكة المكرمة,,"التاريخ: 11/02/1448
الموافق: 26/07/2026",26/07/2026,"التاريخ: 12/02/1448
الموافق: 27/07/2026",27/07/2026,,لا يوجد,داخل المملكة,
1089990,2026-08-15T19:29:14.797369+00:00,1500.00,صيانة ردميات ومسح جوانب الطرق وصيانة التشققات الاسفلتية في شوارع محافظة ضرماء والمراكز التابعة لها,5,"التاريخ: 26/02/1448
الموافق: 10/08/2026",10/08/2026,"التاريخ: 03/03/1448
الموافق: 16/08/2026",16/08/2026,,بلدية محافظة ضرماء,داخل المملكة,
1089996,2026-08-15T22:30:48.270642+00:00,0.00,توريد مواد  لصالح مدينة الملك عبدالعزيز الطبية بجدة,,"التاريخ: 29/09/1448
الموافق: 07/03/2027",07/03/2027,"التاريخ: 03/10/1448
الموافق: 11/03/2027",11/03/2027,,لا يوجد,داخل المملكة,
1090009,2026-08-15T19:48:36.025094+00:00,0.00,تأمين قطع غيار واصلاح اليات الدفاع المدني بمنطقة مكة المكرمة,,"التاريخ: 26/02/1448
الموافق: 10/08/2026",10/08/2026,"التاريخ: 27/02/1448
الموافق: 11/08/2026",11/08/2026,,لا يوجد,داخل المملكة,
1090013,2026-08-15T21:04:26.045007+00:00,0.00,تأمين قطع غيار واصلاح اليات الدفاع المدني بمنطقة مكة المكرمة,,"التاريخ: 18/02/1448
الموافق: 02/08/2026",02/08/2026,"التاريخ: 19/02/1448
الموافق: 03/08/2026",03/08/2026,,لا يوجد,داخل المملكة,
1090016,2026-08-15T21:50:17.610611+00:00,0.00,تامين وتركيب قطع غيار لسيارة كورلا موديل 2016 لوحة 6046,,"التاريخ: 17/03/1448
الموافق: 30/08/2026",30/08/2026,"التاريخ: 18/03/1448
الموافق: 31/08/2026",31/08/2026,,لا يوجد,داخل المملكة,
1090017,2026-08-15T21:50:25.775956+00:00,0.00,تامين وتركيب قطع غيار لسيارة كورلا موديل 2016 لوحة 2889,,"التاريخ: 03/03/1448
الموافق: 16/08/2026",16/08/2026,"التاريخ: 04/03/1448
الموافق: 17/08/2026",17/08/2026,,لا يوجد,داخل المملكة,
1090018,2026-08-15T19:12:18.857360+00:00,0.00,تأمين قطع غيار واصلاح اليات الدفاع المدني بمنطقة مكة المكرمة,,"التاريخ: 04/03/1448
الموافق: 17/08/2026",17/08/2026,"التاريخ: 05/03/1448
الموافق: 18/08/2026",18/08/2026,,لا يوجد,داخل المملكة,
1090020,2026-08-15T21:50:34.483044+00:00,0.00,إصلاح وتأمين وتركيب قطع غيار على سيارة نوع فورد تورس موديل 2011م لوحة رقم (6945),,"التاريخ: 13/03/1448
الموافق: 26/08/2026",26/08/2026,"التاريخ: 14/03/1448
الموافق: 27/08/2026",27/08/2026,,لا يوجد,داخل المملكة,
1090023,2026-08-15T22:20:52.032620+00:00,0.00,توريد وتنفيذ اعمال عزل حراري ومائي لأسقف مباني,,"التاريخ: 06/03/1448
الموافق: 19/08/2026",19/08/2026,"التاريخ: 28/03/1448
الموافق: 10/09/2026",10/09/2026,,لا يوجد,داخل المملكة,"صيانة المباني, المبـــاني"
1090024,2026-08-15T21:11:22.240371+00:00,0.00,اصلاح وتأمين وتركيب قطع غيار على سيارة نوع تويوتا فورتشنر موديل 2017م لوحة رقم (5512) (حادث مروري),,"التاريخ: 13/03/1448
الموافق: 26/08/2026",26/08/2026,"التاريخ: 14/03/1448
الموافق: 27/08/2026",27/08/2026,,لا يوجد,داخل المملكة,
1090026,2026-08-15T21:50:41.124600+00:00,0.00,اصلاح وتأمين وتركيب قطع غيار على سيارة نوع شيفروليه امبالا موديل 2018م لوحة رقم (2216) (حادث مروري),,"التاريخ: 17/03/1448
الموافق: 30/08/2026",30/08/2026,"التاريخ: 18/03/1448
الموافق: 31/08/2026",31/08/2026,,لا يوجد,داخل المملكة,
1090032,2026-08-15T19:01:11.241101+00:00,500.00,التغذية المطهية المقدمة للمتدربين (رجال) بمعهد التدريب بالمنطقة الشرقية ( 48/26/74 ),5,"التاريخ: 10/03/1448
الموافق: 23/08/2026",23/08/2026,"التاريخ: 19/03/1448
الموافق: 01/09/2026",01/09/2026,,المديريه العامه للسجون طريق الدمام  ادارة المنافسات,داخل المملكة,
1090033,2026-08-15T18:23:23.270660+00:00,0.00,تأمين قطع غيار واصلاح اليات الدفاع المدني بمنطقة مكة المكرمة,,"التاريخ: 04/03/1448
الموافق: 17/08/2026",17/08/2026,"التاريخ: 05/03/1448
الموافق: 18/08/2026",18/08/2026,,لا يوجد,داخل المملكة,
1090038,2026-08-15T21:04:33.677740+00:00,0.00,تأمين قطع غيار واصلاح اليات الدفاع المدني بمنطقة مكة المكرمة,,"التاريخ: 15/02/1448
الموافق: 30/07/2026",30/07/2026,"التاريخ: 16/02/1448
الموافق: 31/07/2026",31/07/2026,,لا يوجد,داخل المملكة,
1090044,2026-08-15T18:46:11.572866+00:00,100.00,تجديد الضمان والدعم الفني لأجهزة التخزين والنسخ والاحتياطي واجهزة مركز الاستعادة من الكوارث المذكورة بشكل مفصل في جدول الكميات حيث يتعين على مزود الخدمة القيام بجميع الاعمال المدرجة في العقد لمدة سنة ميلادية,5,"التاريخ: 22/02/1448
الموافق: 06/08/2026",06/08/2026,"التاريخ: 29/02/1448
الموافق: 13/08/2026",13/08/2026,,بالمنصة وعند العطل حسب النظام بالصندوق,داخل المملكة,
1090046,2026-08-15T22:30:57.142706+00:00,0.00,تنفيذ أعمال الكشف والصيانة لمحولات الجهد المتوسط بمباني المديرية العامة لحرس الحدود بالبرشاعة,,"التاريخ: 24/02/1448
الموافق: 08/08/2026",08/08/2026,"التاريخ: 25/02/1448
الموافق: 09/08/2026",09/08/2026,,لا يوجد,داخل المملكة,
1090049,2026-08-15T20:18:17.837496+00:00,0.00,أحد البنود الأساسية في المستشفى، ولحاجة المستشفى لهذا البند تم إرفاقه ضمن منافسات الشراء المباشر .,,"التاريخ: 18/02/1448
الموافق: 02/08/2026",02/08/2026,"التاريخ: 19/02/1448
الموافق: 03/08/2026",03/08/2026,,لا يوجد,داخل المملكة,
1090051,2026-08-15T22:20:58.709005+00:00,0.00,عقد سحب مياه الصرف الصرف الصحي بموقع السرية ثاد بميدان الرماية,,"التاريخ: 15/02/1448
الموافق: 30/07/2026",30/07/2026,"التاريخ: 22/02/1448
الموافق: 06/08/2026",06/08/2026,,لا يوجد,داخل المملكة,
1090053,2026-08-15T20:18:24.588124+00:00,0.00,أحد البنود الأساسية في المستشفى، ولحاجة المستشفى لهذا البند تم إرفاقه ضمن منافسات الشراء المباشر .,,"التاريخ: 18/02/1448
الموافق: 02/08/2026",02/08/2026,"التاريخ: 19/02/1448
الموافق: 03/08/2026",03/08/2026,,لا يوجد,داخل المملكة,
1090054,2026-08-15T19:58:51.814909+00:00,0.00,توريد احتياجات كهربائية مع اعتماد العينة المقدمة لقسم الإدارة الهندسية والأشغال بجدة,,"التاريخ: 28/03/1448
الموافق: 10/09/2026",10/09/2026,"التاريخ: 05/04/1448
الموافق: 17/09/2026",17/09/2026,,لا يوجد,داخل المملكة,
1090058,2026-08-15T21:19:21.626172+00:00,0.00,توريد وتركيب لمبات مخارج الطوارئ بمستشفى قاعدة الملك عبدالعزيز بالظهران,,"التاريخ: 20/02/1448
الموافق: 04/08/2026",04/08/2026,"التاريخ: 21/02/1448
الموافق: 05/08/2026",05/08/2026,,لا يوجد,داخل المملكة,
1090059,2026-08-15T19:48:44.625484+00:00,0.00,تنظيم فعالية صغيرة بمستشفى قاعدة الملك عبدالعزيز بالظهران,,"التاريخ: 21/02/1448
الموافق: 05/08/2026",05/08/2026,"التاريخ: 22/02/1448
الموافق: 06/08/2026",06/08/2026,,لا يوجد,داخل المملكة,
1090060,2026-08-15T18:46:17.513940+00:00,0.00,قطع ىغيار لجهاز طبي كما هو مرفق بمستشفى قاعدة الملك عبدالعزيز بالظهران,,"التاريخ: 19/02/1448
الموافق: 03/08/2026",03/08/2026,"التاريخ: 20/02/1448
الموافق: 04/08/2026",04/08/2026,,لا يوجد,داخل المملكة,
1090062,2026-08-15T19:37:20.773131+00:00,1500.00,صيانة استبدال دينمو وغطاسات للحدائق ومرافق البلدية - بلدية الارطاوية,5,"التاريخ: 25/02/1448
الموافق: 09/08/2026",09/08/2026,"التاريخ: 26/02/1448
الموافق: 10/08/2026",10/08/2026,,الكتروني,داخل المملكة,
1090064,2026-08-15T21:50:46.672894+00:00,0.00,فك ونقل واعادة تركيب بركسات بمنطقة الحدود الشمالية,,"التاريخ: 18/02/1448
الموافق: 02/08/2026",02/08/2026,"التاريخ: 19/02/1448
الموافق: 03/08/2026",03/08/2026,,لا يوجد,داخل المملكة,
1090071,2026-08-15T19:37:29.747595+00:00,3000.00,صيانة وتوريد دهانات لاعمال الصيانة - بلدية الارطاوية,5,"التاريخ: 03/03/1448
الموافق: 16/08/2026",16/08/2026,"التاريخ: 04/03/1448
الموافق: 17/08/2026",17/08/2026,,الكتروني,داخل المملكة,
1090072,2026-08-15T20:41:36.327085+00:00,0.00,تأمين وتوريد وتركيب مظلات لموافق مبنى تقنية المعلومات بجامعة الدفاع الوطني,,"التاريخ: 20/02/1448
الموافق: 04/08/2026",04/08/2026,"التاريخ: 21/02/1448
الموافق: 05/08/2026",05/08/2026,,لا يوجد,داخل المملكة,
1090076,2026-08-15T19:37:36.169984+00:00,3000.00,توريد محروقات للمعدات - بلدية الارطاوية لحاجة العمل,5,"التاريخ: 03/03/1448
الموافق: 16/08/2026",16/08/2026,"التاريخ: 04/03/1448
الموافق: 17/08/2026",17/08/2026,,الكتروني,داخل المملكة,
1090078,2026-08-15T19:37:42.698853+00:00,2500.00,صييانة وتوريد اسفلت بارد - بلدية الارطاوية,5,"التاريخ: 03/03/1448
الموافق: 16/08/2026",16/08/2026,"التاريخ: 04/03/1448
الموافق: 17/08/2026",17/08/2026,,الكتروني,داخل المملكة,
1090080,2026-08-15T19:37:50.628895+00:00,3000.00,صيانة وتويد بلدورات وانترلوك - بلدية الارطاوية,5,"التاريخ: 03/03/1448
الموافق: 16/08/2026",16/08/2026,"التاريخ: 04/03/1448
الموافق: 17/08/2026",17/08/2026,,الكتروني,داخل المملكة,
1090083,2026-08-15T19:37:57.508543+00:00,100.00,توريد بنزين وديزل - بلدية الارطاوية لحاجة العمل,5,"التاريخ: 03/03/1448
الموافق: 16/08/2026",16/08/2026,"التاريخ: 04/03/1448
الموافق: 17/08/2026",17/08/2026,,الكتروني,داخل المملكة,
1090090,2026-08-15T20:11:24.615141+00:00,5000.00,صيانة وتأهيل وتوسعة واعادة تخطيط امتداد طريق الملك فهد (شارع الزارع) بمحافظة دومة الجندل,5,"التاريخ: 26/02/1448
الموافق: 10/08/2026",10/08/2026,"التاريخ: 10/03/1448
الموافق: 23/08/2026",23/08/2026,,بلدية دومة الجندل,داخل المملكة,
1090092,2026-08-15T18:50:15.742186+00:00,500.00,تأمين وتركيب معمل حاسب آلي بكلية التمريض جامعة الباحة,5,"التاريخ: 03/03/1448
الموافق: 16/08/2026",16/08/2026,"التاريخ: 04/03/1448
الموافق: 17/08/2026",17/08/2026,,المشتريات,داخل المملكة,
1090095,2026-08-15T19:38:04.746378+00:00,500.00,تجديد رخص نظام الاتصالات المستخدم في الهيئة العامة للإحصاء وتسجيل مكالماته واستضافة النظام,5,"التاريخ: 28/02/1448
الموافق: 12/08/2026",12/08/2026,"التاريخ: 04/03/1448
الموافق: 17/08/2026",17/08/2026,,مقر الهيئة في مدينة الرياض,داخل المملكة,
1090096,2026-08-15T22:31:01.923734+00:00,0.00,تامين قطع غيار وسائط النقل وصيانتها (سيارات فنية )12-2026,,"التاريخ: 07/02/1448
الموافق: 22/07/2026",22/07/2026,"التاريخ: 08/02/1448
الموافق: 23/07/2026",23/07/2026,,لا يوجد,داخل المملكة,
1090105,2026-08-15T19:48:51.684182+00:00,0.00,تأمين وتركيب وحدات التكييف السقفية لمركز الخدمات الطبية الشرعية والمختبر الاقليمي للخدمات المشتركة بالمنطقة الشرقية,,"التاريخ: 29/02/1448
الموافق: 13/08/2026",13/08/2026,"التاريخ: 14/03/1448
الموافق: 27/08/2026",27/08/2026,,لا يوجد,داخل المملكة,
1090117,2026-08-15T19:31:16.050861+00:00,0.00,"تأمين مستلزمات طباعة بطاقة العمل
تأمين مستلزمات طباعة بطاقة العمل",,"التاريخ: 17/03/1448
الموافق: 30/08/2026",30/08/2026,"التاريخ: 15/04/1448
الموافق: 27/09/2026",27/09/2026,,لا يوجد,داخل المملكة,
1090124,2026-08-15T20:50:10.433853+00:00,0.00,بشأن تعميد ( روله خلفيه ) لتراكتور جنزير كتربلر مديل 2008 لفرقه صامطه التابقه لوزراه النقل بجازان,,"التاريخ: 18/02/1448
الموافق: 02/08/2026",02/08/2026,"التاريخ: 19/02/1448
الموافق: 03/08/2026",03/08/2026,,لا يوجد,داخل المملكة,
1090128,2026-08-15T21:19:28.430049+00:00,0.00,توريد مستلزمات طبية مستشفى الامام عبدالرحمن بن فيصل بالدمام التابع للشؤون الصحية بوزارة الحرس الوطني - DR222248 -  STRIP TAPE TAMPER EVIDENT 100 STRIP/PACK/شريط إثبات التلاعب 100 شريط/العبوة (حتمي),,"التاريخ: 14/02/1448
الموافق: 29/07/2026",29/07/2026,"التاريخ: 15/02/1448
الموافق: 30/07/2026",30/07/2026,,لا يوجد,داخل المملكة,
1090134,2026-08-15T19:31:22.386665+00:00,0.00,تجديد عقد دعم وصيانة ( لنظام )صوتك منصة النظام الوطني لسلامة المرضى,,"التاريخ: 24/03/1448
الموافق: 06/09/2026",06/09/2026,"التاريخ: 08/04/1448
الموافق: 20/09/2026",20/09/2026,,لا يوجد,داخل المملكة,
1090136,2026-08-15T18:14:35.295744+00:00,0.00,تأمين قطع غيار واصلاح معدات وأجهزة تعبئة اسطوانات التنفس لمديرية الدفاع المدني بمنطقة مكة المكرمة,,"التاريخ: 06/03/1448
الموافق: 19/08/2026",19/08/2026,"التاريخ: 07/03/1448
الموافق: 20/08/2026",20/08/2026,,لا يوجد,داخل المملكة,
1090139,2026-08-15T18:23:29.086046+00:00,100.00,تقديم خدمة الضيافة لمنسوبي الهيئة من خلال توفير المواد الاساسية والبلاستيكية ومستلزمات الضيافة وتجهيزات الضيافة من المأكولات الخفيفة والفواكه المشكلة طيلة ايام العمل في جميع فروع الهيئة وتأمين المواد الطازجة يوميا والمواد الاخرى اسبوعيا او حسب الاحتياج,5,"التاريخ: 19/04/1448
الموافق: 01/10/2026",01/10/2026,"التاريخ: 04/05/1448
الموافق: 15/10/2026",15/10/2026,,المقر الرئيسي,داخل المملكة,تخديم و تأمين الإعاشة للأفراد
1090146,2026-08-15T19:58:58.612079+00:00,50.00,"تهدف الكراسة الى تزويد كافة المعلومات والبيانات اللازمة للموردين لتحضير وتقديم عروضهم لمشروع "" اتفاقية اطارية نقل مركبات الوزارة بين المناطق"" وآخذين بالاعتبار جميع متطلبات تنفيذ المشروع. حيث ان المعلومات المذكورة في هذه الكراسة تهدف الى مساعدة المتقدمين في تحضير العروض وان اي اختلاف في المعلومات يتم رصدها لاحقا ولا تعتبر بأي حال سببا لأبطال الكراسة او عدم مصداقيتها",5,"التاريخ: 04/03/1448
الموافق: 17/08/2026",17/08/2026,"التاريخ: 18/03/1448
الموافق: 31/08/2026",31/08/2026,,ديوان الوزارة بالرياض مخرج 9 مبنى رقم 15 الدور الثالث سكرتير لجنة فتح العروض,داخل المملكة,
1090155,2026-08-15T18:14:41.956891+00:00,2000.00,تهدف الهيئة العامة لعقارات الدولة إلى دعوة الشركات والمؤسسات لترميم وتأهيل وتجهيز أربع مباني الموجودة في مجمع الدوائر الحكومية بالربوعة التابعة للهيئة العامة لعقارات الدولة. وفقاً للمعايير المتفق عليها في نطاق العمل وجدول الكميات، مع توفير الطاقم الفني المؤهل من المهندسين والفنيين المتخصصين وكذلك القيام بكافة متطلبات الترميم والتجهيز بطريقة فنية وسليمة متبعة للتعليمات والارشادات الصادرة من الشركة الصانعة وطبقا للكتالوجات ونظام الكود السعودي والدليل الوطني لإدارة المشاريع في الجهات الحكومية والالتزام بتوجيهات الجهة المشرفة. حيث تقدم هذه الوثيقة عرضاً باحتياجات الهيئة، كما تشمل على الشروط المرجعية التي يجب على مقدمي العروض التقيد بها، وتوضح الإرشادات والتعليمات التنظيمية الموجهة للراغبين في التقدم بعروضهم، لذا فإنه من الأهمية قراءة هذه الوثيقة بتمعن، واتباع التعليمات والإرشادات والبيانات الواردة بها.,5,"التاريخ: 18/03/1448
الموافق: 31/08/2026",31/08/2026,"التاريخ: 02/04/1448
الموافق: 14/09/2026",14/09/2026,,مقر الهيئة,داخل المملكة,
1090159,2026-08-15T19:59:06.774568+00:00,0.00,توريد وتركيب قاطع رئيسي لتشغيل المولدات الاحتياطية بقيادة حرس الحدود بمنطقة جازان,,"التاريخ: 05/03/1448
الموافق: 18/08/2026",18/08/2026,"التاريخ: 06/03/1448
الموافق: 19/08/2026",19/08/2026,,لا يوجد,داخل المملكة,
1090160,2026-08-15T19:28:22.641799+00:00,800.00,احتياج معهد قوات الأمن الخاصة عام 1448هـ,5,"التاريخ: 12/03/1448
الموافق: 25/08/2026",25/08/2026,"التاريخ: 26/03/1448
الموافق: 08/09/2026",08/09/2026,,الكتروني,داخل المملكة,
1090161,2026-08-15T20:41:45.219809+00:00,0.00,لحاجة العمل لزوم الإدارة العامة للاتصالات والانظمة الامنية,,"التاريخ: 19/02/1448
الموافق: 03/08/2026",03/08/2026,"التاريخ: 21/02/1448
الموافق: 05/08/2026",05/08/2026,,لا يوجد,داخل المملكة,
1090166,2026-08-15T21:50:54.555103+00:00,0.00,لسد احتياج مدينة الامير سلطان الطبية العسكرية,,"التاريخ: 18/02/1448
الموافق: 02/08/2026",02/08/2026,"التاريخ: 19/02/1448
الموافق: 03/08/2026",03/08/2026,,لا يوجد,داخل المملكة,
1090171,2026-08-15T20:11:31.629084+00:00,1000.00,صيانة وتمديد شبكة تصريف مياه الأمطار لبلدية محافظة القويعية,5,"التاريخ: 21/02/1448
الموافق: 05/08/2026",05/08/2026,"التاريخ: 25/02/1448
الموافق: 09/08/2026",09/08/2026,,بلدية محافظة القويعية,داخل المملكة,
1090173,2026-08-15T21:59:04.590933+00:00,0.00,تأمين اصناف لمعهد الأسلحة والرماية بأكاديمية الأمن الدبلوماسي,,"التاريخ: 14/02/1448
الموافق: 29/07/2026",29/07/2026,"التاريخ: 15/02/1448
الموافق: 30/07/2026",30/07/2026,,لا يوجد,داخل المملكة,
1090181,2026-08-15T20:11:38.835537+00:00,500.00,"ترغب مؤسسة البريد السعودي | سبل قيام المقاول بأعمال الصيانة الدورية والطارئة ومعايرة أجهزة كشف المتفجرات والمخدرات وملحقاتها بالموقع مع توفير جميع قطع الغيار الأساسية والاستهلاكية للأجهزة الحالية لدى مؤسسة البريد السعودي | سبل، وذلك حسب المناطق التالية: 
•	منطقة الرياض مركز المعالجة
•	منطقة الشرقية مركز المعالجة
•	منطقة مكة المكرمة مركز المعالجة
•	منطقة المدينة المنورة مركز المعالجة
صيانة دورية والطارئة لأجهزة كشف المتفجرات والمخدرات المتوفرة لدى مؤسسة البريدي السعودي | سبل",5,"التاريخ: 29/02/1448
الموافق: 13/08/2026",13/08/2026,"التاريخ: 07/03/1448
الموافق: 20/08/2026",20/08/2026,,الكتروني في منصة اعتماد,داخل المملكة,
1090217,2026-08-15T19:08:47.532043+00:00,200.00,تهدف هذه المنافسة إلى تقديم خدمات دعم فنية لنظام تعريف المنتجات (PIS) بالإضافة إلى تنفيذ مجموعة من التحسينات التقنية بما يشمل تطوير وتنفيذ طلبات التغيير والتطويرات الوظيفية التي تسهم في رفع كفاءة الاستخدام وتحسين حوكمة الإجراءات داخل النظام وضمان توافق النظام مع متطلبات هيئة الحكومة الرقمية.,5,"التاريخ: 10/03/1448
الموافق: 23/08/2026",23/08/2026,"التاريخ: 18/03/1448
الموافق: 31/08/2026",31/08/2026,,منصة اعتماد,داخل المملكة,
1090221,2026-08-15T19:19:44.997312+00:00,500.00,يهدف المشروع الى بناء نماذج تشغيلية تساعد في توجيه التمويل ووضع مصفوفات وشرائح العملاء بناء على الكفاءة والاثر،  ويشمل إيجاد آليات توجيه التمويل للفئات الأكثر استحقاقاً والأعلى أثراً وبما يتوافق مع استدامة البرامج وبالإضافة إلى تطوير آلية متابعة ومؤشرات أداء مالية وغير مالية باستخدام أدوات تقنية لتعظيم الأثر وضمان كفاءة القروض والخدمات المقدمة معها,5,"التاريخ: 14/03/1448
الموافق: 27/08/2026",27/08/2026,"التاريخ: 28/03/1448
الموافق: 10/09/2026",10/09/2026,,عبر منصة اعتماد,داخل المملكة,
1090235,2026-08-15T18:32:44.872790+00:00,0.00,توريد قطع غيار سيارات لميناء جدة الإسلامي,,"التاريخ: 03/03/1448
الموافق: 16/08/2026",16/08/2026,"التاريخ: 04/03/1448
الموافق: 17/08/2026",17/08/2026,,لا يوجد,داخل المملكة,
1090240,2026-08-15T22:21:07.530779+00:00,0.00,AR262110026 تأمين احتياج (فلاتر) الزيت بمديرية الدفاع المدني بمنطقة الحدود الشمالية,,"التاريخ: 08/02/1448
الموافق: 23/07/2026",23/07/2026,"التاريخ: 09/02/1448
الموافق: 24/07/2026",24/07/2026,,لا يوجد,داخل المملكة,
1090241,2026-08-15T22:21:13.368050+00:00,0.00,فحص مضخة بئر في المؤسسة العامة للصناعات العسكرية,,"التاريخ: 19/02/1448
الموافق: 03/08/2026",03/08/2026,"التاريخ: 28/02/1448
الموافق: 12/08/2026",12/08/2026,,لا يوجد,داخل المملكة,
1090242,2026-08-15T19:54:33.471806+00:00,2000.00,صيانة وتأهيل الساحات والمرافق بالعارضة ( حتمي ),5,"التاريخ: 28/02/1448
الموافق: 12/08/2026",12/08/2026,"التاريخ: 29/02/1448
الموافق: 13/08/2026",13/08/2026,,بلدية ابوعريش,داخل المملكة,
1090245,2026-08-15T18:32:51.020739+00:00,0.00,تعبئة اسطوانات لغازات طبية لمستشفى القوات المسلحة بوادي الدواسر,,"التاريخ: 12/02/1448
الموافق: 27/07/2026",27/07/2026,"التاريخ: 13/02/1448
الموافق: 28/07/2026",28/07/2026,,لا يوجد,داخل المملكة,
1090246,2026-08-15T20:53:18.187486+00:00,0.00,لضمان استمرارية تقديم الرعاية الصحية للمرضى دون انقطاع يتحتم توفير هذا البنود,,"التاريخ: 19/02/1448
الموافق: 03/08/2026",03/08/2026,"التاريخ: 20/02/1448
الموافق: 04/08/2026",04/08/2026,,لا يوجد,داخل المملكة,
1090247,2026-08-15T20:11:47.523497+00:00,2000.00,تهدف هذه المنافسة إلى تجديد رخص الحماية المتكاملة للبنية التحتية والشبكة الخاصة بهيئة الرقابة النووية والإشعاعية، وذلك لضمان استمرار منظومة الأمن السيبراني الحالية بكفاءة عالية. وتشمل المنافسة تجديد رخص حلول الحماية المقدمة من Forcepoint، بما في ذلك رخص الجدار الناري والشبكة وحماية البيانات الكاملة، إضافة إلى توفير الدعم الفني والصيانة لمدة ثلاث سنوات,5,"التاريخ: 10/03/1448
الموافق: 23/08/2026",23/08/2026,"التاريخ: 24/03/1448
الموافق: 06/09/2026",06/09/2026,,منصة اعتماد,داخل المملكة,
1090248,2026-08-15T20:53:24.867472+00:00,0.00,لضمان استمرارية تقديم الرعاية الصحية للمرضى دون انقطاع يتحتم توفير هذا البند,,"التاريخ: 20/02/1448
الموافق: 04/08/2026",04/08/2026,"التاريخ: 21/02/1448
الموافق: 05/08/2026",05/08/2026,,لا يوجد,داخل المملكة,
1090250,2026-08-15T21:59:10.793886+00:00,0.00,لضمان استمرارية تقديم الرعاية الصحية للمرضى دون انقطاع يتحتم توفير هذا البند,,"التاريخ: 19/02/1448
الموافق: 03/08/2026",03/08/2026,"التاريخ: 20/02/1448
الموافق: 04/08/2026",04/08/2026,,لا يوجد,داخل المملكة,
1090251,2026-08-15T21:22:17.492114+00:00,0.00,رفع كفاءة التشغيل والأداء وتحسين جودة الخدمات المقدمة وفق أفضل الممارسات والمعايير العالمية بما يدعم تحقيق الاستدامة التشغيلية في مستشفى الأمير محمد بن عبد العزيز. وذلك عن طريق تأهيل وتطوير إدارة الصيانة والمرافق للحصول على شهادة الجودة العالمية نظام إدارة المرافق (ISO 41001:2018 facility management,,"التاريخ: 15/04/1448
الموافق: 27/09/2026",27/09/2026,"التاريخ: 16/05/1448
الموافق: 27/10/2026",27/10/2026,,لا يوجد,داخل المملكة,
1090252,2026-08-15T20:53:34.055987+00:00,0.00,لضمان استمرارية تقديم الرعاية الصحية للمرضى دون انقطاع يتحتم توفير هذا البنود,,"التاريخ: 19/02/1448
الموافق: 03/08/2026",03/08/2026,"التاريخ: 20/02/1448
الموافق: 04/08/2026",04/08/2026,,لا يوجد,داخل المملكة,
1090253,2026-08-15T22:21:21.261465+00:00,0.00,صيانة المحولات الكهربائية الزيتية,,"التاريخ: 08/02/1448
الموافق: 23/07/2026",23/07/2026,"التاريخ: 11/02/1448
الموافق: 26/07/2026",26/07/2026,,لا يوجد,داخل المملكة,
1090254,2026-08-15T22:21:27.994324+00:00,0.00,صيانة وحدات مناولة الهواء ومراوح الشفط المركزية,,"التاريخ: 08/02/1448
الموافق: 23/07/2026",23/07/2026,"التاريخ: 11/02/1448
الموافق: 26/07/2026",26/07/2026,,لا يوجد,داخل المملكة,
1090255,2026-08-15T21:59:17.795411+00:00,0.00,لضمان استمرارية تقديم الرعاية الصحية للمرضى دون انقطاع يتحتم توفير هذا البنود,,"التاريخ: 19/02/1448
الموافق: 03/08/2026",03/08/2026,"التاريخ: 20/02/1448
الموافق: 04/08/2026",04/08/2026,,لا يوجد,داخل المملكة,
1090281,2026-08-15T19:48:59.349336+00:00,0.00,بشأن الحاجة لتوريد عدد 1 فرن كهربائي القدرة التشغيلية الكلية 11.5 كيلو واط للسفينة بعيدة المدى السليل رقم(ب5302) فئة 40 متر التابعة لقاعدة حرس الحدود الساحلية الشمالية بالبحر الأحمر,,"التاريخ: 04/04/1448
الموافق: 16/09/2026",16/09/2026,"التاريخ: 08/04/1448
الموافق: 20/09/2026",20/09/2026,,لا يوجد,داخل المملكة,
1090287,2026-08-15T19:49:04.382083+00:00,0.00,الحاجة لتنفيذ أعمال تصنيع حامي للمحركات من أنابيب الألمنيوم وذلك حسب أبعاد العينة على الطبيعة للبدن شامل التركيب للوسائط البحرية قصيرة المدى رقم (ق961/ق973/ق1102/ق977/ق976/ق1163/ق1099) فئة 8.75 متر التابعة لقطاع البدع وضباء والوجه,,"التاريخ: 03/04/1448
الموافق: 15/09/2026",15/09/2026,"التاريخ: 09/04/1448
الموافق: 21/09/2026",21/09/2026,,لا يوجد,داخل المملكة,
1090289,2026-08-15T20:30:09.952830+00:00,0.00,مكافحة الحشرات والقوارض والقطط والكلاب والحمام ورش المبيدات بمجمع الملك فهد لطباعة المصحف الشريف,,"التاريخ: 25/02/1448
الموافق: 09/08/2026",09/08/2026,"التاريخ: 26/02/1448
الموافق: 10/08/2026",10/08/2026,,لا يوجد,داخل المملكة,
1090290,2026-08-15T19:49:10.812262+00:00,0.00,الحاجة لتوريد قطع غيار للواسطة متوسطة المدى رقم (م400) فئة 15 م التابعة لقطاع حقل,,"التاريخ: 04/04/1448
الموافق: 16/09/2026",16/09/2026,"التاريخ: 08/04/1448
الموافق: 20/09/2026",20/09/2026,,لا يوجد,داخل المملكة,
1090293,2026-08-15T19:49:19.062301+00:00,0.00,فحص وصيانة أنظمة الحماية المهبطية,5,"التاريخ: 22/02/1448
الموافق: 06/08/2026",06/08/2026,"التاريخ: 25/02/1448
الموافق: 09/08/2026",09/08/2026,,لجنة فتح المظاريف,داخل المملكة,"صيانة وتشغيل الأعمال الصناعية, محطات تحلية المياه"
1090297,2026-08-15T22:07:32.637082+00:00,0.00,صيانة الطابعات بفرع الوزارة بمنطقة الجوف,,"التاريخ: 11/02/1448
الموافق: 26/07/2026",26/07/2026,"التاريخ: 12/02/1448
الموافق: 27/07/2026",27/07/2026,,لا يوجد,داخل المملكة,
1090301,2026-08-15T22:07:40.532814+00:00,0.00,حافظ للماء والمشروبات الساخنة 15 لتر غير كهربائي من الاستانين الاستيل غير قابل للصدا وذا عازل حراري وغطاء محكم من ستانس ستيل غير قابل للصدا وجودة عالية للمنتج ويحفظ الحرارة من 12 ساعة الى 24 ساعة وضمان للمنتج ويجب توفر عينة للمنتج,,"التاريخ: 11/02/1448
الموافق: 26/07/2026",26/07/2026,"التاريخ: 12/02/1448
الموافق: 27/07/2026",27/07/2026,,لا يوجد,داخل المملكة,
1090304,2026-08-15T19:38:12.140863+00:00,500.00,صيانة مكيفات مباني ومرافق كلية الملك فهد البحرية,5,"التاريخ: 24/03/1448
الموافق: 06/09/2026",06/09/2026,"التاريخ: 29/04/1448
الموافق: 11/10/2026",11/10/2026,,اعتماد,داخل المملكة,صيانة وتشغيل الأعمال الميكانيكيـة
1090308,2026-08-15T20:30:16.415282+00:00,0.00,أعمال توريد مياه شرب لمبنى إدارة الدفاع المدني بالخرمة,,"التاريخ: 20/02/1448
الموافق: 04/08/2026",04/08/2026,"التاريخ: 21/02/1448
الموافق: 05/08/2026",05/08/2026,,لا يوجد,داخل المملكة,
1090309,2026-08-15T18:50:24.133693+00:00,0.00,توريد المواد وقطع الغيار (OEM PART CARTRIDGE FILTER)الهيئة السعودية للمياه منظومة انتاج الوجه - الساحل الغربي.60020790,5,"التاريخ: 10/03/1448
الموافق: 23/08/2026",23/08/2026,"التاريخ: 10/04/1448
الموافق: 22/09/2026",22/09/2026,,الادارة التنفيذية للإمداد بالمركز الرئيسي بالرياض,داخل المملكة,
1090311,2026-08-15T19:59:14.995685+00:00,1000.00,تشغيل وصيانة مبنى فرع الوزارة بمنطقة مكة المكرمة لمدة ثلاث سنوات,5,"التاريخ: 20/03/1448
الموافق: 02/09/2026",02/09/2026,"التاريخ: 22/04/1448
الموافق: 04/10/2026",04/10/2026,,منصة اعتماد,داخل المملكة,
1090312,2026-08-15T20:11:53.484286+00:00,0.00,توريد مروحه بلاستيك (TURBINE FAN 222*38*120 PLASTIC 71076 170 لزوم مصنع البندقية G36),,"التاريخ: 27/02/1448
الموافق: 11/08/2026",11/08/2026,"التاريخ: 03/03/1448
الموافق: 16/08/2026",16/08/2026,,لا يوجد,داخل المملكة,
1090318,2026-08-15T19:01:19.288247+00:00,0.00,لمبة طوليه للمخارط والفرايز لزوم مصنع البندقية G36,,"التاريخ: 29/02/1448
الموافق: 13/08/2026",13/08/2026,"التاريخ: 10/03/1448
الموافق: 23/08/2026",23/08/2026,,لا يوجد,داخل المملكة,
1090321,2026-08-15T20:30:23.226913+00:00,0.00,بوية رش صناديق الذخيرة رقم المسودة 260481,,"التاريخ: 18/02/1448
الموافق: 02/08/2026",02/08/2026,"التاريخ: 19/02/1448
الموافق: 03/08/2026",03/08/2026,,لا يوجد,داخل المملكة,
1090323,2026-08-15T19:38:18.536712+00:00,0.00,تأمين جهاز البصمة لتطبيق ميدان لصالح القوة الخاصة للأمن والحماية بالعلا,,"التاريخ: 26/02/1448
الموافق: 10/08/2026",10/08/2026,"التاريخ: 27/03/1448
الموافق: 09/09/2026",09/09/2026,,لا يوجد,داخل المملكة,
1090329,2026-08-15T19:38:24.113476+00:00,500.00,استئجار سيارات وسائط النقل للمراقبين الميدانيين لبلدية تربة حائل,5,"التاريخ: 05/03/1448
الموافق: 18/08/2026",18/08/2026,"التاريخ: 13/03/1448
الموافق: 26/08/2026",26/08/2026,,بلدبة تربه حائل,داخل المملكة,
1090331,2026-08-15T21:51:00.687528+00:00,0.00,عقد صيانة لشبكة الغازات الطبية بالمستشفى القديم,,"التاريخ: 12/02/1448
الموافق: 27/07/2026",27/07/2026,"التاريخ: 13/02/1448
الموافق: 28/07/2026",28/07/2026,,لا يوجد,داخل المملكة,
1090334,2026-08-15T21:51:07.142317+00:00,0.00,عقد صيانة المزروعات لمدة 4 أشهر,,"التاريخ: 12/02/1448
الموافق: 27/07/2026",27/07/2026,"التاريخ: 13/02/1448
الموافق: 28/07/2026",28/07/2026,,لا يوجد,داخل المملكة,
1090336,2026-08-15T21:51:14.139151+00:00,0.00,عقد صيانة مبردات المستشفى القديم ومبنى العيادات الخارجية,,"التاريخ: 12/02/1448
الموافق: 27/07/2026",27/07/2026,"التاريخ: 13/02/1448
الموافق: 28/07/2026",28/07/2026,,لا يوجد,داخل المملكة,
1090343,2026-08-15T21:51:21.214087+00:00,0.00,طقم ممسحة غبار للتنظيف,,"التاريخ: 11/02/1448
الموافق: 26/07/2026",26/07/2026,"التاريخ: 12/02/1448
الموافق: 27/07/2026",27/07/2026,,لا يوجد,داخل المملكة,
1090351,2026-08-15T21:51:27.246839+00:00,0.00,cabenet,,"التاريخ: 11/02/1448
الموافق: 26/07/2026",26/07/2026,"التاريخ: 12/02/1448
الموافق: 27/07/2026",27/07/2026,,لا يوجد,داخل المملكة,
1090353,2026-08-15T19:12:26.517374+00:00,200.00,انشاء خط نقل حركة المعدات الثقيلة بالمجمعة,5,"التاريخ: 27/02/1448
الموافق: 11/08/2026",11/08/2026,"التاريخ: 28/02/1448
الموافق: 12/08/2026",12/08/2026,,بلدية محافظة المجمعة,داخل المملكة,
1090354,2026-08-15T21:26:23.839191+00:00,0.00,تأمين الزيوت والشحوم لوحدات القوات البرية,,"التاريخ: 28/02/1448
الموافق: 12/08/2026",12/08/2026,"التاريخ: 03/03/1448
الموافق: 16/08/2026",16/08/2026,,لا يوجد,داخل المملكة,
1090361,2026-08-15T18:50:32.871126+00:00,200.00,توريد وتركيب لوحات الطرق والشوارع بالمجمعة,5,"التاريخ: 29/02/1448
الموافق: 13/08/2026",13/08/2026,"التاريخ: 03/03/1448
الموافق: 16/08/2026",16/08/2026,,بلدية محافظة المجمعة,داخل المملكة,الطــــرق
1090362,2026-08-15T18:50:38.975685+00:00,200.00,انشاء ممرات مشاه بالمجمعة,5,"التاريخ: 27/02/1448
الموافق: 11/08/2026",11/08/2026,"التاريخ: 29/02/1448
الموافق: 13/08/2026",13/08/2026,,بلدية محافظة المجمعة,داخل المملكة,
1090365,2026-08-15T19:01:27.295920+00:00,200.00,انارة حي المستقبل بالمجمعة,5,"التاريخ: 03/03/1448
الموافق: 16/08/2026",16/08/2026,"التاريخ: 05/03/1448
الموافق: 18/08/2026",18/08/2026,,بلدية محافظة المجمعة,داخل المملكة,
1090366,2026-08-15T19:01:35.698662+00:00,200.00,انشاء حديقة بحي المستقبل بالمجمعة,5,"التاريخ: 28/02/1448
الموافق: 12/08/2026",12/08/2026,"التاريخ: 03/03/1448
الموافق: 16/08/2026",16/08/2026,,بلدية محافظة المجمعة,داخل المملكة,"الحـــدائق, المنتزهـات العـامة"
1090375,2026-08-15T19:28:28.073837+00:00,200.00,تأمين احتياجات ملابس رياضية لطلاب و طالبات عمادة شؤون الطلاب,5,"التاريخ: 24/03/1448
الموافق: 06/09/2026",06/09/2026,"التاريخ: 09/04/1448
الموافق: 21/09/2026",21/09/2026,,عبر منصة اعتماد,داخل المملكة,
1090378,2026-08-15T19:31:27.705515+00:00,200.00,توريد أدوات زراعية و تأهيل بعض الآبار لزوم أعمال الصيانة لبلدية حريملاء,5,"التاريخ: 03/03/1448
الموافق: 16/08/2026",16/08/2026,"التاريخ: 10/03/1448
الموافق: 23/08/2026",23/08/2026,,بلدية حريملاء,داخل المملكة,
1090379,2026-08-15T20:18:31.202831+00:00,0.00,صيانة وسمكرة مركبة من نوع هايلوكس موديل 2013 لمكافحة المخدرات بمنطقة عسير / قوة المساندة,,"التاريخ: 19/02/1448
الموافق: 03/08/2026",03/08/2026,"التاريخ: 20/02/1448
الموافق: 04/08/2026",04/08/2026,,لا يوجد,داخل المملكة,
1090384,2026-08-15T19:38:31.360056+00:00,0.00,توريد قطع غيار تكييف لمنظومة انتاج الجبيل 60020791 الساحل الشرقي,5,"التاريخ: 08/03/1448
الموافق: 21/08/2026",21/08/2026,"التاريخ: 09/04/1448
الموافق: 21/09/2026",21/09/2026,,المؤسسسة العامة لتحلية المياه المالحة الرياض  المركز الرئيسي إدارة المشتريات الدور الرابع مكتب 18   الدور الرابع مكتب 18  يمكنكم تقديم صورة منه في منصة اعتماد,داخل المملكة,
1090388,2026-08-15T21:59:25.203322+00:00,0.00,لضمان استمرارية تقديم الرعاية الصحية للمرضى دون انقطاع يتحتم توفير هذا البند,,"التاريخ: 19/02/1448
الموافق: 03/08/2026",03/08/2026,"التاريخ: 20/02/1448
الموافق: 04/08/2026",04/08/2026,,لا يوجد,داخل المملكة,
1090391,2026-08-15T21:04:40.491035+00:00,0.00,تامين  وتوريد  قطع  غيار  سيارات  159  قطعة,,"التاريخ: 15/02/1448
الموافق: 30/07/2026",30/07/2026,"التاريخ: 22/02/1448
الموافق: 06/08/2026",06/08/2026,,لا يوجد,داخل المملكة,
1090393,2026-08-15T21:26:31.845826+00:00,0.00,اعمال اصلاح وصيانة مبنى( شعبة المستودعات المركزية ـ  مستودع المديرية بالمحالة ـ قوة الطوارئ ـ ادارة النماص ) بمنطقة عسير,,"التاريخ: 13/02/1448
الموافق: 28/07/2026",28/07/2026,"التاريخ: 14/02/1448
الموافق: 29/07/2026",29/07/2026,,لا يوجد,داخل المملكة,
1090398,2026-08-15T21:35:47.022020+00:00,0.00,احتياج القوات البحرية الملكية السعودية,,"التاريخ: 12/03/1448
الموافق: 25/08/2026",25/08/2026,"التاريخ: 26/03/1448
الموافق: 08/09/2026",08/09/2026,,لا يوجد,داخل المملكة,
1090401,2026-08-15T19:59:24.005477+00:00,200.00,احتياج تقنية المعلومات من أحبار وأجهزة,5,"التاريخ: 26/02/1448
الموافق: 10/08/2026",10/08/2026,"التاريخ: 18/03/1448
الموافق: 31/08/2026",31/08/2026,,ادارة المشتريات بامارة منطقة حائل,داخل المملكة,
1090403,2026-08-15T21:59:30.866546+00:00,0.00,لضمان استمرارية تقديم الرعاية الصحية للمرضى دون انقطاع يتحتم توفير هذا البنود,,"التاريخ: 19/02/1448
الموافق: 03/08/2026",03/08/2026,"التاريخ: 20/02/1448
الموافق: 04/08/2026",04/08/2026,,لا يوجد,داخل المملكة,
1090406,2026-08-15T21:19:34.385667+00:00,0.00,تأمين بطاريات لآليات ومركبات الدفاع المدني بمنطقة الباحة رقم BH26620015,,"التاريخ: 14/02/1448
الموافق: 29/07/2026",29/07/2026,"التاريخ: 15/02/1448
الموافق: 30/07/2026",30/07/2026,,لا يوجد,داخل المملكة,
1090408,2026-08-15T19:49:25.548623+00:00,200.00,صيانة وتأهيل ممشي بحي اليرموك,5,"التاريخ: 12/03/1448
الموافق: 25/08/2026",25/08/2026,"التاريخ: 13/03/1448
الموافق: 26/08/2026",26/08/2026,,بلدية محافظة طريف إدارة المشتريات,داخل المملكة,
1090409,2026-08-15T21:35:54.023784+00:00,0.00,توريد مياه محلاة لفرع الإدارة الهندسية والأشغال بالجنوبية .,,"التاريخ: 18/02/1448
الموافق: 02/08/2026",02/08/2026,"التاريخ: 22/02/1448
الموافق: 06/08/2026",06/08/2026,,لا يوجد,داخل المملكة,
1090413,2026-08-15T21:59:36.138186+00:00,0.00,لضمان استمرارية تقديم الرعاية الصحية للمرضى دون انقطاع يتحتم توفير هذا البند,,"التاريخ: 19/02/1448
الموافق: 03/08/2026",03/08/2026,"التاريخ: 20/02/1448
الموافق: 04/08/2026",04/08/2026,,لا يوجد,داخل المملكة,
1090419,2026-08-15T21:59:41.974391+00:00,0.00,لضمان استمرارية تقديم الرعاية الصحية للمرضى دون انقطاع يتحتم توفير هذا البنود,,"التاريخ: 19/02/1448
الموافق: 03/08/2026",03/08/2026,"التاريخ: 20/02/1448
الموافق: 04/08/2026",04/08/2026,,لا يوجد,داخل المملكة,
1090421,2026-08-15T21:59:49.080354+00:00,0.00,لضمان استمرارية تقديم الرعاية الصحية للمرضى دون انقطاع يتحتم توفير هذا البنود,,"التاريخ: 19/02/1448
الموافق: 03/08/2026",03/08/2026,"التاريخ: 20/02/1448
الموافق: 04/08/2026",04/08/2026,,لا يوجد,داخل المملكة,
1090425,2026-08-15T21:59:55.227849+00:00,0.00,لضمان استمرارية تقديم الرعاية الصحية للمرضى دون انقطاع يتحتم توفير هذا البنود,,"التاريخ: 20/02/1448
الموافق: 04/08/2026",04/08/2026,"التاريخ: 21/02/1448
الموافق: 05/08/2026",05/08/2026,,لا يوجد,داخل المملكة,
1090429,2026-08-15T18:14:50.462120+00:00,1000.00,يرغب صندوق التنمية العقارية توفير نظام الكشف والحماية من الهجمات البرمجيات الخبيثة الخفية لصندوق التنمية العقارية وذلك عن طريق توريد وتركيب واعداد وصيانة (Sandbox) في مركزي البيانات الخاص بالصندوق وذلك لتفعيل النظام داخلياً على انظمة الصندوق لرفع مستوى الحماية الأمنية على مستوى الافراد والتطبيقات لحماية البريد الالكتروني والقيام بالمسح الكامل للملفات للكشف عن تغيرات او سلوك مشبوه.,5,"التاريخ: 28/03/1448
الموافق: 10/09/2026",10/09/2026,"التاريخ: 12/04/1448
الموافق: 24/09/2026",24/09/2026,,الكتروني,داخل المملكة,
1090440,2026-08-15T18:32:58.700166+00:00,0.00,تصنيع مانع تسرب (لمركز التموين البحري بالاسطول الشرقي ),,"التاريخ: 09/02/1448
الموافق: 24/07/2026",24/07/2026,"التاريخ: 10/02/1448
الموافق: 25/07/2026",25/07/2026,,لا يوجد,داخل المملكة,
1090443,2026-08-15T19:59:30.893104+00:00,500.00,فحص واصلاح رافعات شوكية 30 طن لمركز التموين البحري بالاسطول الشرقي,5,"التاريخ: 21/02/1448
الموافق: 05/08/2026",05/08/2026,"التاريخ: 22/02/1448
الموافق: 06/08/2026",06/08/2026,,مركز التموين البحري بالاسطول الشرقي,داخل المملكة,
1090458,2026-08-15T21:36:00.139174+00:00,0.00,SPARE PARTS FOR A/C PACU UNITS AND AHU قطع غيارسيور لوحدات التكييف المركزية,,"التاريخ: 12/02/1448
الموافق: 27/07/2026",27/07/2026,"التاريخ: 13/02/1448
الموافق: 28/07/2026",28/07/2026,,لا يوجد,داخل المملكة,
1090460,2026-08-15T18:46:24.244866+00:00,0.00,"SPARE PARTS OF GASTROSCOPE ,VIDEO,FLEXBLE FIBERSCOPE, MODEL: EG27-I10, MANUF: PENTAX قطع غيار لمناظير الجهاز الهضمي",,"التاريخ: 12/02/1448
الموافق: 27/07/2026",27/07/2026,"التاريخ: 13/02/1448
الموافق: 28/07/2026",28/07/2026,,لا يوجد,داخل المملكة,
1090461,2026-08-15T21:36:06.596406+00:00,0.00,Compressor and Vacuum oil filter service kit طقم خدمة فلتر الزيت الضاغط و الشفط,,"التاريخ: 12/02/1448
الموافق: 27/07/2026",27/07/2026,"التاريخ: 13/02/1448
الموافق: 28/07/2026",28/07/2026,,لا يوجد,داخل المملكة,
1090462,2026-08-15T21:44:18.123383+00:00,0.00,توريد وتركيب وإختبار وتشغيل جهاز إنذار حريق بفرع الإدارة الهندسية بالشرقية,,"التاريخ: 19/02/1448
الموافق: 03/08/2026",03/08/2026,"التاريخ: 26/02/1448
الموافق: 10/08/2026",10/08/2026,,لا يوجد,داخل المملكة,
1090463,2026-08-15T19:01:43.655914+00:00,3000.00,صيانة التشوهات البصرية وفق المشهد الحضري,5,"التاريخ: 29/02/1448
الموافق: 13/08/2026",13/08/2026,"التاريخ: 03/03/1448
الموافق: 16/08/2026",16/08/2026,,البوابة ـ بلدية محافظة محايل عسير,داخل المملكة,صيانة الطرق
1090464,2026-08-15T21:36:14.980329+00:00,0.00,ثلاجة راسية مستقلة ببابين متجاورة لمستشفى الحرس الوطني في الرياض,,"التاريخ: 12/02/1448
الموافق: 27/07/2026",27/07/2026,"التاريخ: 13/02/1448
الموافق: 28/07/2026",28/07/2026,,لا يوجد,داخل المملكة,
1090465,2026-08-15T21:44:25.704579+00:00,0.00,ترميم مطبخ ميز الأفراد بقطاع راس مشعاب بالمجموعة الخامسة بالشرقية,,"التاريخ: 19/02/1448
الموافق: 03/08/2026",03/08/2026,"التاريخ: 26/02/1448
الموافق: 10/08/2026",10/08/2026,,لا يوجد,داخل المملكة,
1090470,2026-08-15T19:01:51.473883+00:00,200.00,توريد كساوى لبلدية محايل عسير,5,"التاريخ: 29/02/1448
الموافق: 13/08/2026",13/08/2026,"التاريخ: 03/03/1448
الموافق: 16/08/2026",16/08/2026,,البوابة ـ بلدية محافظة محايل عسير,داخل المملكة,
1090472,2026-08-15T19:01:59.953635+00:00,1500.00,صيانة وتشغيل سيارات الركوب التابعة للبلدية,5,"التاريخ: 07/03/1448
الموافق: 20/08/2026",20/08/2026,"التاريخ: 29/03/1448
الموافق: 11/09/2026",11/09/2026,,البوابة ـ بلدية محافظة محايل عسير,داخل المملكة,
1090475,2026-08-15T21:36:23.673732+00:00,0.00,توريد وتركيب عدد (6) بنود إطارات سيارات مختلفة المقاسات وعدد (4) بنود بطاريات مختلفة المقاسات لزوم مكتب سمو وزير الحرس الوطني,,"التاريخ: 14/02/1448
الموافق: 29/07/2026",29/07/2026,"التاريخ: 15/02/1448
الموافق: 30/07/2026",30/07/2026,,لا يوجد,داخل المملكة,
1090488,2026-08-15T18:23:34.939349+00:00,0.00,قطع غيار اجهزة طبية,,"التاريخ: 28/02/1448
الموافق: 12/08/2026",12/08/2026,"التاريخ: 29/02/1448
الموافق: 13/08/2026",13/08/2026,,لا يوجد,داخل المملكة,"صيانة المباني, المبـــاني"
1090489,2026-08-15T18:36:06.901813+00:00,500.00,مشروع ترميم وتدعيم وإعادة تأهيل مسجد علي بن ابي طالب بمعهد الدراسات الفنية للقوات البحرية,5,"التاريخ: 11/03/1448
الموافق: 24/08/2026",24/08/2026,"التاريخ: 25/03/1448
الموافق: 07/09/2026",07/09/2026,,الكتروني,داخل المملكة,
1090492,2026-08-15T21:36:30.373959+00:00,0.00,تأمين مواد نجارة بغرض الاصلاح والصيانة بمواقع مختلفة بمعهد قوات الدفاع الجوي بجدة,,"التاريخ: 12/02/1448
الموافق: 27/07/2026",27/07/2026,"التاريخ: 13/02/1448
الموافق: 28/07/2026",28/07/2026,,لا يوجد,داخل المملكة,
1090505,2026-08-15T19:59:38.616057+00:00,500.00,توريد قطع غيار لسفن جلالة الملك لمركز التموين البحري بالاسطول الشرقي,5,"التاريخ: 21/02/1448
الموافق: 05/08/2026",05/08/2026,"التاريخ: 22/02/1448
الموافق: 06/08/2026",06/08/2026,,مركز التموين البحري بالاسطول الشرقي,داخل المملكة,
1090506,2026-08-15T21:04:46.798231+00:00,0.00,تأمين المستلزمات الخاصة بالمذيعات لبرامج ونشرات الأخبار في قناة الإخبارية والسعودية,,"التاريخ: 10/03/1448
الموافق: 23/08/2026",23/08/2026,"التاريخ: 11/03/1448
الموافق: 24/08/2026",24/08/2026,,لا يوجد,داخل المملكة,
1090509,2026-08-15T19:16:29.952829+00:00,500.00,حاجة الوزارة إلى صيانة ونظافة وتشغيل المجموعة السابعة لعدد (24) مسجد وجامع في مدينة حائل,5,"التاريخ: 25/05/1448
الموافق: 05/11/2026",05/11/2026,"التاريخ: 26/06/1448
الموافق: 06/12/2026",06/12/2026,,الرياض طريق الملك فهد,داخل المملكة,
1090520,2026-08-15T22:00:01.877071+00:00,0.00,تجهيز وترميم صالة متابعة بلاغات قضايا غسل الأموال بشرطة منطقة الرياض,,"التاريخ: 11/02/1448
الموافق: 26/07/2026",26/07/2026,"التاريخ: 12/02/1448
الموافق: 27/07/2026",27/07/2026,,لا يوجد,داخل المملكة,
1090523,2026-08-15T19:10:54.830934+00:00,500.00,تأمين سترة فسفورية عاكسة بشعار الأمن العام لون أسود,5,"التاريخ: 07/06/1448
الموافق: 17/11/2026",17/11/2026,"التاريخ: 14/06/1448
الموافق: 24/11/2026",24/11/2026,,الإدارة العامة للمشتريات والعقود بمجمع الأمن العام الجديد بمدينة التدريب,داخل المملكة,
1090529,2026-08-15T21:26:38.848521+00:00,0.00,تأمين وتوريد مياه لإدارة الدفاع المدني بمحافظة الطوال /مركز الموسم لمدة (12) اشهر,,"التاريخ: 13/02/1448
الموافق: 28/07/2026",28/07/2026,"التاريخ: 15/02/1448
الموافق: 30/07/2026",30/07/2026,,لا يوجد,داخل المملكة,"المبـــاني, أعمال المياه والصرف الصحي"
1090531,2026-08-15T19:43:34.175910+00:00,0.00,تجديد رخص برنامج ( Pathway Analysis ) لمدة سنة للمشروع البحثي رقم (RC18/373/R) بمركز الملك عبدالله العالمي للابحاث الطبية - الرياض .,,"التاريخ: 21/03/1448
الموافق: 03/09/2026",03/09/2026,"التاريخ: 20/04/1448
الموافق: 02/10/2026",02/10/2026,,لا يوجد,داخل المملكة,تطوير النظم والتطبيقات وقواعد البيانات
1090532,2026-08-15T19:59:46.746792+00:00,500.00,تجهيز فعالية اليوم الوطني 96  (لمركز التموين البحري بالاسطول الشرقي ),5,"التاريخ: 21/02/1448
الموافق: 05/08/2026",05/08/2026,"التاريخ: 22/02/1448
الموافق: 06/08/2026",06/08/2026,,مركز التموين البحري بالاسطول الشرقي,داخل المملكة,
1090542,2026-08-15T20:27:02.340359+00:00,0.00,إعادة تأهيل دورات مياه الجامع بالمجموعة الخامسة بالشرقية,,"التاريخ: 20/02/1448
الموافق: 04/08/2026",04/08/2026,"التاريخ: 27/02/1448
الموافق: 11/08/2026",11/08/2026,,لا يوجد,داخل المملكة,
1090556,2026-08-15T22:07:47.930858+00:00,0.00,توريد ديزل لمحطة بلدية بمحافظة الدوادمي,,"التاريخ: 11/02/1448
الموافق: 26/07/2026",26/07/2026,"التاريخ: 12/02/1448
الموافق: 27/07/2026",27/07/2026,,لا يوجد,داخل المملكة,
1090564,2026-08-15T19:49:32.788946+00:00,50.00,"تهدف الكراسة الى تزويد كافة المعلومات والبيانات اللازمة للموردين لتحضير وتقديم عروضهم لمشروع "" اتفاقية اطارية الفحص الدوري للمركبات "" وآخذين بالاعتبار جميع متطلبات تنفيذ المشروع. حيث ان المعلومات المذكورة في هذه الكراسة تهدف الى مساعدة المتقدمين في تحضير العروض وان اي اختلاف في المعلومات يتم رصدها لاحقا ولا تعتبر بأي حال سببا لأبطال الكراسة او عدم مصداقيتها.",5,"التاريخ: 05/03/1448
الموافق: 18/08/2026",18/08/2026,"التاريخ: 19/03/1448
الموافق: 01/09/2026",01/09/2026,,ديوان الوزارة بالرياض مخرج 9 مبنى رقم 15 الدور الثالث سكرتير لجنة فتح العروض,داخل المملكة,
1090569,2026-08-15T19:49:40.693348+00:00,300.00,الــطـلـبـات الـخـاصــة  لــلبـــحــــث,5,"التاريخ: 03/03/1448
الموافق: 16/08/2026",16/08/2026,"التاريخ: 04/03/1448
الموافق: 17/08/2026",17/08/2026,,جامعة حائل البرج الاداري ادارة المشتريات,داخل المملكة,
1090572,2026-08-15T22:00:07.013093+00:00,0.00,تأجير كراسي وكنبات لزوم المسرح بمعهد حرس الحدود بالبرشاعة,,"التاريخ: 12/02/1448
الموافق: 27/07/2026",27/07/2026,"التاريخ: 13/02/1448
الموافق: 28/07/2026",28/07/2026,,لا يوجد,داخل المملكة,
1090609,2026-08-15T21:36:36.553411+00:00,0.00,Golf Car Battery لمستشفى الحرس الوطني في الرياض,,"التاريخ: 12/02/1448
الموافق: 27/07/2026",27/07/2026,"التاريخ: 13/02/1448
الموافق: 28/07/2026",28/07/2026,,لا يوجد,داخل المملكة,
1090610,2026-08-15T21:36:44.354092+00:00,0.00,FOR REPLACMENT OF DEFECTIVE PART RO   لاستبدال القطع التناضح العكسي,,"التاريخ: 12/02/1448
الموافق: 27/07/2026",27/07/2026,"التاريخ: 13/02/1448
الموافق: 28/07/2026",28/07/2026,,لا يوجد,داخل المملكة,
1090611,2026-08-15T21:36:51.223333+00:00,0.00,SPARE PARTS FOR A/C UNITS  قطع غيار لوحدات التكييف -,,"التاريخ: 12/02/1448
الموافق: 27/07/2026",27/07/2026,"التاريخ: 13/02/1448
الموافق: 28/07/2026",28/07/2026,,لا يوجد,داخل المملكة,
1090612,2026-08-15T21:36:58.196625+00:00,0.00,Advanced Pressure monitor Phoenix controls (APM201) نظام مراقبة الضغط المتطور من شركة فينيكس كونترولز,,"التاريخ: 12/02/1448
الموافق: 27/07/2026",27/07/2026,"التاريخ: 13/02/1448
الموافق: 28/07/2026",28/07/2026,,لا يوجد,داخل المملكة,
1090614,2026-08-15T18:36:13.695669+00:00,200.00,توريد مواد عزل لإدارة التشغيل والصيانة بجازان,5,"التاريخ: 22/04/1448
الموافق: 04/10/2026",04/10/2026,"التاريخ: 23/04/1448
الموافق: 05/10/2026",05/10/2026,,قسم المشتريات إدارة التشغيل والصيانة,داخل المملكة,
1090625,2026-08-15T21:26:47.208848+00:00,0.00,تأمين احتياج المستشفى للوقاية من مرض ايبولا,,"التاريخ: 12/02/1448
الموافق: 27/07/2026",27/07/2026,"التاريخ: 13/02/1448
الموافق: 28/07/2026",28/07/2026,,لا يوجد,داخل المملكة,
1090626,2026-08-15T21:26:53.311597+00:00,0.00,تأمين احتياج المستشفى للوقاية من مرض ايبولا,,"التاريخ: 12/02/1448
الموافق: 27/07/2026",27/07/2026,"التاريخ: 13/02/1448
الموافق: 28/07/2026",28/07/2026,,لا يوجد,داخل المملكة,
1090632,2026-08-15T20:50:17.088483+00:00,0.00,توريد مواد  لصالح مدينة الملك عبدالعزيز الطبية بجدة,,"التاريخ: 26/11/1448
الموافق: 02/05/2027",02/05/2027,"التاريخ: 30/11/1448
الموافق: 06/05/2027",06/05/2027,,لا يوجد,داخل المملكة,
1090633,2026-08-15T20:30:29.297288+00:00,0.00,توريد مواد  لصالح مدينة الملك عبدالعزيز الطبية بجدة,,"التاريخ: 27/10/1448
الموافق: 04/04/2027",04/04/2027,"التاريخ: 01/11/1448
الموافق: 07/04/2027",07/04/2027,,لا يوجد,داخل المملكة,
1090636,2026-08-15T19:18:08.258657+00:00,500.00,توفير نظام رقمي لحماية العلامة التجارية ومراقبة الويب المظلم مع تقديم خدمات الدعم الفني والصيانة لإدارة تقنية المعلومات في مدينة الملك عبد العزيز الطبية بالرياض التابعة للشؤون الصحية بوزارة الحرس الوطني,5,"التاريخ: 01/04/1448
الموافق: 13/09/2026",13/09/2026,"التاريخ: 07/05/1448
الموافق: 18/10/2026",18/10/2026,,ادارة المشتريات - المبنى الاداري- بوابة رقم 1,داخل المملكة,
1090649,2026-08-15T19:49:48.245935+00:00,0.00,يهدف المشروع بالتعاقد مع  مورد بتجديد واضافة رخص أنظمة التشغيل الواردة في جدول الكميات والمواصفات,,"التاريخ: 12/03/1448
الموافق: 25/08/2026",25/08/2026,"التاريخ: 26/03/1448
الموافق: 08/09/2026",08/09/2026,,لا يوجد,داخل المملكة,
1090653,2026-08-15T20:44:18.462928+00:00,0.00,تأمين زيوت لآليات ومركبات الدفاع المدني بمنطقة الباحة رقم BH26110002,,"التاريخ: 15/02/1448
الموافق: 30/07/2026",30/07/2026,"التاريخ: 16/02/1448
الموافق: 31/07/2026",31/07/2026,,لا يوجد,داخل المملكة,
1090670,2026-08-15T21:27:01.850707+00:00,0.00,تأمين قطع غيار لزوم أليات الدفاع المدني بمنطقة المدينة المنورة – شعبة الصيانة المركزية,,"التاريخ: 13/02/1448
الموافق: 28/07/2026",28/07/2026,"التاريخ: 14/02/1448
الموافق: 29/07/2026",29/07/2026,,لا يوجد,داخل المملكة,
1090679,2026-08-15T22:00:15.131339+00:00,0.00,تأمين قطع غيار مع التركيب لسيارة جيب فورشينر رقم د ط ص 6785 فرع وزارة النقل والخدمات اللوجستية بمنطقة مكة المكرمة,,"التاريخ: 13/02/1448
الموافق: 28/07/2026",28/07/2026,"التاريخ: 14/02/1448
الموافق: 29/07/2026",29/07/2026,,لا يوجد,داخل المملكة,
1090680,2026-08-15T19:49:55.673240+00:00,0.00,الجهود المستمرة في تطوير القيادات وتعزيز القدرات الادارية والقيادية ورفع كفاءة الاداء المؤسسي.,5,"التاريخ: 03/03/1448
الموافق: 16/08/2026",16/08/2026,"التاريخ: 19/03/1448
الموافق: 01/09/2026",01/09/2026,,الكتروني,داخل المملكة,
1090689,2026-08-15T22:07:55.790394+00:00,0.00,مشروع الفحوصات العشوائية للمواد ذات التأثير العقلي على وظائف سلامة الطيران الحساسة,,"التاريخ: 11/02/1448
الموافق: 26/07/2026",26/07/2026,"التاريخ: 12/02/1448
الموافق: 27/07/2026",27/07/2026,,لا يوجد,داخل المملكة,
1090692,2026-08-15T18:58:34.174569+00:00,0.00,خدمة صيانة واصلاح عدد ( 2 ) وايت ماء للعربات البرمائية,,"التاريخ: 20/02/1448
الموافق: 04/08/2026",04/08/2026,"التاريخ: 21/02/1448
الموافق: 05/08/2026",05/08/2026,,لا يوجد,داخل المملكة,
1090698,2026-08-15T19:21:37.401176+00:00,0.00,احتيجات مهمه للمستشفى قطع غيار جهاز torniquet pump zimmer,,"التاريخ: 12/02/1448
الموافق: 27/07/2026",27/07/2026,"التاريخ: 13/02/1448
الموافق: 28/07/2026",28/07/2026,,لا يوجد,داخل المملكة,
1090700,2026-08-15T20:30:35.373309+00:00,0.00,تامين احتياجات للمستشفى مهمه بطاريات لجهاز الشفط للاسعافات,,"التاريخ: 19/02/1448
الموافق: 03/08/2026",03/08/2026,"التاريخ: 27/02/1448
الموافق: 11/08/2026",11/08/2026,,لا يوجد,داخل المملكة,
1090701,2026-08-15T20:41:50.739551+00:00,0.00,توريد مواد حدادة لمكتب الإدارة الهندسية والأشغال بجازان,,"التاريخ: 03/03/1448
الموافق: 16/08/2026",16/08/2026,"التاريخ: 10/03/1448
الموافق: 23/08/2026",23/08/2026,,لا يوجد,داخل المملكة,
1090703,2026-08-15T19:21:44.247508+00:00,0.00,تامين احتياجات مهمه للمستشفى تحديث سوفتوير لجهاز scanner,,"التاريخ: 18/02/1448
الموافق: 02/08/2026",02/08/2026,"التاريخ: 22/02/1448
الموافق: 06/08/2026",06/08/2026,,لا يوجد,داخل المملكة,
1090704,2026-08-15T20:27:10.608914+00:00,0.00,تامين احتياجات مهمه للمستشفى قطع غيار v-actor ii hand piece,,"التاريخ: 12/02/1448
الموافق: 27/07/2026",27/07/2026,"التاريخ: 13/02/1448
الموافق: 28/07/2026",28/07/2026,,لا يوجد,داخل المملكة,
1090706,2026-08-15T21:27:08.657835+00:00,0.00,توريد فلاتر طبية,,"التاريخ: 12/02/1448
الموافق: 27/07/2026",27/07/2026,"التاريخ: 13/02/1448
الموافق: 28/07/2026",28/07/2026,,لا يوجد,داخل المملكة,
1090713,2026-08-15T21:51:35.655650+00:00,0.00,تعديل خطوط التغذية بالمستودع,,"التاريخ: 13/02/1448
الموافق: 28/07/2026",28/07/2026,"التاريخ: 14/02/1448
الموافق: 29/07/2026",29/07/2026,,لا يوجد,داخل المملكة,
1090714,2026-08-15T20:50:25.122878+00:00,0.00,توريد مواد نجارة متنوعة,,"التاريخ: 05/03/1448
الموافق: 18/08/2026",18/08/2026,"التاريخ: 28/03/1448
الموافق: 10/09/2026",10/09/2026,,لا يوجد,داخل المملكة,"صيانة المباني, المبـــاني"
1090715,2026-08-15T19:38:39.004356+00:00,0.00,توريد مياه صالحة للشرب (حسب الطلب / الاحتياج) لمدة سنة ميلادية لجامعة الملك سعود بن عبد العزيز للعلوم الصحية بجدة التابعة لوزارة الحرس الوطني,,"التاريخ: 28/03/1448
الموافق: 10/09/2026",10/09/2026,"التاريخ: 29/04/1448
الموافق: 11/10/2026",11/10/2026,,لا يوجد,داخل المملكة,
1090721,2026-08-15T21:30:09.630976+00:00,0.00,تأمين مستلزمات وأجهزة طبية وقطع غيار لمركز الأمير سلطان لمعالجة أمراض وجراحة القلب,,"التاريخ: 14/02/1448
الموافق: 29/07/2026",29/07/2026,"التاريخ: 15/02/1448
الموافق: 30/07/2026",30/07/2026,,لا يوجد,داخل المملكة,
1090723,2026-08-15T21:51:42.361203+00:00,0.00,تأمين مستلزمات وأجهزة طبية وقطع غيار لمركز الأمير سلطان لمعالجة أمراض وجراحة القلب,,"التاريخ: 14/02/1448
الموافق: 29/07/2026",29/07/2026,"التاريخ: 15/02/1448
الموافق: 30/07/2026",30/07/2026,,لا يوجد,داخل المملكة,
1090726,2026-08-15T21:51:49.788349+00:00,0.00,تأمين مستلزمات وأجهزة طبية وقطع غيار لمركز الأمير سلطان لمعالجة أمراض وجراحة القلب,,"التاريخ: 13/02/1448
الموافق: 28/07/2026",28/07/2026,"التاريخ: 15/02/1448
الموافق: 30/07/2026",30/07/2026,,لا يوجد,داخل المملكة,
1090730,2026-08-15T22:00:22.272514+00:00,0.00,تأمين  قطع غيار للسيارة فور شنر 2009 ح أ ه 3922 وجيب راف فور 2021 د ن ي 4026 مع التركيب فرع وزارة النقل والخدمات اللوجستية بمنطقة مكة المكرمة,,"التاريخ: 18/02/1448
الموافق: 02/08/2026",02/08/2026,"التاريخ: 19/02/1448
الموافق: 03/08/2026",03/08/2026,,لا يوجد,داخل المملكة,
1090733,2026-08-15T20:41:59.107782+00:00,0.00,منافسة MK26110005 توريد وتعبئة خزان زيت محركات ديزل,,"التاريخ: 18/02/1448
الموافق: 02/08/2026",02/08/2026,"التاريخ: 19/02/1448
الموافق: 03/08/2026",03/08/2026,,لا يوجد,داخل المملكة,
1090735,2026-08-15T21:11:26.977561+00:00,0.00,اصلاح وتأمين وتركيب قطع غيار على سيارة نوع كيا اوبتيما موديل 2013م لوحة رقم (7355) (حادث مروري),,"التاريخ: 14/03/1448
الموافق: 27/08/2026",27/08/2026,"التاريخ: 17/03/1448
الموافق: 30/08/2026",30/08/2026,,لا يوجد,داخل المملكة,
1090739,2026-08-15T20:18:38.356618+00:00,0.00,تصنيع وتوريد علب إصدار المصحف المجزأ بمقاس الكفي لمجمع الملك فهد لطباعة المصحف الشريف بالمدينة المنورة.,,"التاريخ: 20/02/1448
الموافق: 04/08/2026",04/08/2026,"التاريخ: 21/02/1448
الموافق: 05/08/2026",05/08/2026,,لا يوجد,داخل المملكة,
1090740,2026-08-15T19:12:31.737741+00:00,200.00,تسعى الهيئة الوطنية للأمن السيبراني إلى تحقيق المواءمة والتكامل بين أهدافها الاستراتيجية وقطاع الأعمال وتقنية المعلومات بشكل فعّال من خلال تطبيق وتفعيل البنية المؤسسية في الهيئة حيث يستهدف المشروع تجديد الدعم الفني ورخص نظام البنية المؤسسية (Enterprise Architecture Tool )، الذي بدوره كمستودع مركزي يمكّن إدارة البنية المؤسسية والإدارات ذات العلاقة من التخطيط وتقييم الأثر وإصدار التقارير الدورية والتصميم الاستراتيجي والنمذجة لبنية الهيئة المؤسسية، ومتابعة التقدم في تنفيذ خطة التحول الرقمي بشكل فعال لتحقيق مستوى نضج أعلى وفقاً لأفضل المعايير والمتطلبات والممارسات العالمية والوطنية مثل تلك التي تصدر عن هيئة الحكومة الرقمية.,5,"التاريخ: 10/05/1448
الموافق: 21/10/2026",21/10/2026,"التاريخ: 16/05/1448
الموافق: 27/10/2026",27/10/2026,,الرياض,داخل المملكة,
1090748,2026-08-15T19:59:53.893598+00:00,0.00,اصلاح مركبة تويوتا كورولا موديل 2011 لوحة رقم ( د ص ق 2962),,"التاريخ: 15/02/1448
الموافق: 30/07/2026",30/07/2026,"التاريخ: 18/02/1448
الموافق: 02/08/2026",02/08/2026,,لا يوجد,داخل المملكة,
1090761,2026-08-15T21:37:03.619941+00:00,0.00,أعمال إصلاح وصيانة لمبنى رجيع المديريه العامه للدفاع المدني بحي الربوه,,"التاريخ: 12/02/1448
الموافق: 27/07/2026",27/07/2026,"التاريخ: 13/02/1448
الموافق: 28/07/2026",28/07/2026,,لا يوجد,داخل المملكة,"صيانة المباني, المبـــاني"
1090763,2026-08-15T22:00:29.525277+00:00,0.00,منافسة تامين وتوريد قهوة ومستلزماتها لزوم مكتب سمو سيدي الامير وسمو النائب,,"التاريخ: 12/02/1448
الموافق: 27/07/2026",27/07/2026,"التاريخ: 13/02/1448
الموافق: 28/07/2026",28/07/2026,,لا يوجد,داخل المملكة,
1090764,2026-08-15T21:37:10.064210+00:00,0.00,أعمال توريد مواد كهرباء وسباكة لزوم صيانة مباني المديرية العامه للدفاع المدني بمنطقة الرياض,,"التاريخ: 12/02/1448
الموافق: 27/07/2026",27/07/2026,"التاريخ: 13/02/1448
الموافق: 28/07/2026",28/07/2026,,لا يوجد,داخل المملكة,"صيانة المباني, المبـــاني"
1090765,2026-08-15T22:00:36.572843+00:00,0.00,منافسة تامين وتوريد مستلزمات ضيافة لزوم مكتب سمو سيدي الامير,,"التاريخ: 13/02/1448
الموافق: 28/07/2026",28/07/2026,"التاريخ: 14/02/1448
الموافق: 29/07/2026",29/07/2026,,لا يوجد,داخل المملكة,
1090767,2026-08-15T18:33:05.437790+00:00,0.00,توريد قطع غيار لسفن جلالة الملك (لمركز التموين البحري بالاسطول الشرقي ),,"التاريخ: 12/02/1448
الموافق: 27/07/2026",27/07/2026,"التاريخ: 13/02/1448
الموافق: 28/07/2026",28/07/2026,,لا يوجد,داخل المملكة,
1090769,2026-08-15T22:00:43.322161+00:00,0.00,توريد وتركيب انجيلة صناعية بمجموعة الدفاع الجوي الثانية,,"التاريخ: 15/02/1448
الموافق: 30/07/2026",30/07/2026,"التاريخ: 22/02/1448
الموافق: 06/08/2026",06/08/2026,,لا يوجد,داخل المملكة,
1090770,2026-08-15T21:19:42.831271+00:00,0.00,تامين احتياجات سكن الطلاب,,"التاريخ: 26/02/1448
الموافق: 10/08/2026",10/08/2026,"التاريخ: 03/03/1448
الموافق: 16/08/2026",16/08/2026,,لا يوجد,داخل المملكة,
1090773,2026-08-15T20:00:01.373747+00:00,0.00,خدمة عمل رفع وانزال زورق الغوص الجريد ( 220 ),,"التاريخ: 21/02/1448
الموافق: 05/08/2026",05/08/2026,"التاريخ: 22/02/1448
الموافق: 06/08/2026",06/08/2026,,لا يوجد,داخل المملكة,
1090774,2026-08-15T21:37:18.050734+00:00,0.00,توريد مستلزمات لسفن جلالة الملك لمركز التموين البحري بالاسطول الشرقي,,"التاريخ: 12/02/1448
الموافق: 27/07/2026",27/07/2026,"التاريخ: 13/02/1448
الموافق: 28/07/2026",28/07/2026,,لا يوجد,داخل المملكة,
1090776,2026-08-15T18:58:41.230550+00:00,0.00,توريد قطع غيار تكييف لمنظومة انتاج الخبر 60020802 الساحل الشرقي,,"التاريخ: 06/03/1448
الموافق: 19/08/2026",19/08/2026,"التاريخ: 05/04/1448
الموافق: 17/09/2026",17/09/2026,,لا يوجد,داخل المملكة,
1090777,2026-08-15T21:27:14.785906+00:00,0.00,تأمين وتجهيز الاستعراض العسكري ..........,,"التاريخ: 20/02/1448
الموافق: 04/08/2026",04/08/2026,"التاريخ: 25/02/1448
الموافق: 09/08/2026",09/08/2026,,لا يوجد,داخل المملكة,
1090781,2026-08-15T19:50:03.485634+00:00,0.00,توريد قطع غيار لمنظومة انتاج الخبر 60020803 الساحل الشرقي,,"التاريخ: 07/03/1448
الموافق: 20/08/2026",20/08/2026,"التاريخ: 05/04/1448
الموافق: 17/09/2026",17/09/2026,,لا يوجد,داخل المملكة,
1090783,2026-08-15T19:50:12.128634+00:00,0.00,توريد قطع غيار لمنظومة انتاج الخبر 60020804 الساحل الشرقي,,"التاريخ: 06/03/1448
الموافق: 19/08/2026",19/08/2026,"التاريخ: 05/04/1448
الموافق: 17/09/2026",17/09/2026,,لا يوجد,داخل المملكة,
1090785,2026-08-15T19:12:38.773987+00:00,0.00,تأمين واصلاح سفاتي للأليات التابعة للدفاع المدني بمنطقة مكة المكرمة,,"التاريخ: 04/03/1448
الموافق: 17/08/2026",17/08/2026,"التاريخ: 05/03/1448
الموافق: 18/08/2026",18/08/2026,,لا يوجد,داخل المملكة,
1090787,2026-08-15T18:14:57.078189+00:00,0.00,توريد قطع غيار لفلاتر لمنظومة انتاج ينبع 60020546,,"التاريخ: 03/03/1448
الموافق: 16/08/2026",16/08/2026,"التاريخ: 18/03/1448
الموافق: 31/08/2026",31/08/2026,,لا يوجد,داخل المملكة,
1090788,2026-08-15T18:23:40.305921+00:00,0.00,تأمين قطع غيار واصلاح اليات الدفاع المدني بمنطقة مكة المكرمة,,"التاريخ: 04/03/1448
الموافق: 17/08/2026",17/08/2026,"التاريخ: 05/03/1448
الموافق: 18/08/2026",18/08/2026,,لا يوجد,داخل المملكة,
1090789,2026-08-15T18:15:06.132595+00:00,0.00,توريد قطع غيار لفلاتر لمنظومة انتاج ينبع 60020544,5,"التاريخ: 03/03/1448
الموافق: 16/08/2026",16/08/2026,"التاريخ: 18/03/1448
الموافق: 31/08/2026",31/08/2026,,المؤسسة العامة لتحلية المياه المالحة – الرياض – العليا – طريق الملك فهد الدور الرابع لجنة فتح المظاريف,داخل المملكة,
1090792,2026-08-15T19:12:44.949498+00:00,0.00,تأمين قطع غيار واصلاح اليات الدفاع المدني بمنطقة مكة المكرمة,,"التاريخ: 28/02/1448
الموافق: 12/08/2026",12/08/2026,"التاريخ: 29/02/1448
الموافق: 13/08/2026",13/08/2026,,لا يوجد,داخل المملكة,
1090793,2026-08-15T21:37:23.483557+00:00,0.00,توريد قطع غيار لسفن جلالة الملك لمركز التموين البحري بالأسطول الشرقي,,"التاريخ: 13/02/1448
الموافق: 28/07/2026",28/07/2026,"التاريخ: 14/02/1448
الموافق: 29/07/2026",29/07/2026,,لا يوجد,داخل المملكة,
1090801,2026-08-15T18:58:46.867863+00:00,0.00,تأمين وتوريد التكييف لمبنى النيابة العامة بمنطقة الحدود الشمالية,,"التاريخ: 12/02/1448
الموافق: 27/07/2026",27/07/2026,"التاريخ: 13/02/1448
الموافق: 28/07/2026",28/07/2026,,لا يوجد,داخل المملكة,
1090802,2026-08-15T18:15:12.600756+00:00,0.00,تأمين بطاريات لزوم صيانة الأليات بمديرية الدفاع المدني بمنطقة مكة المكرمة,,"التاريخ: 06/03/1448
الموافق: 19/08/2026",19/08/2026,"التاريخ: 07/03/1448
الموافق: 20/08/2026",20/08/2026,,لا يوجد,داخل المملكة,
1090803,2026-08-15T20:42:07.881406+00:00,0.00,تأمين قطع غيار و إصلاح اليات التابعة لمديرية المنطقة الشرقية والإدارات التابعة لها و الفروع DM 26 62 0099,,"التاريخ: 13/02/1448
الموافق: 28/07/2026",28/07/2026,"التاريخ: 14/02/1448
الموافق: 29/07/2026",29/07/2026,,لا يوجد,داخل المملكة,
1090805,2026-08-15T20:42:13.896641+00:00,0.00,تأمين قطع غيار و إصلاح اليات التابعة لمديرية المنطقة الشرقية والإدارات التابعة لها و الفروع DM 26 62 0100,,"التاريخ: 13/02/1448
الموافق: 28/07/2026",28/07/2026,"التاريخ: 14/02/1448
الموافق: 29/07/2026",29/07/2026,,لا يوجد,داخل المملكة,
1090806,2026-08-15T18:23:47.018001+00:00,0.00,تأمين قطع غيار واصلاح اليات الدفاع المدني بمنطقة مكة المكرمة,,"التاريخ: 04/03/1448
الموافق: 17/08/2026",17/08/2026,"التاريخ: 05/03/1448
الموافق: 18/08/2026",18/08/2026,,لا يوجد,داخل المملكة,
1090809,2026-08-15T19:12:52.013550+00:00,0.00,تأمين قطع غيار واصلاح اليات الدفاع المدني بمنطقة مكة المكرمة,,"التاريخ: 29/02/1448
الموافق: 13/08/2026",13/08/2026,"التاريخ: 03/03/1448
الموافق: 16/08/2026",16/08/2026,,لا يوجد,داخل المملكة,
1090810,2026-08-15T18:15:19.541385+00:00,0.00,توريد قطع غيار مكانيكية  لمنظومة انتاج ينبع 60020541,5,"التاريخ: 03/03/1448
الموافق: 16/08/2026",16/08/2026,"التاريخ: 18/03/1448
الموافق: 31/08/2026",31/08/2026,,المؤسسة العامة لتحلية المياه المالحة – الرياض – العليا – طريق الملك فهد الدور الرابع لجنة فتح المظاريف,داخل المملكة,
1090811,2026-08-15T18:23:53.670186+00:00,0.00,تأمين قطع غيار واصلاح اليات الدفاع المدني بمنطقة مكة المكرمة,,"التاريخ: 04/03/1448
الموافق: 17/08/2026",17/08/2026,"التاريخ: 05/03/1448
الموافق: 18/08/2026",18/08/2026,,لا يوجد,داخل المملكة,
1090812,2026-08-15T19:31:34.107515+00:00,0.00,تأمين قطع غيار و إصلاح معدات التابعة لمديرية المنطقة الشرقية و الادارات التابعة لها و الفروع DM 26 61 0102,,"التاريخ: 19/02/1448
الموافق: 03/08/2026",03/08/2026,"التاريخ: 20/02/1448
الموافق: 04/08/2026",04/08/2026,,لا يوجد,داخل المملكة,
1090814,2026-08-15T18:23:59.653268+00:00,0.00,تأمين قطع غيار واصلاح اليات الدفاع المدني بمنطقة مكة المكرمة,,"التاريخ: 04/03/1448
الموافق: 17/08/2026",17/08/2026,"التاريخ: 05/03/1448
الموافق: 18/08/2026",18/08/2026,,لا يوجد,داخل المملكة,
1090815,2026-08-15T18:15:24.842025+00:00,0.00,تأمين قطع غيار واصلاح اليات الدفاع المدني بمنطقة مكة المكرمة,,"التاريخ: 06/03/1448
الموافق: 19/08/2026",19/08/2026,"التاريخ: 07/03/1448
الموافق: 20/08/2026",20/08/2026,,لا يوجد,داخل المملكة,
1090816,2026-08-15T19:38:45.942965+00:00,0.00,ترميم وتاهيل المساجد بميناء راس مشعاب العسكري,5,"التاريخ: 25/02/1448
الموافق: 09/08/2026",09/08/2026,"التاريخ: 26/02/1448
الموافق: 10/08/2026",10/08/2026,,ميناء راس مشعاب العسكري -مدير مركز التشغيل والصيانة -قسم المشتريات والعقود,داخل المملكة,
1090817,2026-08-15T18:15:31.156128+00:00,0.00,توريد قطع غيار مكانيكية  لمنظومة انتاج ينبع 60020488,5,"التاريخ: 03/03/1448
الموافق: 16/08/2026",16/08/2026,"التاريخ: 18/03/1448
الموافق: 31/08/2026",31/08/2026,,المؤسسة العامة لتحلية المياه المالحة – الرياض – العليا – طريق الملك فهد الدور الرابع لجنة فتح المظاريف,داخل المملكة,
1090818,2026-08-15T20:00:07.774797+00:00,0.00,تأمين قطع غيار (11) مركبة بفرع وزارة الصحة بالمنطقة الشرقية,,"التاريخ: 29/02/1448
الموافق: 13/08/2026",13/08/2026,"التاريخ: 14/03/1448
الموافق: 27/08/2026",27/08/2026,,لا يوجد,داخل المملكة,
1090819,2026-08-15T18:15:38.622966+00:00,0.00,تأمين قطع غيار واصلاح اليات الدفاع المدني بمنطقة مكة المكرمة,,"التاريخ: 06/03/1448
الموافق: 19/08/2026",19/08/2026,"التاريخ: 07/03/1448
الموافق: 20/08/2026",20/08/2026,,لا يوجد,داخل المملكة,
1090820,2026-08-15T18:58:53.523598+00:00,0.00,تأمين مستلزمات وأجهزة طبية وقطع غيار لمركز الأمير سلطان لمعالجة أمراض وجراحة القلب,,"التاريخ: 14/02/1448
الموافق: 29/07/2026",29/07/2026,"التاريخ: 15/02/1448
الموافق: 30/07/2026",30/07/2026,,لا يوجد,داخل المملكة,
1090822,2026-08-15T18:24:06.593901+00:00,0.00,تأمين قطع غيار واصلاح اليات الدفاع المدني بمنطقة مكة المكرمة,,"التاريخ: 04/03/1448
الموافق: 17/08/2026",17/08/2026,"التاريخ: 06/03/1448
الموافق: 19/08/2026",19/08/2026,,لا يوجد,داخل المملكة,
1090825,2026-08-15T18:15:46.809101+00:00,0.00,تأمين قطع غيار واصلاح اليات الدفاع المدني بمنطقة مكة المكرمة,,"التاريخ: 06/03/1448
الموافق: 19/08/2026",19/08/2026,"التاريخ: 07/03/1448
الموافق: 20/08/2026",20/08/2026,,لا يوجد,داخل المملكة,
1090826,2026-08-15T18:15:52.615314+00:00,0.00,تأمين قطع غيار واصلاح اليات الدفاع المدني بمحافظة الطائف,,"التاريخ: 06/03/1448
الموافق: 19/08/2026",19/08/2026,"التاريخ: 07/03/1448
الموافق: 20/08/2026",20/08/2026,,لا يوجد,داخل المملكة,
1090829,2026-08-15T18:24:15.336644+00:00,0.00,تأمين قطع غيار واصلاح اليات الدفاع المدني بمنطقة مكة المكرمة,,"التاريخ: 05/03/1448
الموافق: 18/08/2026",18/08/2026,"التاريخ: 06/03/1448
الموافق: 19/08/2026",19/08/2026,,لا يوجد,داخل المملكة,
1090847,2026-08-15T20:11:59.605156+00:00,0.00,منافسة تجديد رخص Creative Cloud Software.(All Apps Package)) ولمدة سنتين لجامعة الملك سعود بن عبدالعزيز للعلوم الصحية -الرياض التابعة للشؤون الصحية بوزارة الحرس الوطني .,,"التاريخ: 22/03/1448
الموافق: 04/09/2026",04/09/2026,"التاريخ: 21/04/1448
الموافق: 03/10/2026",03/10/2026,,لا يوجد,داخل المملكة,
1090851,2026-08-15T20:27:15.981104+00:00,0.00,تأمين مكيفات صحراوية لأحد المواقع التابعة لرئاسة أمن الدولة,,"التاريخ: 13/02/1448
الموافق: 28/07/2026",28/07/2026,"التاريخ: 15/02/1448
الموافق: 30/07/2026",30/07/2026,,لا يوجد,داخل المملكة,
1090861,2026-08-15T19:50:19.590522+00:00,0.00,تأمين وتوريد وتركيب آلتين مطابع لرئاسة أمن الدولة.,5,"التاريخ: 10/03/1448
الموافق: 23/08/2026",23/08/2026,"التاريخ: 24/03/1448
الموافق: 06/09/2026",06/09/2026,,الرياض,داخل المملكة,
1090863,2026-08-15T20:42:21.065080+00:00,0.00,لسد احتياج مدينة الامير سلطان الطبية العسكريه,,"التاريخ: 20/02/1448
الموافق: 04/08/2026",04/08/2026,"التاريخ: 21/02/1448
الموافق: 05/08/2026",05/08/2026,,لا يوجد,داخل المملكة,
1090874,2026-08-15T19:50:25.675874+00:00,500.00,تهدف المنافسة الى البحث عن موردين او شركات للتعاقد معهم لتقديم خدمات تسهم في تقليل وحد من إشكالية الحصول على المواقف في مقر البنك.,5,"التاريخ: 12/03/1448
الموافق: 25/08/2026",25/08/2026,"التاريخ: 19/03/1448
الموافق: 01/09/2026",01/09/2026,,عبر منصة اعتماد,داخل المملكة,
1090876,2026-08-15T19:31:40.401480+00:00,0.00,تهدف هذه المنافسة إلى توفير وشراء اشتراكات وخدمات البنية التحتية السحابية (Cloud Subscriptions) والتراخيص المرتبطة بها، بما في ذلك تراخيص Microsoft Copilot Studio، لدعم تشغيل أنظمة الهيئة وتمكين التوسع المستقبلي وفق احتياجات الأعمال. تشمل المنافسة موارد الحوسبة، التخزين، الشبكات، الأمن السحابي، بالإضافة إلى منصات تمكين الذكاء الاصطناعي، دون أن تتضمن تقديم خدمات تشغيلية أو إدارة يومية للأنظمة.,5,"التاريخ: 26/02/1448
الموافق: 10/08/2026",10/08/2026,"التاريخ: 27/02/1448
الموافق: 11/08/2026",11/08/2026,,مقر الهيئة السعودية للسياحة,داخل المملكة,
1090878,2026-08-15T21:27:22.173929+00:00,0.00,تأمين قطع غيار معدات التابعة لمديرية المنطقة الشرقية والإدارات التابعة لها و الفروع DM 26 61 0101,,"التاريخ: 13/02/1448
الموافق: 28/07/2026",28/07/2026,"التاريخ: 14/02/1448
الموافق: 29/07/2026",29/07/2026,,لا يوجد,داخل المملكة,
1090880,2026-08-15T21:19:49.458308+00:00,0.00,تأمين وتركيب مكيفات لمبنى العمليات (قسم الحركة والنقل) والادارة العامة للمراكز الصحية,,"التاريخ: 18/02/1448
الموافق: 02/08/2026",02/08/2026,"التاريخ: 19/02/1448
الموافق: 03/08/2026",03/08/2026,,لا يوجد,داخل المملكة,
1090891,2026-08-15T21:27:29.463981+00:00,0.00,لسد إحتياج مدينة الامير سلطان الطبية العسكريه,,"التاريخ: 20/02/1448
الموافق: 04/08/2026",04/08/2026,"التاريخ: 21/02/1448
الموافق: 05/08/2026",05/08/2026,,لا يوجد,داخل المملكة,
1090892,2026-08-15T19:09:01.157556+00:00,5000.00,صيانة وإعادة تأهيل عدد من شوارع أحياء محافظة القويعية والمراكز التابعة لها,5,"التاريخ: 25/02/1448
الموافق: 09/08/2026",09/08/2026,"التاريخ: 27/02/1448
الموافق: 11/08/2026",11/08/2026,,بلدية محافظة القويعية,داخل المملكة,
1090907,2026-08-15T20:42:28.295727+00:00,0.00,توريد وتركيب قطع غيار لبعض اليات الدفاع المدني بمنطقة حائل,,"التاريخ: 19/02/1448
الموافق: 03/08/2026",03/08/2026,"التاريخ: 20/02/1448
الموافق: 04/08/2026",04/08/2026,,لا يوجد,داخل المملكة,
1090917,2026-08-15T21:27:34.566607+00:00,0.00,استبدال صهاريج مياه لعدد 3 شاحنات لقوات الطوارئ الخاصة بمدينة مكة المكرمة,,"التاريخ: 14/02/1448
الموافق: 29/07/2026",29/07/2026,"التاريخ: 18/02/1448
الموافق: 02/08/2026",02/08/2026,,لا يوجد,داخل المملكة,
1090920,2026-08-15T19:38:52.964746+00:00,0.00,توريد قطع غيار لمنظومة إنتاج الخبر الساحل الشرقي 60020792,,"التاريخ: 10/03/1448
الموافق: 23/08/2026",23/08/2026,"التاريخ: 10/04/1448
الموافق: 22/09/2026",22/09/2026,,لا يوجد,داخل المملكة,
1090927,2026-08-15T19:38:57.759812+00:00,0.00,توريد قطع غيار لمنظومة إنتاج رأس الخير الساحل الشرقي 60020793,,"التاريخ: 10/03/1448
الموافق: 23/08/2026",23/08/2026,"التاريخ: 10/04/1448
الموافق: 22/09/2026",22/09/2026,,لا يوجد,داخل المملكة,
1090932,2026-08-15T19:31:47.822503+00:00,0.00,توريد قطع غيار لمنظومة إنتاج رأس الخير الساحل الشرقي 60020794,,"التاريخ: 10/03/1448
الموافق: 23/08/2026",23/08/2026,"التاريخ: 10/04/1448
الموافق: 22/09/2026",22/09/2026,,لا يوجد,داخل المملكة,
1090933,2026-08-15T21:04:53.938731+00:00,0.00,توريد كراسي في المقر الرئيسي للهيئة العامة للنقل في الرياض,,"التاريخ: 18/02/1448
الموافق: 02/08/2026",02/08/2026,"التاريخ: 19/02/1448
الموافق: 03/08/2026",03/08/2026,,لا يوجد,داخل المملكة,
1090935,2026-08-15T21:27:41.057142+00:00,0.00,توريد قطع غيار لمنظومة إنتاج الخفجي الساحل الشرقي 60020807,,"التاريخ: 10/03/1448
الموافق: 23/08/2026",23/08/2026,"التاريخ: 10/04/1448
الموافق: 22/09/2026",22/09/2026,,لا يوجد,داخل المملكة,
1090941,2026-08-15T18:59:01.755179+00:00,0.00,توريد وتامين زيت مكائن,,"التاريخ: 21/02/1448
الموافق: 05/08/2026",05/08/2026,"التاريخ: 22/02/1448
الموافق: 06/08/2026",06/08/2026,,لا يوجد,داخل المملكة,
1090942,2026-08-15T18:59:09.971841+00:00,0.00,توريد وتامين زيت تشحيم للمكائن,,"التاريخ: 21/02/1448
الموافق: 05/08/2026",05/08/2026,"التاريخ: 22/02/1448
الموافق: 06/08/2026",06/08/2026,,لا يوجد,داخل المملكة,
1090944,2026-08-15T19:31:54.361476+00:00,0.00,توريد زيوت صناعية لمنظومة إنتاج الخفجي الساحل الشرقي 60020808,,"التاريخ: 10/03/1448
الموافق: 23/08/2026",23/08/2026,"التاريخ: 10/04/1448
الموافق: 22/09/2026",22/09/2026,,لا يوجد,داخل المملكة,
1090948,2026-08-15T21:08:25.454068+00:00,0.00,تجديد خيمة بأكاديمية وزارة الداخلية لأمن الحدود,,"التاريخ: 27/02/1448
الموافق: 11/08/2026",11/08/2026,"التاريخ: 28/02/1448
الموافق: 12/08/2026",12/08/2026,,لا يوجد,داخل المملكة,
1090950,2026-08-15T21:41:08.819818+00:00,0.00,فك ونقل وتركيب وتغليف الأثاث من (مبنى فرع وزارة النقل والخدمات اللوجستية بمحافظة الأحساء) إلى (فرع وزارة النقل والخدمات اللوجستية بمدينة الدمام),,"التاريخ: 11/02/1448
الموافق: 26/07/2026",26/07/2026,"التاريخ: 12/02/1448
الموافق: 27/07/2026",27/07/2026,,لا يوجد,داخل المملكة,
1090954,2026-08-15T20:04:29.524734+00:00,0.00,عملية تأمين وتوريد وتركيب وإصلاح قطع غيار السيارات لمديرية مكافحة المخدرات بمنطقة جازان والفروع التابعة لها جدول رقم ح 6,,"التاريخ: 21/02/1448
الموافق: 05/08/2026",05/08/2026,"التاريخ: 22/02/1448
الموافق: 06/08/2026",06/08/2026,,لا يوجد,داخل المملكة,
1090959,2026-08-15T18:33:14.715937+00:00,0.00,توريد المواد وقطع الغيار مضخات الهيئة السعودية للمياه منظومة انتاج القنفذة - الساحل الغربي.60020806,5,"التاريخ: 18/03/1448
الموافق: 31/08/2026",31/08/2026,"التاريخ: 18/04/1448
الموافق: 30/09/2026",30/09/2026,,الادارة التنفيذية للإمداد بالمركز الرئيسي بالرياض,داخل المملكة,
1090967,2026-08-15T21:27:47.741576+00:00,0.00,NRU gym equipment معدات تدريبية ( Req: Munerah & Sultanh ),,"التاريخ: 13/02/1448
الموافق: 28/07/2026",28/07/2026,"التاريخ: 14/02/1448
الموافق: 29/07/2026",29/07/2026,,لا يوجد,داخل المملكة,
1090976,2026-08-15T21:05:01.670689+00:00,0.00,"توريد مياه صالحة للشرب ونزح المياه الصرف الصحي للمراكز الصحية التابعة لمجمع الملك عبدالله الطبي -مركز صحي(الشراع,ابحر الشمالية,الفردوس,الصواري,خالد النموذجي,الصالحية,الوفاء,ثول,ذهبان,بريمان,الريان,الماجد,الشاطيء)) لمدة 3 اشهر",,"التاريخ: 21/02/1448
الموافق: 05/08/2026",05/08/2026,"التاريخ: 22/02/1448
الموافق: 06/08/2026",06/08/2026,,لا يوجد,داخل المملكة,"صيانة وتشغيل أعمال المياه والصرف الصحي, أعمال المياه والصرف الصحي"
1090979,2026-08-15T21:27:55.991810+00:00,0.00,Air valve  Actuator (Thomson) (DH12-17W42-03NN003) توريد قطع غيار مشغّل صمام الهواء,,"التاريخ: 13/02/1448
الموافق: 28/07/2026",28/07/2026,"التاريخ: 14/02/1448
الموافق: 29/07/2026",29/07/2026,,لا يوجد,داخل المملكة,
1090981,2026-08-15T18:46:31.822579+00:00,0.00,HYDRAULIC UNIT VALVE BLOCK لمستشفى الحرس الوطني,,"التاريخ: 13/02/1448
الموافق: 28/07/2026",28/07/2026,"التاريخ: 14/02/1448
الموافق: 29/07/2026",29/07/2026,,لا يوجد,داخل المملكة,
1090986,2026-08-15T18:40:57.906744+00:00,0.00,توريد و نقل مياه محلاة صالحة للشرب لموقع دلتا (5) بالظهران,,"التاريخ: 07/03/1448
الموافق: 20/08/2026",20/08/2026,"التاريخ: 08/04/1448
الموافق: 20/09/2026",20/09/2026,,لا يوجد,داخل المملكة,
1090988,2026-08-15T21:51:57.225417+00:00,0.00,إعادة تأهيل أرضيات سيراميك بموقع D04 بالظهران,,"التاريخ: 07/03/1448
الموافق: 20/08/2026",20/08/2026,"التاريخ: 08/04/1448
الموافق: 20/09/2026",20/09/2026,,لا يوجد,داخل المملكة,
1090990,2026-08-15T21:52:04.287874+00:00,0.00,تأهيل وترميم أسقف جبسية بمجمع قوات الدفاع الجوي بالظهران,,"التاريخ: 07/03/1448
الموافق: 20/08/2026",20/08/2026,"التاريخ: 08/04/1448
الموافق: 20/09/2026",20/09/2026,,لا يوجد,داخل المملكة,
1090991,2026-08-15T18:50:44.707221+00:00,1000.00,تنفيذ أعمال مشروع استكمال مبنى إدارة الطرق والنقل بمنطقة تبوك المرحلة الأخيرة.,5,"التاريخ: 24/03/1448
الموافق: 06/09/2026",06/09/2026,"التاريخ: 24/04/1448
الموافق: 06/10/2026",06/10/2026,,منصة اعتماد,داخل المملكة,
1090996,2026-08-15T21:28:02.337249+00:00,0.00,"Spare parts for SAMPLERS ENVIRONMENTAL AIR , Model: XAM-8000 , WO# 830597 ( Requester : Eng. Fahed Alnawfal ) - قطع غيار لجهاز جمع عينات هواء البيئة المحيطة",,"التاريخ: 13/02/1448
الموافق: 28/07/2026",28/07/2026,"التاريخ: 14/02/1448
الموافق: 29/07/2026",29/07/2026,,لا يوجد,داخل المملكة,
1091000,2026-08-15T21:28:08.250812+00:00,0.00,palmbing and steem valves for all area لمستشفى الحرس الوطني,,"التاريخ: 13/02/1448
الموافق: 28/07/2026",28/07/2026,"التاريخ: 14/02/1448
الموافق: 29/07/2026",29/07/2026,,لا يوجد,داخل المملكة,
1091011,2026-08-15T21:37:30.042300+00:00,0.00,لضمان استمرارية تقديم الرعاية الصحية للمرضى دون انقطاع يتحتم توفير هذا البنود,,"التاريخ: 14/02/1448
الموافق: 29/07/2026",29/07/2026,"التاريخ: 15/02/1448
الموافق: 30/07/2026",30/07/2026,,لا يوجد,داخل المملكة,
1091012,2026-08-15T21:37:35.750140+00:00,0.00,لضمان استمرارية تقديم الرعاية الصحية للمرضى دون انقطاع يتحتم توفير هذا البنود,,"التاريخ: 14/02/1448
الموافق: 29/07/2026",29/07/2026,"التاريخ: 15/02/1448
الموافق: 30/07/2026",30/07/2026,,لا يوجد,داخل المملكة,
1091014,2026-08-15T21:37:42.244816+00:00,0.00,لضمان استمرارية تقديم الرعاية الصحية للمرضى دون انقطاع يتحتم توفير هذا البنود,,"التاريخ: 14/02/1448
الموافق: 29/07/2026",29/07/2026,"التاريخ: 15/02/1448
الموافق: 30/07/2026",30/07/2026,,لا يوجد,داخل المملكة,
1091015,2026-08-15T21:37:49.731411+00:00,0.00,لضمان استمرارية تقديم الرعاية الصحية للمرضى دون انقطاع يتحتم توفير هذا البنود,,"التاريخ: 14/02/1448
الموافق: 29/07/2026",29/07/2026,"التاريخ: 15/02/1448
الموافق: 30/07/2026",30/07/2026,,لا يوجد,داخل المملكة,
1091016,2026-08-15T21:37:56.921527+00:00,0.00,لضمان استمرارية تقديم الرعاية الصحية للمرضى دون انقطاع يتحتم توفير هذا البنود,,"التاريخ: 14/02/1448
الموافق: 29/07/2026",29/07/2026,"التاريخ: 15/02/1448
الموافق: 30/07/2026",30/07/2026,,لا يوجد,داخل المملكة,
1091022,2026-08-15T21:11:32.689896+00:00,0.00,يهدف المشروع إلى توريد وتنفيذ استوديو جاهز (Container Studio) متكامل ومجهز وفقًا للمواصفات الفنية المعتمدة من أكاديمية مهد الرياضية، بحيث يكون مناسبًا للاستخدام كمساحة إنتاج إعلامي متعددة الأغراض داخل الأكاديمية، مع ضمان الجودة والعزل الحراري والصوتي والتشغيل الكامل لجميع الأنظمة.,,"التاريخ: 28/02/1448
الموافق: 12/08/2026",12/08/2026,"التاريخ: 07/03/1448
الموافق: 20/08/2026",20/08/2026,,لا يوجد,داخل المملكة,
1091025,2026-08-15T21:05:07.881284+00:00,0.00,أعمال دراسة هندسية لتقيم مبنى إدارة الدفاع المدني بمحافظة البيضاء بالمنطقة الشرقية,,"التاريخ: 12/02/1448
الموافق: 27/07/2026",27/07/2026,"التاريخ: 27/02/1448
الموافق: 11/08/2026",11/08/2026,,لا يوجد,داخل المملكة,"صيانة المباني, المباني سابقة الصب"
1091028,2026-08-15T19:31:59.610708+00:00,500.00,صيانة المباني والمكيفات والمصاعد ببلدية محافظة الدلم,5,"التاريخ: 06/03/1448
الموافق: 19/08/2026",19/08/2026,"التاريخ: 28/03/1448
الموافق: 10/09/2026",10/09/2026,,منصة اعتماد,داخل المملكة,صيانة المباني
1091050,2026-08-15T20:42:35.666771+00:00,0.00,توريد ملحقات نظام سواهر التابع لمركز المعلومات الوطني,,"التاريخ: 25/02/1448
الموافق: 09/08/2026",09/08/2026,"التاريخ: 03/03/1448
الموافق: 16/08/2026",16/08/2026,,لا يوجد,داخل المملكة,"تقنية الاتصالات, تقنية الاتصالات"
1091053,2026-08-15T18:33:21.549053+00:00,1000.00,مشروع تشغيل وصيانة مصاعد القوات البرية الملكية بمنطقة المدينة المنورة,5,"التاريخ: 29/02/1448
الموافق: 13/08/2026",13/08/2026,"التاريخ: 07/03/1448
الموافق: 20/08/2026",20/08/2026,,إدارة تشغيل وصيانة المنشآت العسكرية بمنطقة المدينة المنورة,داخل المملكة,
1091065,2026-08-15T19:28:34.544155+00:00,0.00,تأمين مستلزمات وأجهزة طبية وقطع غيار لمركز الأمير سلطان لمعالجة أمراض وجراحة القلب,,"التاريخ: 14/02/1448
الموافق: 29/07/2026",29/07/2026,"التاريخ: 15/02/1448
الموافق: 30/07/2026",30/07/2026,,لا يوجد,داخل المملكة,
1091068,2026-08-15T19:39:05.677123+00:00,2500.00,نظرا لحاجة البلدية الماسة إلى صيانة بعض معدات النظافة,5,"التاريخ: 25/02/1448
الموافق: 09/08/2026",09/08/2026,"التاريخ: 26/02/1448
الموافق: 10/08/2026",10/08/2026,,شقراء,داخل المملكة,
1091069,2026-08-15T21:38:03.663635+00:00,0.00,تأمين مستلزمات وأجهزة طبية وقطع غيار لمركز الأمير سلطان لمعالجة أمراض وجراحة القلب,,"التاريخ: 14/02/1448
الموافق: 29/07/2026",29/07/2026,"التاريخ: 15/02/1448
الموافق: 30/07/2026",30/07/2026,,لا يوجد,داخل المملكة,
1091071,2026-08-15T20:13:41.482100+00:00,0.00,تأمين مستلزمات وأجهزة طبية وقطع غيار لمركز الأمير سلطان لمعالجة أمراض وجراحة القلب,,"التاريخ: 14/02/1448
الموافق: 29/07/2026",29/07/2026,"التاريخ: 15/02/1448
الموافق: 30/07/2026",30/07/2026,,لا يوجد,داخل المملكة,
1091074,2026-08-15T18:46:37.264136+00:00,10000.00,صيانة الملاعب ببلدية وادي جازان والقرى التابعة له ( عقد بديل ),5,"التاريخ: 12/03/1448
الموافق: 25/08/2026",25/08/2026,"التاريخ: 19/03/1448
الموافق: 01/09/2026",01/09/2026,,لجنة فتح العروض ببلدية محافظة ابوعريش,داخل المملكة,
1091089,2026-08-15T18:24:24.561657+00:00,100.00,قص الطلع الجديد مع التشييف وقص الجريد والتكريب ونظافة المخلفات ببلدية محافظة البدائع,5,"التاريخ: 26/02/1448
الموافق: 10/08/2026",10/08/2026,"التاريخ: 27/02/1448
الموافق: 11/08/2026",11/08/2026,,إدارة المشتريات والمناقصات ببلدية البدائع,داخل المملكة,
1091091,2026-08-15T19:02:05.338073+00:00,500.00,مشروع دعم وصيانة أنظمة حماية البيانات والحوكمة السيبرانية بجامعة حائل,5,"التاريخ: 07/03/1448
الموافق: 20/08/2026",20/08/2026,"التاريخ: 17/03/1448
الموافق: 30/08/2026",30/08/2026,,جامعة حائل المدينة الجامعية البرج الإداري الدور الثاني إدارة العقود,داخل المملكة,
1091092,2026-08-15T21:28:12.981140+00:00,0.00,تامين مستلزمات طبيه لمستشفى الملك سلمان للقوات المسلحة بالشمالية الغربية تبوك,,"التاريخ: 18/04/1448
الموافق: 30/09/2026",30/09/2026,"التاريخ: 18/05/1448
الموافق: 29/10/2026",29/10/2026,,لا يوجد,داخل المملكة,
1091102,2026-08-15T19:50:30.909700+00:00,0.00,صيانة وتعبئة طفايات حريق بفرع الإدارة الهندسية والأشغال بالجنوبية,,"التاريخ: 22/02/1448
الموافق: 06/08/2026",06/08/2026,"التاريخ: 26/02/1448
الموافق: 10/08/2026",10/08/2026,,لا يوجد,داخل المملكة,
1091112,2026-08-15T21:05:15.924968+00:00,0.00,AR26730028 توريد قطع السباكة و الكهرباء لادارة الدفاع المدني برفحاء,,"التاريخ: 15/02/1448
الموافق: 30/07/2026",30/07/2026,"التاريخ: 17/02/1448
الموافق: 01/08/2026",01/08/2026,,لا يوجد,داخل المملكة,
1091120,2026-08-15T18:56:36.573525+00:00,300.00,توريد وتركيب عدد (45) محركات خارجية قدرة (75/85) حصان رباعي الأشواط لمناطق (تبوك والمدينة المنورة ومكة المكرمة),5,"التاريخ: 09/04/1448
الموافق: 21/09/2026",21/09/2026,"التاريخ: 08/05/1448
الموافق: 19/10/2026",19/10/2026,,الإدارة العامة للمشتريات والتوريد / المديرية العامة لحرس الحدود / الرياض ، ملاحظة : تقديم أصل الضمان الابتدائي الكترونياً عبر منصة اعتماد,داخل المملكة,
1091135,2026-08-15T19:21:50.519963+00:00,0.00,توريد وتركيب ارفف ودواليب تخزين للمديرية العامة لمكافحة المخدرات,,"التاريخ: 25/02/1448
الموافق: 09/08/2026",09/08/2026,"التاريخ: 26/02/1448
الموافق: 10/08/2026",10/08/2026,,لا يوجد,داخل المملكة,
1091146,2026-08-15T20:18:45.291661+00:00,0.00,تنظيم فعالية صغيرة بمناسبة (اليوم الوطني),,"التاريخ: 25/02/1448
الموافق: 09/08/2026",09/08/2026,"التاريخ: 26/02/1448
الموافق: 10/08/2026",10/08/2026,,لا يوجد,داخل المملكة,
1091154,2026-08-15T21:05:23.874135+00:00,0.00,إعادة تعبئة طفايات الحريق للهيئة العامة للنقل وفروعها حسب الشروط والمواصفات المطلوبة,,"التاريخ: 18/02/1448
الموافق: 02/08/2026",02/08/2026,"التاريخ: 19/02/1448
الموافق: 03/08/2026",03/08/2026,,لا يوجد,داخل المملكة,
1091156,2026-08-15T18:16:01.833003+00:00,0.00,تامين قطع غيار ادوات كهربائية وسباكة لإدارة الدفاع المدني بالطائف,,"التاريخ: 06/03/1448
الموافق: 19/08/2026",19/08/2026,"التاريخ: 07/03/1448
الموافق: 20/08/2026",20/08/2026,,لا يوجد,داخل المملكة,"صيانة وتشغيل الأعمال الكهربائية, المبـــاني"
1091159,2026-08-15T21:05:31.733680+00:00,0.00,عملية فك وإعادة تركيب بلاط المدخل وترميم ومعالجة سقف خرساني بمبنى مجمع المحاكم     بمدينة بريدة,,"التاريخ: 15/02/1448
الموافق: 30/07/2026",30/07/2026,"التاريخ: 18/02/1448
الموافق: 02/08/2026",02/08/2026,,لا يوجد,داخل المملكة,"صيانة المباني, المبـــاني"
1091160,2026-08-15T21:52:12.061321+00:00,0.00,نظافة وإالة مخلفات بمجمع قت الدفاع الجوي بالظهران,,"التاريخ: 07/03/1448
الموافق: 20/08/2026",20/08/2026,"التاريخ: 08/04/1448
الموافق: 20/09/2026",20/09/2026,,لا يوجد,داخل المملكة,
1091161,2026-08-15T21:52:17.280217+00:00,0.00,تأهيل أبواب خشبية بمجمع الدفاع الجوي بالظهران,,"التاريخ: 07/03/1448
الموافق: 20/08/2026",20/08/2026,"التاريخ: 08/04/1448
الموافق: 20/09/2026",20/09/2026,,لا يوجد,داخل المملكة,
1091162,2026-08-15T18:36:20.258615+00:00,0.00,"تقديم الخدمات الهندسية للدراسة والوقوف على هبوط الأرضية أسفل المولدات بمبنى التحول الرقمي  وإعداد الدراسات اللازمة والتقارير الفنية عن الحالة (خواص التربة والكشف عن أسباب الهبوط للمنطقة) وذلك بالكشف والفحص باستخدام أحدث التقنيات والاختبارات والأجهزة طبقا للكود السعودي   SBCأو الكود الأمريكي أو ما يعادلهما من الأكواد ذات الصلة،  شاملاً إعداد تقرير فني عن مشكلة الهبوط وأسبابها وأضرارها وطرق علاجها، وعمل كافة الحسابات والدراسات اللازمة والتي يتطلبها العمل طبقاً لمتطلبات الكود السعودي والكود الأمريكي مع استخدام البرامج التصميمية المناسبة طبقا لتوجيهات 
موضح في المرفق رقم 1",,"التاريخ: 03/03/1448
الموافق: 16/08/2026",16/08/2026,"التاريخ: 14/03/1448
الموافق: 27/08/2026",27/08/2026,,لا يوجد,داخل المملكة,
1091163,2026-08-15T19:32:07.257773+00:00,100.00,توريد بذور واسمده لقسم الخدمات العامه,5,"التاريخ: 17/03/1448
الموافق: 30/08/2026",30/08/2026,"التاريخ: 16/04/1448
الموافق: 28/09/2026",28/09/2026,,اعتماد,داخل المملكة,
1091164,2026-08-15T18:50:52.025110+00:00,500.00,اتفاقية إطارية لأنظمة كيابل الكاميرا و أنظمة التتبع,5,"التاريخ: 11/03/1448
الموافق: 24/08/2026",24/08/2026,"التاريخ: 18/04/1448
الموافق: 30/09/2026",30/09/2026,,عبر منصة اعتماد,داخل المملكة,
1091166,2026-08-15T18:46:43.466856+00:00,500.00,توحيد المظهر لمنسوبي الأمن والسلامة لتحقيق معايير السلامة وتعزيز الهوية وتحسين الكفاءة، حيث تشمل هذه الوثيقة على الشروط المرجعية التي يجب على مقدمي العروض التقيد بها، وتوضح الارشادات والتعليمات التنظيمية الموجهة للراغبين في التقدم بعروضهم، وحيث إن تقييم العروض واختيار الأنسب منها سيعتمد في المقام الأول على الجودة وواقعية التكلفة، لذا فإنه من الأهمية قراءة هذه الوثيقة بتمعن، وإتباع التعليمات والإرشادات والبيانات الواردة بها.,5,"التاريخ: 13/03/1448
الموافق: 26/08/2026",26/08/2026,"التاريخ: 28/03/1448
الموافق: 10/09/2026",10/09/2026,,مقر الهيئة,داخل المملكة,
1091169,2026-08-15T21:52:23.233739+00:00,0.00,اختيار جهة مؤهلة ومتخصصة تتولى تقديم الخدمات اللازمة لاعتماد تجمع مكة المكرمة الصحي كمركز تدريبي معتمد عبر منصة مستمر وفق المتطلبات والمعايير المعتمدة من الهيئة السعودية للتخصصات الصحية، بما يتيح للتجمع تقديم وتنفيذ واعتماد برامج التطوير المهني المستمر (CME) للممارسين الصحيين في مختلف التخصصات، وفق أعلى معايير الجودة والتعليم الصحي المستمر، بما يدعم تحقيق متطلبات التحول الصحي ومتطلبات الدليل الارشادي لمنظمات الرعاية المسؤولة,,"التاريخ: 15/02/1448
الموافق: 30/07/2026",30/07/2026,"التاريخ: 18/02/1448
الموافق: 02/08/2026",02/08/2026,,لا يوجد,داخل المملكة,
1091174,2026-08-15T21:28:22.076860+00:00,0.00,ستكرات,,"التاريخ: 15/02/1448
الموافق: 30/07/2026",30/07/2026,"التاريخ: 17/02/1448
الموافق: 01/08/2026",01/08/2026,,لا يوجد,داخل المملكة,
1091184,2026-08-15T19:39:13.944318+00:00,500.00,تامين وتوريد وتركيب مصدات لعدد(5) بوابات,5,"التاريخ: 10/03/1448
الموافق: 23/08/2026",23/08/2026,"التاريخ: 11/03/1448
الموافق: 24/08/2026",24/08/2026,,امارة الرياض,داخل المملكة,
1091187,2026-08-15T18:50:57.305154+00:00,100.00,لتوفير قاعدة بيانات متخصصة في الاتاوة للأصول الغير ملموسة ومعدلات الفائدة، يجب أن تحتوي قاعدة البيانات على تغطية السوق المحلية وتغطية السوق الإقليمية وتغطية السوق العالمية,5,"التاريخ: 11/03/1448
الموافق: 24/08/2026",24/08/2026,"التاريخ: 18/03/1448
الموافق: 31/08/2026",31/08/2026,,منصة اعتماد,داخل المملكة,
1091192,2026-08-15T18:24:32.886882+00:00,500.00,تجديد الاشتراك في خدمات حل الاتصالات الموحدة,5,"التاريخ: 05/04/1448
الموافق: 17/09/2026",17/09/2026,"التاريخ: 21/05/1448
الموافق: 01/11/2026",01/11/2026,,مقر المركز,داخل المملكة,
1091196,2026-08-15T20:18:50.237833+00:00,0.00,صيانة وتعبئة طفايات حريق بقسم الادارة الهندسية والاشغال بالسليل,,"التاريخ: 22/02/1448
الموافق: 06/08/2026",06/08/2026,"التاريخ: 26/02/1448
الموافق: 10/08/2026",10/08/2026,,لا يوجد,داخل المملكة,
1091197,2026-08-15T20:18:58.500551+00:00,0.00,توريد دهانات لقسم الادارة الهندسية والاشغال بالسليل,,"التاريخ: 22/02/1448
الموافق: 06/08/2026",06/08/2026,"التاريخ: 25/02/1448
الموافق: 09/08/2026",09/08/2026,,لا يوجد,داخل المملكة,
1091202,2026-08-15T18:51:03.810962+00:00,800.00,تأمين أثاث مكتبي تأمين أثاث مكتبي تأمين أثاث مكتبي,5,"التاريخ: 13/03/1448
الموافق: 26/08/2026",26/08/2026,"التاريخ: 26/03/1448
الموافق: 08/09/2026",08/09/2026,,الكتروني,داخل المملكة,
1091212,2026-08-15T18:36:27.344038+00:00,200.00,طلب تقديم خدمات توكيد الجودة والمعايرة السنوية وقراءة بطاقات رصد الأشعة السينية لضمان الحماية الإشعاعية على مستوى المدينة الطبية الأكاديمية,5,"التاريخ: 29/04/1448
الموافق: 11/10/2026",11/10/2026,"التاريخ: 30/05/1448
الموافق: 10/11/2026",10/11/2026,,الحرم الشرقي  المدينة الجامعية  مبنى D1  الدور الأرضي  الإدارة العامة للمشتريات والمناقصات  قسم المناقصات,داخل المملكة,
1091219,2026-08-15T19:32:13.495749+00:00,0.00,إعادة نأهيل دورات مياه المباني بالظهران,,"التاريخ: 26/02/1448
الموافق: 10/08/2026",10/08/2026,"التاريخ: 05/03/1448
الموافق: 18/08/2026",18/08/2026,,لا يوجد,داخل المملكة,
1091222,2026-08-15T19:21:55.647477+00:00,0.00,توريد وتركيب وحدات تخزين وأرفف للصيدلية والمختبر بكلية نايف للأمن الوطني,5,"التاريخ: 07/03/1448
الموافق: 20/08/2026",20/08/2026,"التاريخ: 21/03/1448
الموافق: 03/09/2026",03/09/2026,,الرياض,داخل المملكة,
1091230,2026-08-15T20:50:31.597661+00:00,0.00,تأمين كراتين لحفظ الكتب لمجمع الملك عبد العزيز للمكتبات الوقفية,,"التاريخ: 18/02/1448
الموافق: 02/08/2026",02/08/2026,"التاريخ: 19/02/1448
الموافق: 03/08/2026",03/08/2026,,لا يوجد,داخل المملكة,
1091231,2026-08-15T18:51:10.948481+00:00,0.00,معايرة أجهزة مرجعية,,"التاريخ: 05/03/1448
الموافق: 18/08/2026",18/08/2026,"التاريخ: 07/03/1448
الموافق: 20/08/2026",20/08/2026,,لا يوجد,داخل المملكة,
1091232,2026-08-15T21:05:37.663498+00:00,0.00,إصلاح وتوريد وتأمين قطع غيار لإدارة الدفاع المدني بمحافظة  الخرج والتابعة لمديرية الدفاع المدني بمنطقة الرياض,,"التاريخ: 18/02/1448
الموافق: 02/08/2026",02/08/2026,"التاريخ: 19/02/1448
الموافق: 03/08/2026",03/08/2026,,لا يوجد,داخل المملكة,"صيانة وتشغيل الأعمال الميكانيكيـة, الأعمال الميكانيكية"
1091235,2026-08-15T19:18:54.193014+00:00,2000.00,Employee Value Proposition and Support :KFCA aims to achieve its strategic aspirations of “Excellence in Leading Core Operations” and “Enhancing Sustainable Growth” both on and beyond the causeway.,5,"التاريخ: 19/03/1448
الموافق: 01/09/2026",01/09/2026,"التاريخ: 19/04/1448
الموافق: 01/10/2026",01/10/2026,,المقر الرئيسي للمؤسسة العامة لجسر الملك فهد  بالجانب السعودي,داخل المملكة,
1091239,2026-08-15T21:05:44.399322+00:00,0.00,اصلاح وتأمين وتوريد قطع الغيار لإدارة الدفاع المدني بمحافظة المجمعة والمراكز المرتبطة بها,,"التاريخ: 18/02/1448
الموافق: 02/08/2026",02/08/2026,"التاريخ: 19/02/1448
الموافق: 03/08/2026",03/08/2026,,لا يوجد,داخل المملكة,"صيانة وتشغيل الأعمال الميكانيكيـة, الأعمال الميكانيكية"
1091263,2026-08-15T21:19:57.693456+00:00,0.00,توريد مستلزمات لسفن جلالة الملك لمركز التموين البحري بالاسطول الشرقي,,"التاريخ: 14/02/1448
الموافق: 29/07/2026",29/07/2026,"التاريخ: 15/02/1448
الموافق: 30/07/2026",30/07/2026,,لا يوجد,داخل المملكة,
1091271,2026-08-15T19:12:59.424055+00:00,0.00,صيانة واستبدال شبكات الري والمزروعات لحيقة الزهور بمحافظة ضرية,,"التاريخ: 26/02/1448
الموافق: 10/08/2026",10/08/2026,"التاريخ: 27/02/1448
الموافق: 11/08/2026",11/08/2026,,لا يوجد,داخل المملكة,
1091283,2026-08-15T19:50:38.341875+00:00,0.00,تأمين قطع غيار لسيارات لمكافحة المخدرات بمنطقة عسير /  الحريضة,,"التاريخ: 21/02/1448
الموافق: 05/08/2026",05/08/2026,"التاريخ: 22/02/1448
الموافق: 06/08/2026",06/08/2026,,لا يوجد,داخل المملكة,
1091285,2026-08-15T19:13:06.860663+00:00,300.00,توريد وتركيب مستلزمات تقنية لإنشاء وحدة نظام المعلومات الجيومكانية بقوات الطوارئ الخاصة,5,"التاريخ: 10/04/1448
الموافق: 22/09/2026",22/09/2026,"التاريخ: 28/05/1448
الموافق: 08/11/2026",08/11/2026,,قيادة قوات الطوارئ الخاصة/ إدارة المنافسات والمشتريات,داخل المملكة,
1091291,2026-08-15T20:30:44.054690+00:00,0.00,توريد قطع غيار تكييف للورشة المركزية بشرورة,,"التاريخ: 25/02/1448
الموافق: 09/08/2026",09/08/2026,"التاريخ: 27/02/1448
الموافق: 11/08/2026",11/08/2026,,لا يوجد,داخل المملكة,
1091294,2026-08-15T19:23:46.607635+00:00,0.00,تأمين وتوريد باصات لنقل موظفي المستشفي,,"التاريخ: 28/02/1448
الموافق: 12/08/2026",12/08/2026,"التاريخ: 29/02/1448
الموافق: 13/08/2026",13/08/2026,,لا يوجد,داخل المملكة,
1091297,2026-08-15T21:08:32.585638+00:00,0.00,توريد وتركيب عدد (2) غرفة تبريد بأكاديمية وزارة الداخلية لأمن الحدود,,"التاريخ: 28/02/1448
الموافق: 12/08/2026",12/08/2026,"التاريخ: 29/02/1448
الموافق: 13/08/2026",13/08/2026,,لا يوجد,داخل المملكة,
1091303,2026-08-15T18:36:31.857389+00:00,100.00,مواد للبنية التحتية للمواقع المتقدمة مواد للبنية التحتية للمواقع المتقدمة,5,"التاريخ: 13/06/1448
الموافق: 23/11/2026",23/11/2026,"التاريخ: 21/08/1448
الموافق: 29/01/2027",29/01/2027,,ادارة مدينة الملك خالد بحفرالباطن,داخل المملكة,
1091305,2026-08-15T21:20:04.005590+00:00,0.00,تعديلات سور مبنى النيابة العامة بمحافظة الليث,,"التاريخ: 14/02/1448
الموافق: 29/07/2026",29/07/2026,"التاريخ: 15/02/1448
الموافق: 30/07/2026",30/07/2026,,لا يوجد,داخل المملكة,
1091311,2026-08-15T20:50:36.376415+00:00,0.00,تحسين البهو الداخلي لمجمع الملك عبد العزيز للمكتبات الوقفية,,"التاريخ: 22/02/1448
الموافق: 06/08/2026",06/08/2026,"التاريخ: 23/02/1448
الموافق: 07/08/2026",07/08/2026,,لا يوجد,داخل المملكة,
1091317,2026-08-15T18:51:17.935275+00:00,500.00,عملية تأمين متطلبات معرض الإحتفال باليوم الوطني96 (اعلام خارجية+ سجاد استقبال كبار الزوار والضيوف+ تأمين وتركيب نظام صوت للقاعة + تأمين وتركيب باك دروب خلف المنصة+تأمين وتركيب أضاءت جانبية + تأمين وتركيب بوديوم مع شاشة42بوصة +تأمين توزيعات زوار المعرض+ انتاج فلم سينمائي ),5,"التاريخ: 04/03/1448
الموافق: 17/08/2026",17/08/2026,"التاريخ: 05/04/1448
الموافق: 17/09/2026",17/09/2026,,الإدارة العامة للمشتريات والعقود بمجمع الأمن العام بمدينة الرياض,داخل المملكة,
1091319,2026-08-15T18:51:23.735235+00:00,0.00,STAMP RUBBER  DATE PLASTIC CASED 4MM LTR SZ,,"التاريخ: 21/02/1448
الموافق: 05/08/2026",05/08/2026,"التاريخ: 22/02/1448
الموافق: 06/08/2026",06/08/2026,,لا يوجد,داخل المملكة,
1091323,2026-08-15T19:50:45.050495+00:00,0.00,عملية توريد وتركيب وبرمجة وحدة التحكم لنظام الدفع والتوجية الخاص بالزورق فئة( 12م) التابع لقطاع جدة,,"التاريخ: 22/02/1448
الموافق: 06/08/2026",06/08/2026,"التاريخ: 14/03/1448
الموافق: 27/08/2026",27/08/2026,,لا يوجد,داخل المملكة,
1091326,2026-08-15T18:51:31.041498+00:00,0.00,Single-Use PDF Temp Data Logger TempU05 للاستخدام المرة واحدة مسجل بيانات درجة الحرارة  )TempU05),,"التاريخ: 21/02/1448
الموافق: 05/08/2026",05/08/2026,"التاريخ: 22/02/1448
الموافق: 06/08/2026",06/08/2026,,لا يوجد,داخل المملكة,
1091328,2026-08-15T18:59:17.441566+00:00,0.00,توريد وتامين قطع غيار لسفينة جلالة الملك الدرعية,,"التاريخ: 21/02/1448
الموافق: 05/08/2026",05/08/2026,"التاريخ: 22/02/1448
الموافق: 06/08/2026",06/08/2026,,لا يوجد,داخل المملكة,
1091335,2026-08-15T21:05:52.142893+00:00,0.00,مراتب وقواعد للاسرة غرف نوم دار الضيافة لمستشفى الحرس الوطني,,"التاريخ: 14/02/1448
الموافق: 29/07/2026",29/07/2026,"التاريخ: 15/02/1448
الموافق: 30/07/2026",30/07/2026,,لا يوجد,داخل المملكة,
1091337,2026-08-15T20:53:39.373851+00:00,0.00,لضمان استمرارية تقديم الرعاية الصحية للمرضى دون انقطاع يتحتم توفير هذا البنود,,"التاريخ: 19/02/1448
الموافق: 03/08/2026",03/08/2026,"التاريخ: 20/02/1448
الموافق: 04/08/2026",04/08/2026,,لا يوجد,داخل المملكة,
1091340,2026-08-15T19:28:01.325643+00:00,0.00,تأمين مواد كيميائية لأعمال المختبر وفحص جودة المياه,,"التاريخ: 14/02/1448
الموافق: 29/07/2026",29/07/2026,"التاريخ: 15/02/1448
الموافق: 30/07/2026",30/07/2026,,لا يوجد,داخل المملكة,
1091342,2026-08-15T21:06:00.190931+00:00,0.00,MMPI-2 / MMPI-3 اختبار مينيسوتا المتعدد الأوجه للشخصية,,"التاريخ: 14/02/1448
الموافق: 29/07/2026",29/07/2026,"التاريخ: 15/02/1448
الموافق: 30/07/2026",30/07/2026,,لا يوجد,داخل المملكة,
1091344,2026-08-15T21:06:07.285397+00:00,0.00,White Board  Size Medium /السبورة البيضاء حجم متوسط,,"التاريخ: 14/02/1448
الموافق: 29/07/2026",29/07/2026,"التاريخ: 15/02/1448
الموافق: 30/07/2026",30/07/2026,,لا يوجد,داخل المملكة,
1091345,2026-08-15T20:53:46.991955+00:00,0.00,لضمان استمرارية تقديم الرعاية الصحية للمرضى دون انقطاع يتحتم توفير هذا البنود,,"التاريخ: 19/02/1448
الموافق: 03/08/2026",03/08/2026,"التاريخ: 20/02/1448
الموافق: 04/08/2026",04/08/2026,,لا يوجد,داخل المملكة,
1091346,2026-08-15T20:52:38.030571+00:00,0.00,لضمان استمرارية تقديم الرعاية الصحية للمرضى دون انقطاع يتحتم توفير هذا البنود,,"التاريخ: 19/02/1448
الموافق: 03/08/2026",03/08/2026,"التاريخ: 20/02/1448
الموافق: 04/08/2026",04/08/2026,,لا يوجد,داخل المملكة,
1091348,2026-08-15T21:38:08.706015+00:00,0.00,لضمان استمرارية تقديم الرعاية الصحية للمرضى دون انقطاع يتحتم توفير هذا البنود,,"التاريخ: 14/02/1448
الموافق: 29/07/2026",29/07/2026,"التاريخ: 15/02/1448
الموافق: 30/07/2026",30/07/2026,,لا يوجد,داخل المملكة,
1091351,2026-08-15T21:38:16.525460+00:00,0.00,لضمان استمرارية تقديم الرعاية الصحية للمرضى دون انقطاع يتحتم توفير هذا البنود,,"التاريخ: 14/02/1448
الموافق: 29/07/2026",29/07/2026,"التاريخ: 15/02/1448
الموافق: 30/07/2026",30/07/2026,,لا يوجد,داخل المملكة,
1091352,2026-08-15T20:56:18.893158+00:00,0.00,لضمان استمرارية تقديم الرعاية الصحية للمرضى دون انقطاع يتحتم توفير هذا البنود,,"التاريخ: 14/02/1448
الموافق: 29/07/2026",29/07/2026,"التاريخ: 15/02/1448
الموافق: 30/07/2026",30/07/2026,,لا يوجد,داخل المملكة,
1091353,2026-08-15T18:59:24.703595+00:00,0.00,توريد مكيفات لمنظومة  انتاج الجبيل 60020810 بالساحل الشرقي,5,"التاريخ: 28/03/1448
الموافق: 10/09/2026",10/09/2026,"التاريخ: 29/04/1448
الموافق: 11/10/2026",11/10/2026,,المؤسسسة العامة لتحلية المياه المالحة الرياض  المركز الرئيسي إدارة المشتريات الدور الرابع مكتب 18   الدور الرابع مكتب 18  يمكنكم تقديم صورة منه في منصة اعتماد,داخل المملكة,
1091354,2026-08-15T21:06:13.560173+00:00,0.00,Art Therapy Tools ادوات العلاج بالفن لمستشفى الحرس الوطني,,"التاريخ: 14/02/1448
الموافق: 29/07/2026",29/07/2026,"التاريخ: 15/02/1448
الموافق: 30/07/2026",30/07/2026,,لا يوجد,داخل المملكة,
1091355,2026-08-15T21:06:22.479641+00:00,0.00,Cushions & Support Pillows  وسائد ومساند داعم  & Floor Mats حصائر أرضية,,"التاريخ: 14/02/1448
الموافق: 29/07/2026",29/07/2026,"التاريخ: 15/02/1448
الموافق: 30/07/2026",30/07/2026,,لا يوجد,داخل المملكة,
1091356,2026-08-15T21:06:30.324058+00:00,0.00,Intelligence Assessment tools for Mental Health hospital أدوات تقييم شاملة للقدرات المعرفية والذكاء,,"التاريخ: 14/02/1448
الموافق: 29/07/2026",29/07/2026,"التاريخ: 15/02/1448
الموافق: 30/07/2026",30/07/2026,,لا يوجد,داخل المملكة,
1091371,2026-08-15T21:06:37.345223+00:00,0.00,توريد قطع غيار تكييف لزوم اعطال بمبنى القيادة بمعهد قوات الدفاع الجوي بجدة,,"التاريخ: 15/02/1448
الموافق: 30/07/2026",30/07/2026,"التاريخ: 18/02/1448
الموافق: 02/08/2026",02/08/2026,,لا يوجد,داخل المملكة,
1091375,2026-08-15T21:20:12.606898+00:00,0.00,تامين قطع غيار واصلاح بعض اليات الدفاع المدني بمنطقة الجوف,,"التاريخ: 14/02/1448
الموافق: 29/07/2026",29/07/2026,"التاريخ: 15/02/1448
الموافق: 30/07/2026",30/07/2026,,لا يوجد,داخل المملكة,
1091393,2026-08-15T18:24:38.827643+00:00,0.00,قطع غيار اجهزة طبية,,"التاريخ: 28/02/1448
الموافق: 12/08/2026",12/08/2026,"التاريخ: 29/02/1448
الموافق: 13/08/2026",13/08/2026,,لا يوجد,داخل المملكة,"صيانة المباني, المبـــاني"
1091395,2026-08-15T18:24:44.822706+00:00,0.00,قطع غيار اجهزة طبية,,"التاريخ: 28/02/1448
الموافق: 12/08/2026",12/08/2026,"التاريخ: 29/02/1448
الموافق: 13/08/2026",13/08/2026,,لا يوجد,داخل المملكة,"صيانة المباني, المبـــاني"
1091398,2026-08-15T19:02:11.784362+00:00,0.00,قطع غيار اجهزة طبية,,"التاريخ: 26/02/1448
الموافق: 10/08/2026",10/08/2026,"التاريخ: 27/02/1448
الموافق: 11/08/2026",11/08/2026,,لا يوجد,داخل المملكة,"صيانة المباني, المبـــاني"
1091404,2026-08-15T19:02:19.919490+00:00,0.00,حامل لاكياس نفايات +خزانة معدنية +رفوف معدنية +حاوية نفايات ...............,,"التاريخ: 28/02/1448
الموافق: 12/08/2026",12/08/2026,"التاريخ: 29/02/1448
الموافق: 13/08/2026",13/08/2026,,لا يوجد,داخل المملكة,
1091406,2026-08-15T19:52:26.414685+00:00,0.00,توريد قطع غيار آلات ومعدات فرع الوزارة بمنطقة الحدود الشمالية,,"التاريخ: 03/03/1448
الموافق: 16/08/2026",16/08/2026,"التاريخ: 14/03/1448
الموافق: 27/08/2026",27/08/2026,,لا يوجد,داخل المملكة,
1091412,2026-08-15T21:20:19.435347+00:00,0.00,تامين وتوريد قطع غيار شامل التوضيب والتركيب لزوم بعض سيارات الإمارة,,"التاريخ: 14/02/1448
الموافق: 29/07/2026",29/07/2026,"التاريخ: 15/02/1448
الموافق: 30/07/2026",30/07/2026,,لا يوجد,داخل المملكة,
1091415,2026-08-15T18:36:38.857163+00:00,0.00,توريد وتركيب حواجز أمنية في منطقة وقوف سيارات الإسعاف بمستشفى الملك عبدالعزيز بالأحساء التابع للشؤون الصحية بوزارة الحرس الوطني,,"التاريخ: 18/03/1448
الموافق: 31/08/2026",31/08/2026,"التاريخ: 01/04/1448
الموافق: 13/09/2026",13/09/2026,,لا يوجد,داخل المملكة,
1091417,2026-08-15T19:32:20.910709+00:00,1000.00,الغرض من المنافسة هو القيام بخدمات نظافة مقار عدد من مواقع الإدارات التابعة لأمانة منطقة الرياض في مواقع متفرقة ويشمل ذلك تقديم المواد والمعدات والعمال وجميع ما يلزم لعملية النظافة ولتنفيذ وإتمام الأعمال المبينة وفقاً لشروط العقد ووثائقه.,5,"التاريخ: 16/04/1448
الموافق: 28/09/2026",28/09/2026,"التاريخ: 18/05/1448
الموافق: 29/10/2026",29/10/2026,,امانة منطقة الرياض,داخل المملكة,صيانة المباني
1091420,2026-08-15T21:20:26.751204+00:00,0.00,تامين وتوريد وتركيب إطارات لزوم بعض سيارات الإمارة,,"التاريخ: 14/02/1448
الموافق: 29/07/2026",29/07/2026,"التاريخ: 15/02/1448
الموافق: 30/07/2026",30/07/2026,,لا يوجد,داخل المملكة,
1091422,2026-08-15T21:06:42.176079+00:00,0.00,توفير وقود ديزل للمدينة الطبية بالمنطقة الشرقية,,"التاريخ: 18/02/1448
الموافق: 02/08/2026",02/08/2026,"التاريخ: 19/02/1448
الموافق: 03/08/2026",03/08/2026,,لا يوجد,داخل المملكة,
1091423,2026-08-15T20:50:41.920293+00:00,0.00,تأمين قطع غيار 4 سيارات التابعة أدارة الشؤون الفنية المركزية بمنطقة نجران,,"التاريخ: 15/02/1448
الموافق: 30/07/2026",30/07/2026,"التاريخ: 16/02/1448
الموافق: 31/07/2026",31/07/2026,,لا يوجد,داخل المملكة,
1091431,2026-08-15T18:46:51.785780+00:00,0.00,توريد كليشة رقمية جلد مقاس 1.5سم×2.5سم مع الملحق لمجمع الملك فهد لطباعة المصحف الشريف بالمدينة المنورة,,"التاريخ: 21/02/1448
الموافق: 05/08/2026",05/08/2026,"التاريخ: 25/02/1448
الموافق: 09/08/2026",09/08/2026,,لا يوجد,داخل المملكة,
1091437,2026-08-15T21:52:30.546637+00:00,0.00,تأمين احتياج وزارة الحرس الوطني بسعر عادل,,"التاريخ: 18/02/1448
الموافق: 02/08/2026",02/08/2026,"التاريخ: 19/02/1448
الموافق: 03/08/2026",03/08/2026,,لا يوجد,داخل المملكة,
1091440,2026-08-15T20:15:40.820838+00:00,0.00,تامين قطع غيار للأبواب المتعطلة لمبنى النيابة العامة بمحافظة الأحساء,,"التاريخ: 14/02/1448
الموافق: 29/07/2026",29/07/2026,"التاريخ: 15/02/1448
الموافق: 30/07/2026",30/07/2026,,لا يوجد,داخل المملكة,
1091444,2026-08-15T18:51:37.691075+00:00,0.00,ROUND PLASTIC FOOD CONTAINER WITH COVER FOR SALONA,,"التاريخ: 28/02/1448
الموافق: 12/08/2026",12/08/2026,"التاريخ: 29/02/1448
الموافق: 13/08/2026",13/08/2026,,لا يوجد,داخل المملكة,
1091446,2026-08-15T19:22:01.347087+00:00,0.00,توريد وتركيب مجاري الهواء وإنشاء قواعد خرسانية لوحدات التكييف بمستشفى الأمير محمد بن عبد العزيز بالمدينة المنورة التابع للشؤون الصحية بوزارة الحرس الوطني.,,"التاريخ: 10/03/1448
الموافق: 23/08/2026",23/08/2026,"التاريخ: 14/03/1448
الموافق: 27/08/2026",27/08/2026,,لا يوجد,داخل المملكة,
1091448,2026-08-15T19:35:38.520085+00:00,0.00,SAFETY SHOES HARD WORK SH200 SIZE 39-46            .,,"التاريخ: 25/02/1448
الموافق: 09/08/2026",09/08/2026,"التاريخ: 26/02/1448
الموافق: 10/08/2026",10/08/2026,,لا يوجد,داخل المملكة,
1091449,2026-08-15T21:52:36.470167+00:00,0.00,تأمين احتياج وزارة الحرس الوطني بسعر عادل,,"التاريخ: 19/02/1448
الموافق: 03/08/2026",03/08/2026,"التاريخ: 20/02/1448
الموافق: 04/08/2026",04/08/2026,,لا يوجد,داخل المملكة,
1091455,2026-08-15T18:30:44.031484+00:00,0.00,توريد وتركيب وصيانة وتشغيل المشاتل الزراعية بقسم الإدارة الهندسية والأشغال بجدة,,"التاريخ: 22/02/1448
الموافق: 06/08/2026",06/08/2026,"التاريخ: 29/02/1448
الموافق: 13/08/2026",13/08/2026,,لا يوجد,داخل المملكة,
1091476,2026-08-15T20:19:06.052451+00:00,0.00,KR1600 توريد مواد ولوازم بحثية خاصة بالمشروع البحثي NRR24/099/9 خاص بمركز الملك عبدالله العالمي للابحاث الطبية بالرياض,,"التاريخ: 14/03/1448
الموافق: 27/08/2026",27/08/2026,"التاريخ: 24/03/1448
الموافق: 06/09/2026",06/09/2026,,لا يوجد,داخل المملكة,
1091481,2026-08-15T19:19:29.799140+00:00,0.00,KR1604 توريد مواد ولوازم بحثية خاصة بالمشروع البحثي NRR24/107/9 خاص بمركز الملك عبدالله العالمي للابحاث الطبية بالرياض,,"التاريخ: 14/03/1448
الموافق: 27/08/2026",27/08/2026,"التاريخ: 24/03/1448
الموافق: 06/09/2026",06/09/2026,,لا يوجد,داخل المملكة,
1091485,2026-08-15T21:38:22.192227+00:00,0.00,مشروع تقييم الحالة الإنشائية لمنشآت القوة 30 برفحاء  ....................................,,"التاريخ: 22/02/1448
الموافق: 06/08/2026",06/08/2026,"التاريخ: 29/02/1448
الموافق: 13/08/2026",13/08/2026,,لا يوجد,داخل المملكة,
1091488,2026-08-15T20:50:49.160753+00:00,0.00,توريد مستلزمات قسم التكيف بمستشفى الأمير منصور العسكري حسب جدول الكميات المرفقة,,"التاريخ: 20/02/1448
الموافق: 04/08/2026",04/08/2026,"التاريخ: 22/02/1448
الموافق: 06/08/2026",06/08/2026,,لا يوجد,داخل المملكة,
1091490,2026-08-15T21:38:31.080114+00:00,0.00,قطع غيار وأعمال صيانة لآليات ومعدات تابعة لمديرية الدفاع المدني بمنطقة الرياض الإدارة الشؤون الفنية المركزية,,"التاريخ: 13/02/1448
الموافق: 28/07/2026",28/07/2026,"التاريخ: 14/02/1448
الموافق: 29/07/2026",29/07/2026,,لا يوجد,داخل المملكة,
1091491,2026-08-15T21:28:30.572266+00:00,0.00,توريد مستلزمات كهربائية للمستودعات المركزية بمستشفى الأمير منصور العسكري حسب جدول المرفق,,"التاريخ: 21/02/1448
الموافق: 05/08/2026",05/08/2026,"التاريخ: 22/02/1448
الموافق: 06/08/2026",06/08/2026,,لا يوجد,داخل المملكة,
1091492,2026-08-15T21:38:39.489457+00:00,0.00,قطع غيار وأعمال صيانة لآليات ومعدات تابعة لمديرية الدفاع المدني بمنطقة الرياض الإدارة الشؤون الفنية المركزية,,"التاريخ: 13/02/1448
الموافق: 28/07/2026",28/07/2026,"التاريخ: 14/02/1448
الموافق: 29/07/2026",29/07/2026,,لا يوجد,داخل المملكة,
1091493,2026-08-15T21:38:47.817885+00:00,0.00,قطع غيار وأعمال صيانة لآليات ومعدات تابعة لمديرية الدفاع المدني بمنطقة الرياض الإدارة الشؤون الفنية المركزية,,"التاريخ: 13/02/1448
الموافق: 28/07/2026",28/07/2026,"التاريخ: 14/02/1448
الموافق: 29/07/2026",29/07/2026,,لا يوجد,داخل المملكة,
1091503,2026-08-15T18:24:51.543947+00:00,500.00,تأمين قطع غيار وصيانة المعدات والسيارات لبلدية محافظة عيون الجواء,5,"التاريخ: 03/03/1448
الموافق: 16/08/2026",16/08/2026,"التاريخ: 05/03/1448
الموافق: 18/08/2026",18/08/2026,,بلدية محافظة عيون الجواء,داخل المملكة,
1091509,2026-08-15T19:02:27.694453+00:00,500.00,توريد وتركيب قطع غيار للمركبات التابعة لفرع الوزارة بمنطقة تبوك,5,"التاريخ: 21/03/1448
الموافق: 03/09/2026",03/09/2026,"التاريخ: 26/04/1448
الموافق: 08/10/2026",08/10/2026,,يتم فتح المظاريف الكترونياً عبر بوابة المشتريات الحكومية,داخل المملكة,
1091518,2026-08-15T21:20:32.315159+00:00,0.00,توريد قطع غيار لسفن جلالة الملك لمركز التموين البحري بالأسطول الشرقي,,"التاريخ: 14/02/1448
الموافق: 29/07/2026",29/07/2026,"التاريخ: 15/02/1448
الموافق: 30/07/2026",30/07/2026,,لا يوجد,داخل المملكة,
1091519,2026-08-15T18:51:44.828861+00:00,0.00,التعاقد مع مكتب استشاري للخدمات الاكتوارية لهيئة المساحة الجيولوجية السعودية,,"التاريخ: 20/02/1448
الموافق: 04/08/2026",04/08/2026,"التاريخ: 22/02/1448
الموافق: 06/08/2026",06/08/2026,,لا يوجد,داخل المملكة,
1091521,2026-08-15T20:00:14.363763+00:00,0.00,عمل الصيانة الوقائية للمضخات وشبكة مرشات مكافحة الحريق حسب متطلبات لجان اعتماد المنشآت الصحية وذلك لضمان استمرارية عمل النظام في مركز العيادات الخارجية بينبع التابع للشؤون الصحية بوزارة الحرس الوطني.,,"التاريخ: 19/03/1448
الموافق: 01/09/2026",01/09/2026,"التاريخ: 21/05/1448
الموافق: 01/11/2026",01/11/2026,,لا يوجد,داخل المملكة,
1091523,2026-08-15T19:32:27.818307+00:00,0.00,توريد زي رسمي أمني (حسب المرفقات) لإدارة الأمن والسلامة بجامعة الملك سعود بن عبدالعزيز للعلوم الصحية بجدة,,"التاريخ: 10/03/1448
الموافق: 23/08/2026",23/08/2026,"التاريخ: 30/05/1448
الموافق: 10/11/2026",10/11/2026,,لا يوجد,داخل المملكة,
1091525,2026-08-15T20:27:24.297089+00:00,0.00,توريد وتركيب مضخات مياه بسبب انقطاع المياه المتكرر عن القيادة بحرس الحدود بمنطقة المدينة المنورة - ينبع,,"التاريخ: 15/02/1448
الموافق: 30/07/2026",30/07/2026,"التاريخ: 18/02/1448
الموافق: 02/08/2026",02/08/2026,,لا يوجد,داخل المملكة,
1091531,2026-08-15T20:30:52.002184+00:00,0.00,حاجة صيانة قوة مراكز تنصاب لمكينة بنشر وماطور هواء ودريل صنفرة إطارات,,"التاريخ: 09/03/1448
الموافق: 22/08/2026",22/08/2026,"التاريخ: 10/03/1448
الموافق: 23/08/2026",23/08/2026,,لا يوجد,داخل المملكة,
1091536,2026-08-15T19:11:02.747408+00:00,0.00,توريد وتركيب مظلات معدنية لأحد المواقع التابعة لهذه الرئاسة.,5,"التاريخ: 10/03/1448
الموافق: 23/08/2026",23/08/2026,"التاريخ: 24/03/1448
الموافق: 06/09/2026",06/09/2026,,الرياض,داخل المملكة,
1091542,2026-08-15T20:12:08.995220+00:00,0.00,AR26620029 توريد قطع غيار للاليات ادارة الدفاع المدني برفحاء,,"التاريخ: 20/02/1448
الموافق: 04/08/2026",04/08/2026,"التاريخ: 22/02/1448
الموافق: 06/08/2026",06/08/2026,,لا يوجد,داخل المملكة,
1091543,2026-08-15T20:12:13.684529+00:00,0.00,AR26620030 توريد قطع غيار لاليات الدفاع المدني برفحاء,,"التاريخ: 20/02/1448
الموافق: 04/08/2026",04/08/2026,"التاريخ: 22/02/1448
الموافق: 06/08/2026",06/08/2026,,لا يوجد,داخل المملكة,
1091548,2026-08-15T19:32:34.594089+00:00,0.00,توريد مبيدات زراعية وبيئية لبدية الهياثم,5,"التاريخ: 26/02/1448
الموافق: 10/08/2026",10/08/2026,"التاريخ: 03/03/1448
الموافق: 16/08/2026",16/08/2026,,بلدية الهياثم الشئون المالية,داخل المملكة,
1091550,2026-08-15T19:43:41.470185+00:00,0.00,توريد و تركيب قطع غيار الأنذار و الأطفاء بمبنى النيابة العامة بمحافظة الأحساء,,"التاريخ: 14/02/1448
الموافق: 29/07/2026",29/07/2026,"التاريخ: 15/02/1448
الموافق: 30/07/2026",30/07/2026,,لا يوجد,داخل المملكة,
1091552,2026-08-15T19:02:35.567168+00:00,1000.00,صيانة الطرق المتهالكة ببلدية مدركة 2026م,5,"التاريخ: 12/03/1448
الموافق: 25/08/2026",25/08/2026,"التاريخ: 19/03/1448
الموافق: 01/09/2026",01/09/2026,,مقر البلدية إلكترونيا عبر منصة اعتماد,داخل المملكة,
1091557,2026-08-15T19:02:40.588222+00:00,1000.00,صيانة أعمدة الإنارة والدهانات الأرضية ببلدية مدركة 2026م,5,"التاريخ: 12/03/1448
الموافق: 25/08/2026",25/08/2026,"التاريخ: 19/03/1448
الموافق: 01/09/2026",01/09/2026,,مقر البلدية إلكترونيا عبر منصة اعتماد,داخل المملكة,
1091578,2026-08-15T20:12:20.591180+00:00,0.00,تأمين وتوريد قطع غيار أستهلاكية للآليات التابعة لقوة أمن المنشآت بمنطقة مكة المكرمة طلب رقم (10),,"التاريخ: 19/02/1448
الموافق: 03/08/2026",03/08/2026,"التاريخ: 20/02/1448
الموافق: 04/08/2026",04/08/2026,,لا يوجد,داخل المملكة,"صيانة وتشغيل الأعمال الميكانيكيـة, الأعمال الميكانيكية"
1091583,2026-08-15T20:30:58.034942+00:00,0.00,KR1586 توريد مواد ولوازم بحثية خاصة بالمشروع البحثي NRR24/107/9 خاص بمركز الملك عبدالله العالمي للابحاث الطبية بالرياض,,"التاريخ: 12/03/1448
الموافق: 25/08/2026",25/08/2026,"التاريخ: 23/03/1448
الموافق: 05/09/2026",05/09/2026,,لا يوجد,داخل المملكة,
1091585,2026-08-15T19:50:51.914236+00:00,0.00,أعمال إصلاح وصيانة في بعض المباني التابعة لمديرية الدفاع المدني بمنطقة الرياض,,"التاريخ: 20/02/1448
الموافق: 04/08/2026",04/08/2026,"التاريخ: 25/02/1448
الموافق: 09/08/2026",09/08/2026,,لا يوجد,داخل المملكة,"صيانة المباني, المبـــاني"
1091588,2026-08-15T20:12:26.974060+00:00,0.00,KR1607 توريد مواد ولوازم بحثية خاصة بالمشروع البحثي NRR24/100/9 خاص بمركز الملك عبدالله العالمي للابحاث الطبية بالرياض,,"التاريخ: 12/03/1448
الموافق: 25/08/2026",25/08/2026,"التاريخ: 13/03/1448
الموافق: 26/08/2026",26/08/2026,,لا يوجد,داخل المملكة,
1091605,2026-08-15T19:09:13.374666+00:00,5000.00,صيانة مداخل الهجر ( الجوية والدغيمية ) بمحافظة بقيق ـــ بلدية محافظة بقيق,7,"التاريخ: 26/04/1448
الموافق: 08/10/2026",08/10/2026,"التاريخ: 07/05/1448
الموافق: 18/10/2026",18/10/2026,,بلدية محافظة بقيق,داخل المملكة,
1091611,2026-08-15T19:23:53.447627+00:00,500.00,توريد وتركيب تجهيزات مطابخ لتشغيل مبنى قيادة الحج بالعاصمة المقدسة ( المبنى الجديد) ـ,5,"التاريخ: 09/05/1448
الموافق: 20/10/2026",20/10/2026,"التاريخ: 23/05/1448
الموافق: 03/11/2026",03/11/2026,,المديرية العامة للدفاع المدني طريق الدمام مبنى J الدور الاول,داخل المملكة,
1091625,2026-08-15T20:19:13.475064+00:00,0.00,تأمين مستلزمات وأجهزة طبية وقطع غيار لمركز الأمير سلطان لمعالجة أمراض وجراحة القلب,,"التاريخ: 21/02/1448
الموافق: 05/08/2026",05/08/2026,"التاريخ: 22/02/1448
الموافق: 06/08/2026",06/08/2026,,لا يوجد,داخل المملكة,
1091629,2026-08-15T21:20:39.993328+00:00,0.00,نقل وتأمين المياه العذبة لمحطة إرسال القران الكريم بمكة المكرمة,,"التاريخ: 12/03/1448
الموافق: 25/08/2026",25/08/2026,"التاريخ: 13/03/1448
الموافق: 26/08/2026",26/08/2026,,لا يوجد,داخل المملكة,
1091633,2026-08-15T21:20:46.652001+00:00,0.00,نقل وتأمين المياه العذبة لمحطة الإرسال الإذاعي بالأفلاج,,"التاريخ: 11/03/1448
الموافق: 24/08/2026",24/08/2026,"التاريخ: 12/03/1448
الموافق: 25/08/2026",25/08/2026,,لا يوجد,داخل المملكة,
1091649,2026-08-15T20:27:31.489000+00:00,0.00,إعادة تأهيل سقف مبنى الإتصالات بالمجموعة الخامسة بالشرقية,,"التاريخ: 22/02/1448
الموافق: 06/08/2026",06/08/2026,"التاريخ: 29/02/1448
الموافق: 13/08/2026",13/08/2026,,لا يوجد,داخل المملكة,
1091665,2026-08-15T19:50:56.599156+00:00,0.00,تأمين أصناف للاحتفال باليوم الوطني ٩٦ لقوة أمن المنشآت بمنطقة جازان,,"التاريخ: 03/03/1448
الموافق: 16/08/2026",16/08/2026,"التاريخ: 09/04/1448
الموافق: 21/09/2026",21/09/2026,,لا يوجد,داخل المملكة,
1091679,2026-08-15T19:43:49.955405+00:00,0.00,تجديد الاشتراك لبرنامج مقم لإدارة مدينة الملك عبد العزيز العسكرية تبوك,,"التاريخ: 15/02/1448
الموافق: 30/07/2026",30/07/2026,"التاريخ: 18/02/1448
الموافق: 02/08/2026",02/08/2026,,لا يوجد,داخل المملكة,
1091681,2026-08-15T19:02:47.503061+00:00,500.00,مشروع طباعة وتوريد تقويم أم القرى لعام 1449هـ,5,"التاريخ: 04/04/1448
الموافق: 16/09/2026",16/09/2026,"التاريخ: 11/04/1448
الموافق: 23/09/2026",23/09/2026,,منصة اعتماد,داخل المملكة,
1091685,2026-08-15T21:08:41.310617+00:00,0.00,رفع جاهزية الوسائط البحرية التابعة لمنطقة جازان,,"التاريخ: 27/02/1448
الموافق: 11/08/2026",11/08/2026,"التاريخ: 28/02/1448
الموافق: 12/08/2026",12/08/2026,,لا يوجد,داخل المملكة,
1091687,2026-08-15T21:08:49.309075+00:00,0.00,رفع جاهزية الوسائط البحرية التابعة لمنطقة جازان,,"التاريخ: 27/02/1448
الموافق: 11/08/2026",11/08/2026,"التاريخ: 28/02/1448
الموافق: 12/08/2026",12/08/2026,,لا يوجد,داخل المملكة,
1091690,2026-08-15T21:08:55.867313+00:00,0.00,رفع جاهزية الوسائط البحرية التابعة لمنطقة جازان,,"التاريخ: 27/02/1448
الموافق: 11/08/2026",11/08/2026,"التاريخ: 28/02/1448
الموافق: 12/08/2026",12/08/2026,,لا يوجد,داخل المملكة,
1091704,2026-08-15T19:32:40.937867+00:00,0.00,اقامة الاحتفال باليوم الوطني السعودي (96) للقوات البحرية بمنطقة الشرقية .,5,"التاريخ: 25/02/1448
الموافق: 09/08/2026",09/08/2026,"التاريخ: 29/02/1448
الموافق: 13/08/2026",13/08/2026,,كلية الملك فهد البحرية,داخل المملكة,
1091732,2026-08-15T19:32:47.457115+00:00,0.00,إصلاح الطرق الرئيسية بالقوة حسب المواصفات الفنية المطلوبة,5,"التاريخ: 03/03/1448
الموافق: 16/08/2026",16/08/2026,"التاريخ: 17/03/1448
الموافق: 30/08/2026",30/08/2026,,من خلال البوابة الإلكترونية,داخل المملكة,"الطــــرق, السفلته"
1091739,2026-08-15T21:20:54.033496+00:00,0.00,أعمال إصلاح وصيانة لبعض مباني الدفاع المدني بمنطقة الجوف,,"التاريخ: 13/02/1448
الموافق: 28/07/2026",28/07/2026,"التاريخ: 14/02/1448
الموافق: 29/07/2026",29/07/2026,,لا يوجد,داخل المملكة,"صيانة المباني, المبـــاني"
1091742,2026-08-15T20:00:21.799953+00:00,0.00,"ELECTRICAL SPARE PART SF6 Density Gauge, GM216HD",,"التاريخ: 19/02/1448
الموافق: 03/08/2026",03/08/2026,"التاريخ: 20/02/1448
الموافق: 04/08/2026",04/08/2026,,لا يوجد,داخل المملكة,
1091743,2026-08-15T18:46:58.064528+00:00,0.00,"Operating Room Soap pump, (NME type 1 series) ED100%, 24V 60Hz 16W, Inlet / outlet – hose connection, Body material: PA66/POM/PPS",,"التاريخ: 25/02/1448
الموافق: 09/08/2026",09/08/2026,"التاريخ: 26/02/1448
الموافق: 10/08/2026",10/08/2026,,لا يوجد,داخل المملكة,
1091744,2026-08-15T20:00:28.760921+00:00,0.00,"Cart with 3 Trays and 2 Drawers, MRI Compatible, CAT# 10010016",,"التاريخ: 19/02/1448
الموافق: 03/08/2026",03/08/2026,"التاريخ: 20/02/1448
الموافق: 04/08/2026",04/08/2026,,لا يوجد,داخل المملكة,
1091745,2026-08-15T19:13:14.431052+00:00,0.00,لإستخدام إدارة السلامة - راوتر محمول الجيل الخامس KM - 167991,,"التاريخ: 19/03/1448
الموافق: 01/09/2026",01/09/2026,"التاريخ: 19/04/1448
الموافق: 01/10/2026",01/10/2026,,لا يوجد,داخل المملكة,
1091747,2026-08-15T20:00:37.031493+00:00,0.00,FILTER CARTRIDGE 10 MICRON USED ON HAEMODIALYSIS REVERSE OSMOSIS PLANT AND RADIOLOGY 60 EA/BOX AND ISKAN CLINIC,,"التاريخ: 19/02/1448
الموافق: 03/08/2026",03/08/2026,"التاريخ: 20/02/1448
الموافق: 04/08/2026",04/08/2026,,لا يوجد,داخل المملكة,
1091748,2026-08-15T20:00:45.058109+00:00,0.00,TAPE TEFLON SIZE 12 METERS LONG X 12MM WIDTH X .075 THICKNESS OR EQUAL USED ON MECHANICAL AND PLUMBING,,"التاريخ: 19/02/1448
الموافق: 03/08/2026",03/08/2026,"التاريخ: 20/02/1448
الموافق: 04/08/2026",04/08/2026,,لا يوجد,داخل المملكة,
1091749,2026-08-15T19:13:21.804561+00:00,0.00,supply Spare Part for Fire Alarm System CIBAHI Requirement,,"التاريخ: 19/03/1448
الموافق: 01/09/2026",01/09/2026,"التاريخ: 19/04/1448
الموافق: 01/10/2026",01/10/2026,,لا يوجد,داخل المملكة,
1091750,2026-08-15T20:00:52.762351+00:00,0.00,GOWN PATIENT OPERATING MALE LIGHT BLUE SMALL FRONT RIGHT SIDE OPENING ALTERNATE FABRIC BUTTON/VELCRO CLOSURE SLEEVES LONG WIDE OPENING FROM WRIST TO NECK BUTTON & VELCRO CLOSURE W/BREAST POCKET RIGHT SIDE SINGLE,,"التاريخ: 19/02/1448
الموافق: 03/08/2026",03/08/2026,"التاريخ: 20/02/1448
الموافق: 04/08/2026",04/08/2026,,لا يوجد,داخل المملكة,
1091752,2026-08-15T20:01:00.877548+00:00,0.00,PAJAMA SUIT JACKET MALE SKYBLUE MEDIUM STUD FASTENING ELASTIC WAIST TROUSERS POLYESTER/COTTON 65/35%,,"التاريخ: 19/02/1448
الموافق: 03/08/2026",03/08/2026,"التاريخ: 20/02/1448
الموافق: 04/08/2026",04/08/2026,,لا يوجد,داخل المملكة,
1091753,2026-08-15T20:50:56.121344+00:00,0.00,CLING FILM 12 INCH WIDE 100 MTR ROLL BULK,,"التاريخ: 15/02/1448
الموافق: 30/07/2026",30/07/2026,"التاريخ: 18/02/1448
الموافق: 02/08/2026",02/08/2026,,لا يوجد,داخل المملكة,
1091772,2026-08-15T21:09:01.969770+00:00,0.00,رفع جاهزية الوساىط البحريه التابعه للمنطقة جازان,,"التاريخ: 27/02/1448
الموافق: 11/08/2026",11/08/2026,"التاريخ: 28/02/1448
الموافق: 12/08/2026",12/08/2026,,لا يوجد,داخل المملكة,
1091774,2026-08-15T20:51:02.245549+00:00,0.00,أعمال اصلاح وصيانة لبعض مباني الدفاع المدني بمنطقة نجران  ( مركز الشرفة – مركز شرق أبو ثامر – مركز أبا السعود ) .,,"التاريخ: 15/02/1448
الموافق: 30/07/2026",30/07/2026,"التاريخ: 18/02/1448
الموافق: 02/08/2026",02/08/2026,,لا يوجد,داخل المملكة,"صيانة المباني, المبـــاني"
1091777,2026-08-15T21:21:00.566068+00:00,0.00,توريد كيابل كهرباء وقواطع تيار لمكتب الإدارة الهندسية والأشغال بجازان,,"التاريخ: 15/02/1448
الموافق: 30/07/2026",30/07/2026,"التاريخ: 18/02/1448
الموافق: 02/08/2026",02/08/2026,,لا يوجد,داخل المملكة,
1091780,2026-08-15T18:51:51.710255+00:00,0.00,قطع غيار وطقم اصلاح معدة لمنظومة انتاج رأس الخير 60020812 الساحل الشرقي,5,"التاريخ: 28/03/1448
الموافق: 10/09/2026",10/09/2026,"التاريخ: 29/04/1448
الموافق: 11/10/2026",11/10/2026,,المؤسسسة العامة لتحلية المياه المالحة الرياض  المركز الرئيسي إدارة المشتريات الدور الرابع مكتب 18   الدور الرابع مكتب 18  يمكنكم تقديم صورة منه في منصة اعتماد,داخل المملكة,
1091781,2026-08-15T18:51:57.886066+00:00,0.00,توريد صمامات لمنظومة انتاج رأس الخير 60020813 الساحل الشرقي,5,"التاريخ: 28/03/1448
الموافق: 10/09/2026",10/09/2026,"التاريخ: 26/04/1448
الموافق: 08/10/2026",08/10/2026,,المؤسسسة العامة لتحلية المياه المالحة الرياض  المركز الرئيسي إدارة المشتريات الدور الرابع مكتب 18   الدور الرابع مكتب 18  يمكنكم تقديم صورة منه في منصة اعتماد,داخل المملكة,
1091782,2026-08-15T20:27:37.773036+00:00,0.00,إعادة تأهيل نظام التكييف والتهوية بمحطة رفع مياه الصرف الصحي بالمنطقة التعليمية,,"التاريخ: 18/02/1448
الموافق: 02/08/2026",02/08/2026,"التاريخ: 20/02/1448
الموافق: 04/08/2026",04/08/2026,,لا يوجد,داخل المملكة,
1091793,2026-08-15T19:52:31.884280+00:00,0.00,تأمين قطع غيار سيارات فرع الوزارة بمنطقة الحدود الشمالية,,"التاريخ: 10/03/1448
الموافق: 23/08/2026",23/08/2026,"التاريخ: 17/03/1448
الموافق: 30/08/2026",30/08/2026,,لا يوجد,داخل المملكة,
1091795,2026-08-15T20:31:03.419591+00:00,0.00,توريد كوالين لفرع الادارة الهندسية والاشغال بالوسطى,,"التاريخ: 19/02/1448
الموافق: 03/08/2026",03/08/2026,"التاريخ: 20/02/1448
الموافق: 04/08/2026",04/08/2026,,لا يوجد,داخل المملكة,
1091802,2026-08-15T21:21:05.990082+00:00,0.00,توريد وتركيب طرمبات لمضخات الوقود ....................................,,"التاريخ: 22/02/1448
الموافق: 06/08/2026",06/08/2026,"التاريخ: 29/02/1448
الموافق: 13/08/2026",13/08/2026,,لا يوجد,داخل المملكة,
1091841,2026-08-15T21:06:48.800559+00:00,0.00,تأمين المياه المحلاه على صهاريج حرس الحدود بقيادة حرس الحدود بمنطقة عسير,,"التاريخ: 18/02/1448
الموافق: 02/08/2026",02/08/2026,"التاريخ: 19/02/1448
الموافق: 03/08/2026",03/08/2026,,لا يوجد,داخل المملكة,
1091844,2026-08-15T21:06:57.029108+00:00,0.00,حاجة فرع الوزارة بمنطقة جازان لتنفيذ ملتقى المراقبين الأول ضمن مبادرة مواكبون لعام 2026م,,"التاريخ: 15/02/1448
الموافق: 30/07/2026",30/07/2026,"التاريخ: 18/02/1448
الموافق: 02/08/2026",02/08/2026,,لا يوجد,داخل المملكة,
1091847,2026-08-15T20:51:07.660767+00:00,0.00,توريد مواد  لصالح مدينة الملك عبدالعزيز الطبية بجدة,,"التاريخ: 27/10/1448
الموافق: 04/04/2027",04/04/2027,"التاريخ: 01/11/1448
الموافق: 07/04/2027",07/04/2027,,لا يوجد,داخل المملكة,
1091849,2026-08-15T20:31:10.464369+00:00,0.00,توريد مواد  لصالح مدينة الملك عبدالعزيز الطبية بجدة,,"التاريخ: 27/10/1448
الموافق: 04/04/2027",04/04/2027,"التاريخ: 01/11/1448
الموافق: 07/04/2027",07/04/2027,,لا يوجد,داخل المملكة,
1091853,2026-08-15T20:31:19.076226+00:00,0.00,توريد مواد  لصالح مدينة الملك عبدالعزيز الطبية بجدة,,"التاريخ: 27/10/1448
الموافق: 04/04/2027",04/04/2027,"التاريخ: 01/11/1448
الموافق: 07/04/2027",07/04/2027,,لا يوجد,داخل المملكة,
1091854,2026-08-15T20:31:26.712319+00:00,0.00,توريد مواد  لصالح مدينة الملك عبدالعزيز الطبية بجدة,,"التاريخ: 27/10/1448
الموافق: 04/04/2027",04/04/2027,"التاريخ: 01/11/1448
الموافق: 07/04/2027",07/04/2027,,لا يوجد,داخل المملكة,
1091856,2026-08-15T18:52:03.541349+00:00,0.00,اقامه فعاليات لحاجة ادارة العلاقات و التوجية المعنوي .,,"التاريخ: 05/03/1448
الموافق: 18/08/2026",18/08/2026,"التاريخ: 27/03/1448
الموافق: 09/09/2026",09/09/2026,,لا يوجد,داخل المملكة,
1091859,2026-08-15T18:52:10.642201+00:00,200.00,يشمل نطاق عمل المشروع توريد وتركيب وتفعيل ودعم البرامج الهندسية المدرجة في جدول الكميات ونطاق عمل المشروع.,5,"التاريخ: 16/03/1448
الموافق: 29/08/2026",29/08/2026,"التاريخ: 19/03/1448
الموافق: 01/09/2026",01/09/2026,,منصة اعتماد,داخل المملكة,
1091861,2026-08-15T18:24:58.840404+00:00,0.00,توريد متطلبات الامن و السلامة لمستشفى القوات المسلحة بالقصيم,,"التاريخ: 18/03/1448
الموافق: 31/08/2026",31/08/2026,"التاريخ: 27/03/1448
الموافق: 09/09/2026",09/09/2026,,لا يوجد,داخل المملكة,
1091878,2026-08-15T20:31:35.644821+00:00,0.00,توفير خدمة الاتصال المرئي الامن (c2),,"التاريخ: 05/03/1448
الموافق: 18/08/2026",18/08/2026,"التاريخ: 02/04/1448
الموافق: 14/09/2026",14/09/2026,,لا يوجد,داخل المملكة,
1091880,2026-08-15T20:42:41.048561+00:00,0.00,صيانة وإصلاح وتوظيب محطة معالجة تنقية المياه,,"التاريخ: 27/02/1448
الموافق: 11/08/2026",11/08/2026,"التاريخ: 28/02/1448
الموافق: 12/08/2026",12/08/2026,,لا يوجد,داخل المملكة,
1091883,2026-08-15T20:42:46.414004+00:00,0.00,ترحيل وإصلاح خزان غاز مبنى التغذية الرئيسي في مستشفى الأمير منصور,,"التاريخ: 27/02/1448
الموافق: 11/08/2026",11/08/2026,"التاريخ: 28/02/1448
الموافق: 12/08/2026",12/08/2026,,لا يوجد,داخل المملكة,
1091884,2026-08-15T19:02:54.485887+00:00,0.00,توريد قطع غيار كهربائية لمنظومة إنتاج رأس الخير الساحل الشرقي 60020815,,"التاريخ: 13/03/1448
الموافق: 26/08/2026",26/08/2026,"التاريخ: 15/04/1448
الموافق: 27/09/2026",27/09/2026,,لا يوجد,داخل المملكة,
1091886,2026-08-15T18:52:18.878467+00:00,0.00,BOX BURGER PLASTIC FOOD CONTAINER WITH COVER                                             .,,"التاريخ: 28/02/1448
الموافق: 12/08/2026",12/08/2026,"التاريخ: 29/02/1448
الموافق: 13/08/2026",13/08/2026,,لا يوجد,داخل المملكة,
1091887,2026-08-15T19:03:02.371642+00:00,0.00,توريد زيوت صناعية لمنظومة إنتاج رأس الخير الساحل الشرقي 60020816,,"التاريخ: 13/03/1448
الموافق: 26/08/2026",26/08/2026,"التاريخ: 15/04/1448
الموافق: 27/09/2026",27/09/2026,,لا يوجد,داخل المملكة,
1091894,2026-08-15T18:25:04.056897+00:00,0.00,توريد واقي كابلات منحدر لمنظومة إنتاج رأس الخير الساحل الشرقي 60020817,,"التاريخ: 13/03/1448
الموافق: 26/08/2026",26/08/2026,"التاريخ: 15/04/1448
الموافق: 27/09/2026",27/09/2026,,لا يوجد,داخل المملكة,
1091906,2026-08-15T20:42:52.975954+00:00,0.00,توريد مواد  لصالح مدينة الملك عبدالعزيز الطبية بجدة,,"التاريخ: 27/10/1448
الموافق: 04/04/2027",04/04/2027,"التاريخ: 01/11/1448
الموافق: 07/04/2027",07/04/2027,,لا يوجد,داخل المملكة,
1091908,2026-08-15T20:43:01.542949+00:00,0.00,توريد مواد  لصالح مدينة الملك عبدالعزيز الطبية بجدة,,"التاريخ: 27/10/1448
الموافق: 04/04/2027",04/04/2027,"التاريخ: 01/11/1448
الموافق: 07/04/2027",07/04/2027,,لا يوجد,داخل المملكة,
1091917,2026-08-15T18:33:26.904753+00:00,0.00,توريد مواد  لصالح مدينة الملك عبدالعزيز الطبية بجدة,,"التاريخ: 27/10/1448
الموافق: 04/04/2027",04/04/2027,"التاريخ: 01/11/1448
الموافق: 07/04/2027",07/04/2027,,لا يوجد,داخل المملكة,
1091920,2026-08-15T20:43:07.602105+00:00,0.00,توريد مواد  لصالح مدينة الملك عبدالعزيز الطبية بجدة,,"التاريخ: 27/10/1448
الموافق: 04/04/2027",04/04/2027,"التاريخ: 01/11/1448
الموافق: 07/04/2027",07/04/2027,,لا يوجد,داخل المملكة,
1091921,2026-08-15T21:07:03.027782+00:00,0.00,توريد وتركيب وتشغيل واختبار ملفات تكثيف لمكيف تشيلر سعة 100 طن بقسم الإدارة الهندسية والأشغال بجدة,,"التاريخ: 22/02/1448
الموافق: 06/08/2026",06/08/2026,"التاريخ: 29/02/1448
الموافق: 13/08/2026",13/08/2026,,لا يوجد,داخل المملكة,
1091922,2026-08-15T20:43:14.298261+00:00,0.00,توريد مواد  لصالح مدينة الملك عبدالعزيز الطبية بجدة,,"التاريخ: 27/10/1448
الموافق: 04/04/2027",04/04/2027,"التاريخ: 30/11/1448
الموافق: 06/05/2027",06/05/2027,,لا يوجد,داخل المملكة,
1091924,2026-08-15T20:51:13.062306+00:00,0.00,توريد وتركيب سنترال مع الملحقات اللازمة لأحد المواقع التابعة لهذه المديرية بمدينة الرياض,,"التاريخ: 27/02/1448
الموافق: 11/08/2026",11/08/2026,"التاريخ: 28/02/1448
الموافق: 12/08/2026",12/08/2026,,لا يوجد,داخل المملكة,
1091925,2026-08-15T20:43:23.091478+00:00,0.00,توريد مواد  لصالح مدينة الملك عبدالعزيز الطبية بجدة,,"التاريخ: 27/10/1448
الموافق: 04/04/2027",04/04/2027,"التاريخ: 01/11/1448
الموافق: 07/04/2027",07/04/2027,,لا يوجد,داخل المملكة,
1091926,2026-08-15T18:33:34.005250+00:00,0.00,توريد مواد  لصالح مدينة الملك عبدالعزيز الطبية بجدة,,"التاريخ: 27/10/1448
الموافق: 04/04/2027",04/04/2027,"التاريخ: 01/11/1448
الموافق: 07/04/2027",07/04/2027,,لا يوجد,داخل المملكة,
1091932,2026-08-15T19:23:59.500093+00:00,0.00,تامين واصلاح  وتركيب قطع غيار لسيارة من نوع تويوتا جيب فورتشنر موديل 2019 لمكافحة المخدرات بمنطقة عسير,,"التاريخ: 25/02/1448
الموافق: 09/08/2026",09/08/2026,"التاريخ: 26/02/1448
الموافق: 10/08/2026",10/08/2026,,لا يوجد,داخل المملكة,
1091934,2026-08-15T20:51:19.815611+00:00,0.00,أعمال إصلاح جزء من السور الخارجي باحد المباني التابعة لهذه المديرية,,"التاريخ: 25/02/1448
الموافق: 09/08/2026",09/08/2026,"التاريخ: 26/02/1448
الموافق: 10/08/2026",10/08/2026,,لا يوجد,داخل المملكة,
1091938,2026-08-15T19:39:20.319934+00:00,0.00,تأمين وتوريد فلاتر للآليات الفنية التابعة للإدارات الخارجية لمديرية الدفاع المدني بمنطقة الرياض,,"التاريخ: 25/02/1448
الموافق: 09/08/2026",09/08/2026,"التاريخ: 26/02/1448
الموافق: 10/08/2026",10/08/2026,,لا يوجد,داخل المملكة,"صيانة وتشغيل الأعمال الميكانيكيـة, الأعمال الميكانيكية"
1091939,2026-08-15T20:43:28.771664+00:00,0.00,توريد مواد  لصالح مدينة الملك عبدالعزيز الطبية بجدة,,"التاريخ: 27/10/1448
الموافق: 04/04/2027",04/04/2027,"التاريخ: 01/11/1448
الموافق: 07/04/2027",07/04/2027,,لا يوجد,داخل المملكة,
1091940,2026-08-15T20:51:25.610564+00:00,0.00,اعمال تمديد وربط شبكة الصرف الصحي باحد المواقع التابعة لهذه المديرية,,"التاريخ: 25/02/1448
الموافق: 09/08/2026",09/08/2026,"التاريخ: 26/02/1448
الموافق: 10/08/2026",10/08/2026,,لا يوجد,داخل المملكة,
1091942,2026-08-15T19:24:06.114351+00:00,0.00,تأمين وتوريد فلاتر للمركبات الادارية  التابعة للإدارات الخارجية لمديرية الدفاع المدني بمنطقة الرياض,,"التاريخ: 26/02/1448
الموافق: 10/08/2026",10/08/2026,"التاريخ: 27/02/1448
الموافق: 11/08/2026",11/08/2026,,لا يوجد,داخل المملكة,"صيانة وتشغيل الأعمال الميكانيكيـة, الأعمال الميكانيكية"
1091943,2026-08-15T20:27:44.329876+00:00,0.00,توريد وتركيب مكيفات كاسيت لعدد من المواقع التابعة لهذه المديرية,,"التاريخ: 18/02/1448
الموافق: 02/08/2026",02/08/2026,"التاريخ: 19/02/1448
الموافق: 03/08/2026",03/08/2026,,لا يوجد,داخل المملكة,
1091945,2026-08-15T20:43:35.809872+00:00,0.00,توريد مواد  لصالح مدينة الملك عبدالعزيز الطبية بجدة,,"التاريخ: 27/10/1448
الموافق: 04/04/2027",04/04/2027,"التاريخ: 01/11/1448
الموافق: 07/04/2027",07/04/2027,,لا يوجد,داخل المملكة,
1091946,2026-08-15T20:31:41.365220+00:00,0.00,توريد مواد  لصالح مدينة الملك عبدالعزيز الطبية بجدة,,"التاريخ: 27/10/1448
الموافق: 04/04/2027",04/04/2027,"التاريخ: 01/11/1448
الموافق: 07/04/2027",07/04/2027,,لا يوجد,داخل المملكة,
1091948,2026-08-15T20:19:19.694929+00:00,0.00,توريد مواد  لصالح مدينة الملك عبدالعزيز الطبية بجدة,,"التاريخ: 27/10/1448
الموافق: 04/04/2027",04/04/2027,"التاريخ: 01/11/1448
الموافق: 07/04/2027",07/04/2027,,لا يوجد,داخل المملكة,
1091952,2026-08-15T20:19:27.559063+00:00,0.00,توريد مواد  لصالح مدينة الملك عبدالعزيز الطبية بجدة,,"التاريخ: 27/10/1448
الموافق: 04/04/2027",04/04/2027,"التاريخ: 01/11/1448
الموافق: 07/04/2027",07/04/2027,,لا يوجد,داخل المملكة,
1091956,2026-08-15T20:27:51.131732+00:00,0.00,توريد 1بنزين 91 بلدية حجر,,"التاريخ: 15/02/1448
الموافق: 30/07/2026",30/07/2026,"التاريخ: 18/02/1448
الموافق: 02/08/2026",02/08/2026,,لا يوجد,داخل المملكة,
1091958,2026-08-15T21:07:09.692457+00:00,0.00,توريد 1ديزل لبلدية حجر,,"التاريخ: 15/02/1448
الموافق: 30/07/2026",30/07/2026,"التاريخ: 18/02/1448
الموافق: 02/08/2026",02/08/2026,,لا يوجد,داخل المملكة,
1091966,2026-08-15T20:43:43.731368+00:00,0.00,تأمين قطع غيار و إصلاح اليات حادث مروري التابعة لمديرية المنطقة الشرقية والإدارات التابعة لها و الفروع DM 26 62 0104,,"التاريخ: 19/02/1448
الموافق: 03/08/2026",03/08/2026,"التاريخ: 20/02/1448
الموافق: 04/08/2026",04/08/2026,,لا يوجد,داخل المملكة,
1091969,2026-08-15T19:51:03.198519+00:00,0.00,تأمين وتوريد مياه لإدارة الدفاع المدني بمحافظة العارضة لمدة (12) أشهر,,"التاريخ: 21/02/1448
الموافق: 05/08/2026",05/08/2026,"التاريخ: 25/02/1448
الموافق: 09/08/2026",09/08/2026,,لا يوجد,داخل المملكة,أعمال المياه والصرف الصحي
1091983,2026-08-15T20:31:46.180540+00:00,0.00,نقل وتأمين المياه العذبة لمحطة الإرسال الإذاعي بالأحساء,,"التاريخ: 13/03/1448
الموافق: 26/08/2026",26/08/2026,"التاريخ: 14/03/1448
الموافق: 27/08/2026",27/08/2026,,لا يوجد,داخل المملكة,
1091992,2026-08-15T21:07:18.327207+00:00,0.00,تامين وتوريد متطلبات فرضية المطاردة والاقتحام,,"التاريخ: 26/02/1448
الموافق: 10/08/2026",10/08/2026,"التاريخ: 27/02/1448
الموافق: 11/08/2026",11/08/2026,,لا يوجد,داخل المملكة,
1092000,2026-08-15T19:39:26.639223+00:00,0.00,تأمين نظام كاميرات متكامل لزوم مستشفى الامير سلمان بن محمد بالدلم,,"التاريخ: 29/02/1448
الموافق: 13/08/2026",13/08/2026,"التاريخ: 05/03/1448
الموافق: 18/08/2026",18/08/2026,,لا يوجد,داخل المملكة,
1092003,2026-08-15T20:12:32.969238+00:00,0.00,تأمين أسرة مرافقين لأقسام التنويم لزوم مستشفى الأمير سلمان بن محمد بالدلم,,"التاريخ: 22/02/1448
الموافق: 06/08/2026",06/08/2026,"التاريخ: 29/02/1448
الموافق: 13/08/2026",13/08/2026,,لا يوجد,داخل المملكة,
1092004,2026-08-15T20:12:38.459588+00:00,0.00,تأمين مسارات أرضية لاصقة لزوم مستشفى الأمير سلمان بن محمد بالدلم,,"التاريخ: 29/02/1448
الموافق: 13/08/2026",13/08/2026,"التاريخ: 03/03/1448
الموافق: 16/08/2026",16/08/2026,,لا يوجد,داخل المملكة,
1092007,2026-08-15T20:31:52.035418+00:00,0.00,تأمين ستائر طبية مقاومة للحرائق والبكتيريا لزوم مستشفى الأمير سلمان بن محمد بالدلم,,"التاريخ: 29/02/1448
الموافق: 13/08/2026",13/08/2026,"التاريخ: 03/03/1448
الموافق: 16/08/2026",16/08/2026,,لا يوجد,داخل المملكة,
1092009,2026-08-15T19:39:32.110209+00:00,0.00,تأمين أبواب لزوم مستشفى الأمير سلمان بن محمد بالدلم,,"التاريخ: 17/03/1448
الموافق: 30/08/2026",30/08/2026,"التاريخ: 24/03/1448
الموافق: 06/09/2026",06/09/2026,,لا يوجد,داخل المملكة,
1092010,2026-08-15T20:31:59.146156+00:00,0.00,تأمين كاونترات عمل وكراسي دوارة لزوم مستشفى الأمير سلمان بن محمد بالدلم,,"التاريخ: 21/02/1448
الموافق: 05/08/2026",05/08/2026,"التاريخ: 25/02/1448
الموافق: 09/08/2026",09/08/2026,,لا يوجد,داخل المملكة,
1092012,2026-08-15T20:32:06.366415+00:00,0.00,توريد وإصلاح آلية الدفاع المدني بمحافظة العويقيلة AR26620031,,"التاريخ: 26/02/1448
الموافق: 10/08/2026",10/08/2026,"التاريخ: 27/02/1448
الموافق: 11/08/2026",11/08/2026,,لا يوجد,داخل المملكة,
1092015,2026-08-15T20:43:50.120179+00:00,0.00,تأمين قطع غيار لقوة امن المنشآت بمنطقة جازان,,"التاريخ: 18/02/1448
الموافق: 02/08/2026",02/08/2026,"التاريخ: 19/02/1448
الموافق: 03/08/2026",03/08/2026,,لا يوجد,داخل المملكة,
1092016,2026-08-15T20:32:14.233273+00:00,0.00,نقل وتأمين المياه العذبة لمحطة الإرسال الإذاعي بعفيف,,"التاريخ: 13/03/1448
الموافق: 26/08/2026",26/08/2026,"التاريخ: 14/03/1448
الموافق: 27/08/2026",27/08/2026,,لا يوجد,داخل المملكة,
1092017,2026-08-15T21:07:26.975108+00:00,0.00,كراسة رقم 266276 تامين قطع غيار عدة اليات تابعه عدة ادارات,,"التاريخ: 15/02/1448
الموافق: 30/07/2026",30/07/2026,"التاريخ: 16/02/1448
الموافق: 31/07/2026",31/07/2026,,لا يوجد,داخل المملكة,
1092019,2026-08-15T20:51:32.920535+00:00,0.00,توريد قطع غيار مولدات لحاجة المراكز الحدودية التابعة لقيادة حرس الحدود بمنطقة نجران,,"التاريخ: 22/02/1448
الموافق: 06/08/2026",06/08/2026,"التاريخ: 29/02/1448
الموافق: 13/08/2026",13/08/2026,,لا يوجد,داخل المملكة,
1092022,2026-08-15T20:12:44.136896+00:00,0.00,الحاجه الماسة لطرح أعمال تأهيل وترميم مقر الادارة العامة للتدريب التقني والمهني بجازان,,"التاريخ: 25/02/1448
الموافق: 09/08/2026",09/08/2026,"التاريخ: 10/03/1448
الموافق: 23/08/2026",23/08/2026,,لا يوجد,داخل المملكة,
1092024,2026-08-15T18:36:45.163736+00:00,100.00,صيانه شبكات الرى بالحدائق والشوراع الرئيسية ( بلدية محافظة بيشة ),5,"التاريخ: 15/04/1448
الموافق: 27/09/2026",27/09/2026,"التاريخ: 01/06/1448
الموافق: 11/11/2026",11/11/2026,,بلدية بيشة,داخل المملكة,"صيانة الطرق, شبكات الري للحدائق, إدارة الشوارع"
1092025,2026-08-15T19:51:09.574084+00:00,0.00,ترغب الجامعة السعودية الالكترونية تجديد اشتراك شحن نقاط مقيم,,"التاريخ: 27/02/1448
الموافق: 11/08/2026",11/08/2026,"التاريخ: 05/03/1448
الموافق: 18/08/2026",18/08/2026,,لا يوجد,داخل المملكة,
1092027,2026-08-15T18:36:51.594732+00:00,100.00,صيانه مبني إدارة الازمات والطورئ وغرفة العمليات بقطاع الشرقي (بلدية محافظة بيشة),5,"التاريخ: 15/04/1448
الموافق: 27/09/2026",27/09/2026,"التاريخ: 01/06/1448
الموافق: 11/11/2026",11/11/2026,,بلدية بيشة,داخل المملكة,"صيانة المباني, المبـــاني"
1092028,2026-08-15T18:36:58.520776+00:00,100.00,صيانه حفر الشوراع ومعالجة التشوهات البصرية ( بلدية محافظة بيشة ),5,"التاريخ: 13/04/1448
الموافق: 25/09/2026",25/09/2026,"التاريخ: 01/06/1448
الموافق: 11/11/2026",11/11/2026,,بلدية محافظة بيشة,داخل المملكة,"صيانة الطرق, الطــــرق"
1092033,2026-08-15T21:21:14.576511+00:00,0.00,تأمين اصناف تموينيه لزوم المبنى الرئيسي بالمديرية العامة لحرس الحدود,,"التاريخ: 14/02/1448
الموافق: 29/07/2026",29/07/2026,"التاريخ: 15/02/1448
الموافق: 30/07/2026",30/07/2026,,لا يوجد,داخل المملكة,
1092035,2026-08-15T19:39:38.855267+00:00,0.00,توريد وتركيب ذراع بوابة اوتوماتيكي (بارير) بفرع الإدارة الهندسية والاشغال بالجنوبية,,"التاريخ: 25/02/1448
الموافق: 09/08/2026",09/08/2026,"التاريخ: 03/03/1448
الموافق: 16/08/2026",16/08/2026,,لا يوجد,داخل المملكة,
1092036,2026-08-15T19:03:10.846348+00:00,0.00,تأمين قطع غيار الكترونية طارئة للرادارات الساحلية بقطاع البرك بقيادة حرس الحدود بمنطقة عسير,,"التاريخ: 13/03/1448
الموافق: 26/08/2026",26/08/2026,"التاريخ: 14/03/1448
الموافق: 27/08/2026",27/08/2026,,لا يوجد,داخل المملكة,
1092039,2026-08-15T19:39:44.485452+00:00,0.00,توريد سخانات مياه لفرع الإدارة الهندسية والأشغال بالجنوبية,,"التاريخ: 25/02/1448
الموافق: 09/08/2026",09/08/2026,"التاريخ: 03/03/1448
الموافق: 16/08/2026",16/08/2026,,لا يوجد,داخل المملكة,
1092040,2026-08-15T21:07:34.996993+00:00,0.00,توريد وتركيب بلاطات من الموكيت (مكتب العاصمة المقدسة ، مكتب القصيم) ، ستائر رول يدوية (فرع المدينة المنورة ، مكتب القصيم),,"التاريخ: 25/02/1448
الموافق: 09/08/2026",09/08/2026,"التاريخ: 02/03/1448
الموافق: 15/08/2026",15/08/2026,,لا يوجد,داخل المملكة,
1092055,2026-08-15T18:52:27.809959+00:00,0.00,توريد مياه شرب تحلية لمبنى مديرية الدفاع المدني بمنطقة مكة المكرمة,,"التاريخ: 02/03/1448
الموافق: 15/08/2026",15/08/2026,"التاريخ: 03/03/1448
الموافق: 16/08/2026",16/08/2026,,لا يوجد,داخل المملكة,"صيانة المباني, المبـــاني"
1092057,2026-08-15T18:52:35.922531+00:00,500.00,حفر بئر ارتوازي بمحطة مياه معهد سلاح المدرعات,5,"التاريخ: 28/02/1448
الموافق: 12/08/2026",12/08/2026,"التاريخ: 02/03/1448
الموافق: 15/08/2026",15/08/2026,,ادارة مدينة الملك عبدالعزيز العسكرية بتبوك,داخل المملكة,حفر الآبار
1092058,2026-08-15T18:52:42.173357+00:00,500.00,استئجار ساعات طيران لتأمين تنقلات رئاسة أركان القوات البرية,5,"التاريخ: 01/05/1448
الموافق: 12/10/2026",12/10/2026,"التاريخ: 08/05/1448
الموافق: 19/10/2026",19/10/2026,,المشتريات,داخل المملكة,
1092062,2026-08-15T18:52:50.265089+00:00,0.00,توريدنظام وأجهزة خدمة العملاء،  والتي تتيح متابعة سير العمل بفاعلية، وإصدار تذاكر الخدمة بشكل منظم، إضافةً إلى تمكين الربط المباشر  والمركزي مع الفرع الرئيسي وذلك للخدمة لمقرات  (الوجه وأملج وينبع) و (مكتب ضباء ).,5,"التاريخ: 11/03/1448
الموافق: 24/08/2026",24/08/2026,"التاريخ: 18/03/1448
الموافق: 31/08/2026",31/08/2026,,المقر الرئيسي للبرنامج الوطني للتنمية المجتمعية,داخل المملكة,
1092074,2026-08-15T18:37:06.606551+00:00,0.00,توريد منظف عالي الضغط و مفتاح عزم الدوران لمنظومة انتاج الخفجي الساحل الشرقي 60020824,,"التاريخ: 14/03/1448
الموافق: 27/08/2026",27/08/2026,"التاريخ: 15/04/1448
الموافق: 27/09/2026",27/09/2026,,لا يوجد,داخل المملكة,
1092075,2026-08-15T18:25:08.853312+00:00,0.00,توريد مشبك اصلاح الانابيب لمنظومة انتاج الخفجي الساحل الشرقي 60020825,,"التاريخ: 14/03/1448
الموافق: 27/08/2026",27/08/2026,"التاريخ: 15/04/1448
الموافق: 27/09/2026",27/09/2026,,لا يوجد,داخل المملكة,
1092081,2026-08-15T18:52:57.627968+00:00,1500.00,خدمات إدارة وتشغيل مكتب وأداة البنية المؤسسية,5,"التاريخ: 07/03/1448
الموافق: 20/08/2026",20/08/2026,"التاريخ: 13/03/1448
الموافق: 26/08/2026",26/08/2026,,الرياض حي النخيل البوابة الرقميه مبني IT02,داخل المملكة,
1092087,2026-08-15T18:41:04.683277+00:00,0.00,فحص واصلاح واختبار معدات إطفاء متحركة بالظهران,,"التاريخ: 19/02/1448
الموافق: 03/08/2026",03/08/2026,"التاريخ: 27/02/1448
الموافق: 11/08/2026",11/08/2026,,لا يوجد,داخل المملكة,
1092092,2026-08-15T19:51:17.503504+00:00,0.00,توريد وتركيب لوحة إرشادية خارجية لكتابة العدل بمحافظة أضم,,"التاريخ: 25/02/1448
الموافق: 09/08/2026",09/08/2026,"التاريخ: 26/02/1448
الموافق: 10/08/2026",10/08/2026,,لا يوجد,داخل المملكة,
1092098,2026-08-15T18:41:37.338499+00:00,1000.00,الاحتياج السنوي للأحبار 2026,5,"التاريخ: 04/03/1448
الموافق: 17/08/2026",17/08/2026,"التاريخ: 05/03/1448
الموافق: 18/08/2026",18/08/2026,,7667 العليا الغدير الرياض 13311 المقر الرئيسي,داخل المملكة,
1092099,2026-08-15T20:32:21.972533+00:00,0.00,تأمين قطع غيار لزوم أليات الدفاع المدني بمنطقة المدينة المنورة – شعبة الصيانة المركزية,,"التاريخ: 18/02/1448
الموافق: 02/08/2026",02/08/2026,"التاريخ: 19/02/1448
الموافق: 03/08/2026",03/08/2026,,لا يوجد,داخل المملكة,
1092104,2026-08-15T20:12:51.851653+00:00,0.00,بشان توريد وتركيب مظلات مواقف سيارات بوزارة الحرس الوطني,,"التاريخ: 25/02/1448
الموافق: 09/08/2026",09/08/2026,"التاريخ: 26/02/1448
الموافق: 10/08/2026",10/08/2026,,لا يوجد,داخل المملكة,
1092105,2026-08-15T18:25:17.607131+00:00,0.00,تحسين وتطوير مسجد ابي بكر الصديق رضي الله عنه بميناء القضيمة العسكري,5,"التاريخ: 02/04/1448
الموافق: 14/09/2026",14/09/2026,"التاريخ: 12/04/1448
الموافق: 24/09/2026",24/09/2026,,قاعدة الملك فيصل البحرية بجدة,داخل المملكة,
1092116,2026-08-15T20:51:41.570217+00:00,0.00,تأمين وتوريد قطع غيار لزوم بعض سيارات الإمارة,,"التاريخ: 18/02/1448
الموافق: 02/08/2026",02/08/2026,"التاريخ: 19/02/1448
الموافق: 03/08/2026",03/08/2026,,لا يوجد,داخل المملكة,
1092132,2026-08-15T18:25:22.237028+00:00,0.00,APPLE PENCIL {1ST GENERATION) IPAD STYLUS,,"التاريخ: 13/03/1448
الموافق: 26/08/2026",26/08/2026,"التاريخ: 14/03/1448
الموافق: 27/08/2026",27/08/2026,,لا يوجد,داخل المملكة,
1092133,2026-08-15T18:25:29.926863+00:00,0.00,Q-SYSTEM SUPPORT,,"التاريخ: 12/03/1448
الموافق: 25/08/2026",25/08/2026,"التاريخ: 13/03/1448
الموافق: 26/08/2026",26/08/2026,,لا يوجد,داخل المملكة,
1092135,2026-08-15T18:25:39.132512+00:00,0.00,NRP ADVANCED PART 1 9TH EDITION,,"التاريخ: 12/03/1448
الموافق: 25/08/2026",25/08/2026,"التاريخ: 13/03/1448
الموافق: 26/08/2026",26/08/2026,,لا يوجد,داخل المملكة,
1092136,2026-08-15T18:25:44.739279+00:00,0.00,DIXELL THERMOSTAT. MODEL XR01CX - SNOCO WITH SENSOR,,"التاريخ: 12/03/1448
الموافق: 25/08/2026",25/08/2026,"التاريخ: 13/03/1448
الموافق: 26/08/2026",26/08/2026,,لا يوجد,داخل المملكة,
1092139,2026-08-15T18:25:52.583278+00:00,0.00,"FREON R-22, brand HONEYWELL (UlSA) CAPACITY 13 6KG",,"التاريخ: 12/03/1448
الموافق: 25/08/2026",25/08/2026,"التاريخ: 13/03/1448
الموافق: 26/08/2026",26/08/2026,,لا يوجد,داخل المملكة,
1092140,2026-08-15T18:25:57.995283+00:00,0.00,"FERRULES WITH INSULATION FLANGE : 10MM' RED # 376-69, BRAND ; LEGRAND",,"التاريخ: 12/03/1448
الموافق: 25/08/2026",25/08/2026,"التاريخ: 13/03/1448
الموافق: 26/08/2026",26/08/2026,,لا يوجد,داخل المملكة,
1092142,2026-08-15T18:26:05.164063+00:00,0.00,"TONER OKI 8432/412/MB472 BLACK (7K) PART NO, 45807120",,"التاريخ: 12/03/1448
الموافق: 25/08/2026",25/08/2026,"التاريخ: 13/03/1448
الموافق: 26/08/2026",26/08/2026,,لا يوجد,داخل المملكة,
1092143,2026-08-15T18:26:11.952295+00:00,0.00,"ERRULES WITH INSULATION FLANGE ; 25MM' BLUE# 376-71, BRAND : LEGRAND",,"التاريخ: 12/03/1448
الموافق: 25/08/2026",25/08/2026,"التاريخ: 14/03/1448
الموافق: 27/08/2026",27/08/2026,,لا يوجد,داخل المملكة,
1092144,2026-08-15T18:26:17.510614+00:00,0.00,"STAILESS STEEL CABINET 316, 2MM X 4 X 4CM TUBE SIZE - 175 X 117 X 45CM A$ RSft
ATTACHED",,"التاريخ: 12/03/1448
الموافق: 25/08/2026",25/08/2026,"التاريخ: 13/03/1448
الموافق: 26/08/2026",26/08/2026,,لا يوجد,داخل المملكة,
1092145,2026-08-15T18:26:24.518924+00:00,0.00,"ACCESS PIPE - 110MM APLACO (MFR, APLACO ARABIAN PLASTIC",,"التاريخ: 12/03/1448
الموافق: 25/08/2026",25/08/2026,"التاريخ: 13/03/1448
الموافق: 26/08/2026",26/08/2026,,لا يوجد,داخل المملكة,
1092146,2026-08-15T19:32:54.789311+00:00,0.00,تأمين زيوت لمركبات التابعة لإمارة منطقة مكة المكرمة,,"التاريخ: 26/02/1448
الموافق: 10/08/2026",10/08/2026,"التاريخ: 27/02/1448
الموافق: 11/08/2026",11/08/2026,,لا يوجد,داخل المملكة,
1092147,2026-08-15T18:26:30.734944+00:00,0.00,"MOTOR ELECTRIC FOR CARRIER CHILLER, MODEL# 06EA-299 BY DARKICK, V - 230 - 460 3PH . 60HZ?",,"التاريخ: 12/03/1448
الموافق: 25/08/2026",25/08/2026,"التاريخ: 14/03/1448
الموافق: 27/08/2026",27/08/2026,,لا يوجد,داخل المملكة,
1092149,2026-08-15T18:26:37.037647+00:00,0.00,CLUTCH FOR BRUSH CUTTER MACHINE {MODEL# TJ45E KAWASAKI) AS PER SAMPLE,,"التاريخ: 12/03/1448
الموافق: 25/08/2026",25/08/2026,"التاريخ: 14/03/1448
الموافق: 27/08/2026",27/08/2026,,لا يوجد,داخل المملكة,
1092150,2026-08-15T18:26:43.430792+00:00,0.00,"R.O. MEMBRANE LP22 - 8040, 40 INCHES LENTGH",,"التاريخ: 12/03/1448
الموافق: 25/08/2026",25/08/2026,"التاريخ: 13/03/1448
الموافق: 26/08/2026",26/08/2026,,لا يوجد,داخل المملكة,
1092154,2026-08-15T20:43:56.747781+00:00,0.00,تأمين وتوريد زيوت وبطاريات معدات البلدية,,"التاريخ: 18/02/1448
الموافق: 02/08/2026",02/08/2026,"التاريخ: 19/02/1448
الموافق: 03/08/2026",03/08/2026,,لا يوجد,داخل المملكة,
1092157,2026-08-15T20:34:11.367163+00:00,0.00,رفع جاهزية الرادارات الساحلية التابعة لمنطقة جازان,,"التاريخ: 27/02/1448
الموافق: 11/08/2026",11/08/2026,"التاريخ: 28/02/1448
الموافق: 12/08/2026",12/08/2026,,لا يوجد,داخل المملكة,
1092165,2026-08-15T20:12:57.591613+00:00,0.00,تأمين قطع غيار لصالح قوة أمن المنشآت بمنطقة جازان,,"التاريخ: 20/02/1448
الموافق: 04/08/2026",04/08/2026,"التاريخ: 21/02/1448
الموافق: 05/08/2026",05/08/2026,,لا يوجد,داخل المملكة,
1092168,2026-08-15T18:57:11.654982+00:00,0.00,تهدف هذه المنافسة إلى توريد وتركيب حساسات درجات الحرارة للثلاجات والفريزرات والتي تعمل على استشعار درجات الحرارة بشكل لحظي وذلك للتحكم ومراقبة درجات الحرارة في حال تغيرها عن الحدود المسموح بها  لثلاجات الموتى في قسم المشرحة.,,"التاريخ: 19/03/1448
الموافق: 01/09/2026",01/09/2026,"التاريخ: 22/04/1448
الموافق: 04/10/2026",04/10/2026,,لا يوجد,داخل المملكة,
1092171,2026-08-15T18:41:24.908053+00:00,0.00,توفير خدمة اشتراك وسداد رسوم للحصول على اعتماد AACVPR – الجمعية الأمريكية لتأهيل القلب والرئة - لبرنامج التأهيل التنفسي بالإضافة إلى تسجيل عدد (2) من الكوادر الصحية في برنامج Pulmonary Rehabilitation Certificate,,"التاريخ: 19/03/1448
الموافق: 01/09/2026",01/09/2026,"التاريخ: 24/03/1448
الموافق: 06/09/2026",06/09/2026,,لا يوجد,داخل المملكة,
1092177,2026-08-15T20:32:28.837994+00:00,0.00,منافسة تامين وتوريد احبار لزوم ادارة المناسبات,,"التاريخ: 20/02/1448
الموافق: 04/08/2026",04/08/2026,"التاريخ: 21/02/1448
الموافق: 05/08/2026",05/08/2026,,لا يوجد,داخل المملكة,
1092189,2026-08-15T20:32:33.850630+00:00,0.00,تأمين وتوريد كفرات سيارات النظافة لمعدات البلدية,,"التاريخ: 19/02/1448
الموافق: 03/08/2026",03/08/2026,"التاريخ: 20/02/1448
الموافق: 04/08/2026",04/08/2026,,لا يوجد,داخل المملكة,
1092198,2026-08-15T18:37:13.790896+00:00,200.00,توريد احتياجات المعامل التابعة لمركز أبحاث الصحة والحياة,5,"التاريخ: 11/03/1448
الموافق: 24/08/2026",24/08/2026,"التاريخ: 03/04/1448
الموافق: 15/09/2026",15/09/2026,,عن طريق منصة اعتماد,داخل المملكة,
1092200,2026-08-15T19:03:19.103362+00:00,0.00,اعمال نزح مياه الصرف الصحي بادارة الدفاع المدني بالفرشة بمنطقة عسير,,"التاريخ: 27/02/1448
الموافق: 11/08/2026",11/08/2026,"التاريخ: 28/02/1448
الموافق: 12/08/2026",12/08/2026,,لا يوجد,داخل المملكة,
1092202,2026-08-15T20:32:40.845891+00:00,0.00,توريد قطع غيار لسفن جلالة الملك (لمركز التموين البحري بالاسطول الشرقي ),,"التاريخ: 18/02/1448
الموافق: 02/08/2026",02/08/2026,"التاريخ: 19/02/1448
الموافق: 03/08/2026",03/08/2026,,لا يوجد,داخل المملكة,
1092205,2026-08-15T19:13:27.647876+00:00,0.00,اعمال نزح مياه الصرف الصحي بادارة الدفاع المدني بالبرك بمنطقة عسير,,"التاريخ: 26/02/1448
الموافق: 10/08/2026",10/08/2026,"التاريخ: 27/02/1448
الموافق: 11/08/2026",11/08/2026,,لا يوجد,داخل المملكة,
1092208,2026-08-15T19:03:25.496947+00:00,0.00,اعمال توريد مياه محلاه ل(ادارة الشؤون الفنية المركزية -شعبة الصيانة المركزية) للدفاع المدني بمنطقة عسير,,"التاريخ: 27/02/1448
الموافق: 11/08/2026",11/08/2026,"التاريخ: 28/02/1448
الموافق: 12/08/2026",12/08/2026,,لا يوجد,داخل المملكة,
1092210,2026-08-15T20:01:09.286380+00:00,0.00,تقديم خدمة فحص وصيانة واختبار واعداد تقرير فني بالقطع التالفة جهاز الطاقة الاحتياطية UPS من نوع GE Digital Energy 60KVA Model: (LP SERIES CE) في مستشفى الأمير محمد بن عبد العزيز التابع للشؤون الصحية بوزارة الحرس الوطني بالمدينة المنورة.,,"التاريخ: 19/03/1448
الموافق: 01/09/2026",01/09/2026,"التاريخ: 22/04/1448
الموافق: 04/10/2026",04/10/2026,,لا يوجد,داخل المملكة,
1092218,2026-08-15T20:19:35.868753+00:00,0.00,تأمين مستلزمات وأجهزة طبية وقطع غيار لمركز الأمير سلطان لمعالجة أمراض وجراحة القلب,,"التاريخ: 21/02/1448
الموافق: 05/08/2026",05/08/2026,"التاريخ: 22/02/1448
الموافق: 06/08/2026",06/08/2026,,لا يوجد,داخل المملكة,
1092235,2026-08-15T20:19:43.574460+00:00,0.00,تامين وتوريد قطع غيار السيارات واليات بمديرية الدفاع المدني بمنطقة القصيم,,"التاريخ: 19/02/1448
الموافق: 03/08/2026",03/08/2026,"التاريخ: 20/02/1448
الموافق: 04/08/2026",04/08/2026,,لا يوجد,داخل المملكة,
1092240,2026-08-15T20:32:47.579336+00:00,0.00,خدمات الغسيل المتنقل والتلميع والتحسين الداخلي والخارجي لمركبات الجامعة,,"التاريخ: 20/02/1448
الموافق: 04/08/2026",04/08/2026,"التاريخ: 22/02/1448
الموافق: 06/08/2026",06/08/2026,,لا يوجد,داخل المملكة,
1092243,2026-08-15T18:37:21.248515+00:00,300.00,صيانة وتشغيل نظامي الاتصالات الإدارية والإجراءات الأمنية (نجم),5,"التاريخ: 15/04/1448
الموافق: 27/09/2026",27/09/2026,"التاريخ: 01/06/1448
الموافق: 11/11/2026",11/11/2026,,قيادة قوات الطوارئ الخاصة/ إدارة المنافسات والمشتريات,داخل المملكة,
1092245,2026-08-15T20:51:49.965260+00:00,0.00,احتياج الجامعة لتوريد احتياج سكن طلاب المنح لعام 1448,,"التاريخ: 18/02/1448
الموافق: 02/08/2026",02/08/2026,"التاريخ: 21/02/1448
الموافق: 05/08/2026",05/08/2026,,لا يوجد,داخل المملكة,
1092283,2026-08-15T18:53:05.345620+00:00,0.00,توريد قطع غيار لمنظومة انتاج راس الخير 60020832 الساحل الشرقي,,"التاريخ: 14/03/1448
الموافق: 27/08/2026",27/08/2026,"التاريخ: 12/04/1448
الموافق: 24/09/2026",24/09/2026,,لا يوجد,داخل المملكة,
1092284,2026-08-15T18:53:12.994324+00:00,0.00,توريد قطع غيار لمنظومة انتاج راس الخير 60020833 الساحل الشرقي,,"التاريخ: 13/03/1448
الموافق: 26/08/2026",26/08/2026,"التاريخ: 12/04/1448
الموافق: 24/09/2026",24/09/2026,,لا يوجد,داخل المملكة,
1092288,2026-08-15T18:16:08.812162+00:00,0.00,توريدقطع غيار ميكانيكية لمنظومة انتاج راس الخير 60020228,,"التاريخ: 14/03/1448
الموافق: 27/08/2026",27/08/2026,"التاريخ: 16/04/1448
الموافق: 28/09/2026",28/09/2026,,لا يوجد,داخل المملكة,
1092289,2026-08-15T18:53:19.356710+00:00,0.00,توريد قطع غيار لمنظومة انتاج راس الخير 60020835 الساحل الشرقي,,"التاريخ: 14/03/1448
الموافق: 27/08/2026",27/08/2026,"التاريخ: 12/04/1448
الموافق: 24/09/2026",24/09/2026,,لا يوجد,داخل المملكة,
1092290,2026-08-15T18:53:26.785386+00:00,0.00,توريد قطع غيار لمنظومة انتاج راس الخير 60020836 الساحل الشرقي,,"التاريخ: 14/03/1448
الموافق: 27/08/2026",27/08/2026,"التاريخ: 12/04/1448
الموافق: 24/09/2026",24/09/2026,,لا يوجد,داخل المملكة,
1092293,2026-08-15T20:32:53.322142+00:00,0.00,تفصيل ارفف حديد لمستودعات المستشفى مطابقة للمواصفات المطلوبه,,"التاريخ: 18/02/1448
الموافق: 02/08/2026",02/08/2026,"التاريخ: 19/02/1448
الموافق: 03/08/2026",03/08/2026,,لا يوجد,داخل المملكة,
1092299,2026-08-15T20:27:58.811628+00:00,0.00,توريد وتركيب مظلات لمواقف السيارات بفرع الإدارة الهندسية بالشرقية,,"التاريخ: 26/02/1448
الموافق: 10/08/2026",10/08/2026,"التاريخ: 04/03/1448
الموافق: 17/08/2026",17/08/2026,,لا يوجد,داخل المملكة,
1092304,2026-08-15T20:01:16.027364+00:00,0.00,تجهيز حفل إستضافة قوات أمن المنشآت لبطولة وزارة الداخلية السادسة عشر لكرة القدم لعام 2026م بتاريخ 27/11/2026م (بنظام الإيجار ) لصالح إدارة الإعلام والإتصال المؤسسي,,"التاريخ: 26/02/1448
الموافق: 10/08/2026",10/08/2026,"التاريخ: 14/06/1448
الموافق: 24/11/2026",24/11/2026,,لا يوجد,داخل المملكة,
1092312,2026-08-15T19:03:33.999417+00:00,0.00,توريد مفاتيح كهربائية لمنظومة انتاج الشعيبة - 60020795 INST SHO,,"التاريخ: 24/03/1448
الموافق: 06/09/2026",06/09/2026,"التاريخ: 19/05/1448
الموافق: 30/10/2026",30/10/2026,,لا يوجد,داخل المملكة,
1092314,2026-08-15T19:03:41.172498+00:00,0.00,توريد قطع غيار كهربائية لمنظومة انتاج الشعيبة - 60020796 INST SHO,,"التاريخ: 24/03/1448
الموافق: 06/09/2026",06/09/2026,"التاريخ: 23/04/1448
الموافق: 05/10/2026",05/10/2026,,لا يوجد,داخل المملكة,
1092316,2026-08-15T19:03:48.638534+00:00,0.00,توريد وحدات تحكم كهربائية لمنظومة انتاج الشعيبة - 60020797 INST SHO,,"التاريخ: 24/03/1448
الموافق: 06/09/2026",06/09/2026,"التاريخ: 23/04/1448
الموافق: 05/10/2026",05/10/2026,,لا يوجد,داخل المملكة,
1092319,2026-08-15T19:03:56.572964+00:00,0.00,توريد أجهزة قياس ضغط وقطع غيار كهربائية لمنظومة انتاج الشعيبة - 60020798 INST SHO,,"التاريخ: 19/03/1448
الموافق: 01/09/2026",01/09/2026,"التاريخ: 18/04/1448
الموافق: 30/09/2026",30/09/2026,,لا يوجد,داخل المملكة,
1092321,2026-08-15T19:13:36.597585+00:00,0.00,توريد قطع غيار لنظام انذار الحريق لمنظومة انتاج الشعيبة - 60020800 INST SHO,,"التاريخ: 24/03/1448
الموافق: 06/09/2026",06/09/2026,"التاريخ: 29/04/1448
الموافق: 11/10/2026",11/10/2026,,لا يوجد,داخل المملكة,
1092325,2026-08-15T19:04:02.733227+00:00,0.00,توريد أجهزة اختبار ومعايرة وحساسات كهربائية لمنظومة انتاج الشعيبة - 60020801 INST SHO,,"التاريخ: 24/03/1448
الموافق: 06/09/2026",06/09/2026,"التاريخ: 29/04/1448
الموافق: 11/10/2026",11/10/2026,,لا يوجد,داخل المملكة,
1092331,2026-08-15T18:37:29.969295+00:00,0.00,توريد المواد وقطع غيار كهربائية الهيئة السعودية للمياه منظومة انتاج جدة - الساحل الغربي. 60020837,,"التاريخ: 18/03/1448
الموافق: 31/08/2026",31/08/2026,"التاريخ: 18/04/1448
الموافق: 30/09/2026",30/09/2026,,لا يوجد,داخل المملكة,
1092335,2026-08-15T19:39:53.116101+00:00,0.00,توريد مستلزمات سباكة استهلاكية لقسم الادارة الهندسية بالظهران,,"التاريخ: 26/02/1448
الموافق: 10/08/2026",10/08/2026,"التاريخ: 04/03/1448
الموافق: 17/08/2026",17/08/2026,,لا يوجد,داخل المملكة,
1092336,2026-08-15T18:41:10.707559+00:00,0.00,توريد مستلزمات تكييف استهلاكية لقسم الادارة الهندسية بالظهران,,"التاريخ: 26/02/1448
الموافق: 10/08/2026",10/08/2026,"التاريخ: 04/03/1448
الموافق: 17/08/2026",17/08/2026,,لا يوجد,داخل المملكة,
1092337,2026-08-15T19:39:58.297186+00:00,0.00,توريد مستلزمات كهرباء استهلاكية لقسم الادارة الهندسية بالظهران,,"التاريخ: 25/02/1448
الموافق: 09/08/2026",09/08/2026,"التاريخ: 04/03/1448
الموافق: 17/08/2026",17/08/2026,,لا يوجد,داخل المملكة,
1092351,2026-08-15T20:44:04.094311+00:00,0.00,توريد وتركيب مكيفات دولاب 50000 وحدة بالمستودعات المركزية بمنطقة الطائف ز,,"التاريخ: 27/02/1448
الموافق: 11/08/2026",11/08/2026,"التاريخ: 28/02/1448
الموافق: 12/08/2026",12/08/2026,,لا يوجد,داخل المملكة,
1092352,2026-08-15T20:01:23.156243+00:00,0.00,منافسة تقديم خدمة نقل الأنسجة و العينات المختبرية والمخلفات الناتجة من المختبر و غرف العمليات والأعضاء البشرية (حسب الطلب) لمدة (365) يوم لإدارة خدمات المرضى بمستشفى الملك عبدالعزيز بالأحساء التابع للشؤون الصحية بوزارة الحرس الوطني,,"التاريخ: 17/03/1448
الموافق: 30/08/2026",30/08/2026,"التاريخ: 18/04/1448
الموافق: 30/09/2026",30/09/2026,,لا يوجد,داخل المملكة,
1092355,2026-08-15T18:16:17.736489+00:00,1000.00,توفير تصاريح دخول لمركز الوطني للتنمية الصناعية داخل مجمع ليسن فالي .,5,"التاريخ: 17/03/1448
الموافق: 30/08/2026",30/08/2026,"التاريخ: 18/03/1448
الموافق: 31/08/2026",31/08/2026,,منصة اعتماد,داخل المملكة,
1092449,2026-08-15T18:37:38.526114+00:00,50.00,توريد اهداف تدريب استهلاكية,5,"التاريخ: 24/04/1448
الموافق: 06/10/2026",06/10/2026,"التاريخ: 21/08/1448
الموافق: 29/01/2027",29/01/2027,,ادارة مدينة الملك خالد بحفرالباطن,داخل المملكة,
1092451,2026-08-15T20:32:58.590035+00:00,0.00,توريد دهان الايبوكسي عاجل لمتطلبات هنقر سلاح الطيران,,"التاريخ: 27/02/1448
الموافق: 11/08/2026",11/08/2026,"التاريخ: 20/03/1448
الموافق: 02/09/2026",02/09/2026,,لا يوجد,داخل المملكة,
1092452,2026-08-15T19:40:04.936250+00:00,0.00,طلب زيارة فنية لفني مختص لمعايرة مجففات ألة الطباعة لمجمع الملك فهد لطباعة المصحف الشريف بالمدينة المنورة,,"التاريخ: 25/02/1448
الموافق: 09/08/2026",09/08/2026,"التاريخ: 26/02/1448
الموافق: 10/08/2026",10/08/2026,,لا يوجد,داخل المملكة,
1092458,2026-08-15T18:16:23.178484+00:00,0.00,توريد قطع غيار مكانيكية مضخات لمنظومة انتاج ينبع 60020523,5,"التاريخ: 03/03/1448
الموافق: 16/08/2026",16/08/2026,"التاريخ: 18/03/1448
الموافق: 31/08/2026",31/08/2026,,المؤسسة العامة لتحلية المياه المالحة – الرياض – العليا – طريق الملك فهد الدور الرابع لجنة فتح المظاريف,داخل المملكة,
1092460,2026-08-15T18:16:29.681662+00:00,0.00,توريد قطع غيار مكانيكية لصمامات ومضخات لمنظومة انتاج ينبع 60020445,5,"التاريخ: 03/03/1448
الموافق: 16/08/2026",16/08/2026,"التاريخ: 18/03/1448
الموافق: 31/08/2026",31/08/2026,,المؤسسة العامة لتحلية المياه المالحة – الرياض – العليا – طريق الملك فهد الدور الرابع لجنة فتح المظاريف,داخل المملكة,
1092462,2026-08-15T18:33:41.377850+00:00,0.00,تحديث أنظمة التحكم الكهربائية بمستشفى الامير منصور العسكري,,"التاريخ: 27/02/1448
الموافق: 11/08/2026",11/08/2026,"التاريخ: 28/02/1448
الموافق: 12/08/2026",12/08/2026,,لا يوجد,داخل المملكة,
1092471,2026-08-15T18:37:45.914637+00:00,0.00,معايرة أجهزة المحاكاة الطبية الحيوية للصدمات الكهربائية,,"التاريخ: 04/03/1448
الموافق: 17/08/2026",17/08/2026,"التاريخ: 05/03/1448
الموافق: 18/08/2026",18/08/2026,,لا يوجد,داخل المملكة,
1092472,2026-08-15T18:37:53.624664+00:00,0.00,تجديد الإشتراك بنظام السنترال بإمارة منطقة مكة المكرمة,,"التاريخ: 29/02/1448
الموافق: 13/08/2026",13/08/2026,"التاريخ: 03/03/1448
الموافق: 16/08/2026",16/08/2026,,لا يوجد,داخل المملكة,
1092474,2026-08-15T18:37:59.884515+00:00,0.00,انشاء بوابة الضبط الأمني بنقطة أبو الطوق بقطاع حرس الحدود بفرسان بمنطقة جازان,,"التاريخ: 12/03/1448
الموافق: 25/08/2026",25/08/2026,"التاريخ: 26/03/1448
الموافق: 08/09/2026",08/09/2026,,لا يوجد,داخل المملكة,"صيانة المباني, المبـــاني"
1092485,2026-08-15T18:38:06.780228+00:00,0.00,توريد صمام المؤازرة الخاص بالتحكم الرئيسي في التوربين البخاري بمنظومة رأس الخير  60020839 الساحل الشرقي,5,"التاريخ: 16/04/1448
الموافق: 28/09/2026",28/09/2026,"التاريخ: 17/05/1448
الموافق: 28/10/2026",28/10/2026,,المؤسسسة العامة لتحلية المياه المالحة الرياض  المركز الرئيسي إدارة المشتريات الدور الرابع مكتب 18   الدور الرابع مكتب 18  يمكنكم تقديم صورة منه في منصة اعتماد,داخل المملكة,
1092486,2026-08-15T20:19:51.171129+00:00,0.00,توريد مستلزمات لسفن جلالة الملك لمركز التموين البحري بالاسطول الشرقي,,"التاريخ: 19/02/1448
الموافق: 03/08/2026",03/08/2026,"التاريخ: 20/02/1448
الموافق: 04/08/2026",04/08/2026,,لا يوجد,داخل المملكة,
1092488,2026-08-15T20:19:56.779605+00:00,0.00,توريد مستلزمات السفن جلالة الملك (لمركز التموين البحري بالاسطول الشرقي ),,"التاريخ: 19/02/1448
الموافق: 03/08/2026",03/08/2026,"التاريخ: 20/02/1448
الموافق: 04/08/2026",04/08/2026,,لا يوجد,داخل المملكة,
1092489,2026-08-15T19:33:02.631505+00:00,0.00,CR2557توريد بطاقات جامعية بي في سي لعمادة القبول والتسجيل جامعة الملك سعود بن عبدالعزيز للعلوم الصحية بالرياض,,"التاريخ: 17/03/1448
الموافق: 30/08/2026",30/08/2026,"التاريخ: 18/03/1448
الموافق: 31/08/2026",31/08/2026,,لا يوجد,داخل المملكة,
1092492,2026-08-15T20:01:29.493778+00:00,0.00,قطع غيار وأعمال صيانة للآليات ومعدات تابعة لمديرية الدفاع المدني بمنطقة الرياض الإدارة الشؤون الفنية المركزية,,"التاريخ: 21/02/1448
الموافق: 05/08/2026",05/08/2026,"التاريخ: 22/02/1448
الموافق: 06/08/2026",06/08/2026,,لا يوجد,داخل المملكة,
1092504,2026-08-15T19:40:12.778743+00:00,0.00,تامين ادوات تربيط للمرضى النفسيين مستشفى اراده والصحه النفسيه بالخرج,,"التاريخ: 03/03/1448
الموافق: 16/08/2026",16/08/2026,"التاريخ: 10/03/1448
الموافق: 23/08/2026",23/08/2026,,لا يوجد,داخل المملكة,
1092515,2026-08-15T18:26:50.312562+00:00,0.00,تجديد رخصة البوابة الداخلية لحاجة إدارة الاتصالات و تقنية المعلومات .,,"التاريخ: 19/03/1448
الموافق: 01/09/2026",01/09/2026,"التاريخ: 28/03/1448
الموافق: 10/09/2026",10/09/2026,,لا يوجد,داخل المملكة,
1092517,2026-08-15T20:07:07.332487+00:00,0.00,يسعى مجلس الضمان الصحي لتوفير تأمين لممتلكات مبنى المجلس للحماية من الكوارث والأخطار,,"التاريخ: 10/03/1448
الموافق: 23/08/2026",23/08/2026,"التاريخ: 17/03/1448
الموافق: 30/08/2026",30/08/2026,,لا يوجد,داخل المملكة,
1092518,2026-08-15T19:40:19.925480+00:00,0.00,تطوير وتوحيد الهويه البصريه مستشفى اراده والصحه النفسيه بالخرج,,"التاريخ: 28/02/1448
الموافق: 12/08/2026",12/08/2026,"التاريخ: 03/03/1448
الموافق: 16/08/2026",16/08/2026,,لا يوجد,داخل المملكة,
1092521,2026-08-15T18:26:56.767467+00:00,0.00,رخصة سويتش سيسكو مع التركيب لحاجة إدارة الاتصالات و تقنية المعلومات .,,"التاريخ: 11/03/1448
الموافق: 24/08/2026",24/08/2026,"التاريخ: 26/03/1448
الموافق: 08/09/2026",08/09/2026,,لا يوجد,داخل المملكة,
1092527,2026-08-15T18:27:03.602949+00:00,0.00,تجديد رخصة النظام المالي و الإداري لحاجة إدارة الاتصالات و تقنية المعلومات .,,"التاريخ: 18/03/1448
الموافق: 31/08/2026",31/08/2026,"التاريخ: 28/03/1448
الموافق: 10/09/2026",10/09/2026,,لا يوجد,داخل المملكة,
1092530,2026-08-15T20:51:57.113369+00:00,0.00,منافسة تقديم خدمات الصيانة الشاملة مع توفير قطع الغيار لمدة (90) يوم لأجهزة التعقيم الموجودة في قسم التعقيم المركزي بمستشفى الإمام عبدالرحمن بن فيصل بالدمام التابع للشؤون الصحية بوزارة الحرس الوطني,,"التاريخ: 18/02/1448
الموافق: 02/08/2026",02/08/2026,"التاريخ: 19/02/1448
الموافق: 03/08/2026",03/08/2026,,لا يوجد,داخل المملكة,
1092532,2026-08-15T20:01:36.625757+00:00,0.00,MEDICAL GAS ACYTELENE INDUSTRIAL STANDARD HIGHLY PURIFIED (SR) لمستشفى الحرس الوطني,,"التاريخ: 20/02/1448
الموافق: 04/08/2026",04/08/2026,"التاريخ: 21/02/1448
الموافق: 05/08/2026",05/08/2026,,لا يوجد,داخل المملكة,
1092547,2026-08-15T19:33:11.091579+00:00,0.00,"SUPPLY AND INSTALL OF GALVANIZED STEEL RAZOR BARBED WIRE FOR THE NORTH
AND WEST PERIMETER FENCE OF THE COMPLEX",,"التاريخ: 12/03/1448
الموافق: 25/08/2026",25/08/2026,"التاريخ: 13/03/1448
الموافق: 26/08/2026",26/08/2026,,لا يوجد,داخل المملكة,
1092551,2026-08-15T20:20:03.525194+00:00,0.00,توريد قطع غيار لسفن جلالة الملك لمركز التموين البحري بالاسطول الشرقي,,"التاريخ: 20/02/1448
الموافق: 04/08/2026",04/08/2026,"التاريخ: 21/02/1448
الموافق: 05/08/2026",05/08/2026,,لا يوجد,داخل المملكة,
1092552,2026-08-15T19:24:14.021224+00:00,0.00,تأمين قطع غيار لآليات ومركبات الدفاع المدني بمنطقة الباحة رقم BH26620017,,"التاريخ: 25/02/1448
الموافق: 09/08/2026",09/08/2026,"التاريخ: 26/02/1448
الموافق: 10/08/2026",10/08/2026,,لا يوجد,داخل المملكة,
1092553,2026-08-15T20:20:09.991159+00:00,0.00,توريد زيوت وشحوم لسفن جلالة الملك لمركز التموين البحري بالاسطول الشرقي,,"التاريخ: 20/02/1448
الموافق: 04/08/2026",04/08/2026,"التاريخ: 21/02/1448
الموافق: 05/08/2026",05/08/2026,,لا يوجد,داخل المملكة,
1092555,2026-08-15T18:38:12.630168+00:00,1000.00,تجديد الرخص والدعم الفني والتشغيل لنظام الدخول الذكي وبطاقات الأعمال للموظفين بما يعكس هوية الهيئة في مواكبة التحول الرقمي والرقمنة,5,"التاريخ: 11/03/1448
الموافق: 24/08/2026",24/08/2026,"التاريخ: 12/03/1448
الموافق: 25/08/2026",25/08/2026,,الرياض المبنى الرئيسي,داخل المملكة,
1092564,2026-08-15T18:16:35.601818+00:00,300.00,تنفيذ برنامج الرصد الوطني لتحليل العينات المتبقية خارج الهيئة,5,"التاريخ: 05/03/1448
الموافق: 18/08/2026",18/08/2026,"التاريخ: 10/03/1448
الموافق: 23/08/2026",23/08/2026,,الرياض المبنى الرئيسي للهييئة العامة للغذاء والدواء حي حطين,داخل المملكة,
1092567,2026-08-15T18:38:20.031851+00:00,500.00,ﻃﺮﺡ ﺍﻟﻔﺮﺹ ﺍﻟﻌﻘﺎﺭﻳﺔ ﻭﺍﻻﺳﺘﺜﻤﺎﺭﻳﺔ ﻷﻣﺎﻧﺔ ﻣﻨﻄﻘﺔ ﺣﺎﺋﻞ ﻓﻲ ﺍﻟﻤﻌﺮﺽ ﺍﻟﺪﻭﻟﻲ,5,"التاريخ: 07/03/1448
الموافق: 20/08/2026",20/08/2026,"التاريخ: 14/03/1448
الموافق: 27/08/2026",27/08/2026,,أمانة منطقة حائل,داخل المملكة,
1092576,2026-08-15T20:01:43.444803+00:00,0.00,قطع غيار وأعمال صيانة للآليات ومعدات تابعة لمديرية الدفاع المدني بمنطقة الرياض الإدارة الشؤون الفنية المركزية,,"التاريخ: 21/02/1448
الموافق: 05/08/2026",05/08/2026,"التاريخ: 22/02/1448
الموافق: 06/08/2026",06/08/2026,,لا يوجد,داخل المملكة,
1092579,2026-08-15T20:01:50.524156+00:00,0.00,قطع غيار وأعمال صيانة للآليات ومعدات تابعة لمديرية الدفاع المدني بمنطقة الرياض الإدارة الشؤون الفنية المركزية,,"التاريخ: 21/02/1448
الموافق: 05/08/2026",05/08/2026,"التاريخ: 22/02/1448
الموافق: 06/08/2026",06/08/2026,,لا يوجد,داخل المملكة,
1092606,2026-08-15T20:20:15.660874+00:00,0.00,نظرا لإنخفاض كمية الوقود بمحطة الميناء ترغب إدارة ميناء الملك فهد الصناعي بالجبيل بطرح منافسة توريد وتفريغ (بنزين / ديزل) في المحطة,,"التاريخ: 21/02/1448
الموافق: 05/08/2026",05/08/2026,"التاريخ: 25/02/1448
الموافق: 09/08/2026",09/08/2026,,لا يوجد,داخل المملكة,
1092610,2026-08-15T20:01:59.531072+00:00,0.00,طلب تأمين وتركيب سجاد مسجد لزوم القوات الخاصة للأمن الدبلوماسي,,"التاريخ: 22/02/1448
الموافق: 06/08/2026",06/08/2026,"التاريخ: 25/02/1448
الموافق: 09/08/2026",09/08/2026,,لا يوجد,داخل المملكة,
1092619,2026-08-15T18:27:11.380706+00:00,0.00,اقامة دورات مركز المهارات(ACLS-PALS-NRP) لمدة عام,5,"التاريخ: 10/03/1448
الموافق: 23/08/2026",23/08/2026,"التاريخ: 29/03/1448
الموافق: 11/09/2026",11/09/2026,,تجمع الباحة الصحي,داخل المملكة,
1092620,2026-08-15T20:02:06.726780+00:00,0.00,توريد مستلزمات الحاسب الالي (لمركز التموين البحري بالاسطول الشرقي ),,"التاريخ: 21/02/1448
الموافق: 05/08/2026",05/08/2026,"التاريخ: 22/02/1448
الموافق: 06/08/2026",06/08/2026,,لا يوجد,داخل المملكة,
1092621,2026-08-15T20:02:14.143913+00:00,0.00,قطع غيار وأعمال صيانة للأليات ومعدات تابعة لمديرية الدفاع المدني بمنطقة الرياض الإدارة الشؤون الفنية المركزية,,"التاريخ: 21/02/1448
الموافق: 05/08/2026",05/08/2026,"التاريخ: 22/02/1448
الموافق: 06/08/2026",06/08/2026,,لا يوجد,داخل المملكة,
1092623,2026-08-15T20:02:20.405055+00:00,0.00,قطع غيار وأعمال صيانة للأليات ومعدات تابعة لمديرية الدفاع المدني بمنطقة الرياض الإدارة الشؤون الفنية المركزية,,"التاريخ: 21/02/1448
الموافق: 05/08/2026",05/08/2026,"التاريخ: 22/02/1448
الموافق: 06/08/2026",06/08/2026,,لا يوجد,داخل المملكة,
1092625,2026-08-15T20:02:27.100399+00:00,0.00,قطع غيار وأعمال صيانة للأليات ومعدات تابعة لمديرية الدفاع المدني بمنطقة الرياض الإدارة الشؤون الفنية المركزية,,"التاريخ: 21/02/1448
الموافق: 05/08/2026",05/08/2026,"التاريخ: 22/02/1448
الموافق: 06/08/2026",06/08/2026,,لا يوجد,داخل المملكة,
1092627,2026-08-15T20:02:34.531636+00:00,0.00,قطع غيار وأعمال صيانة للأليات ومعدات تابعة لمديرية الدفاع المدني بمنطقة الرياض الإدارة الشؤون الفنية المركزية,,"التاريخ: 21/02/1448
الموافق: 05/08/2026",05/08/2026,"التاريخ: 22/02/1448
الموافق: 06/08/2026",06/08/2026,,لا يوجد,داخل المملكة,
1092629,2026-08-15T20:02:40.242259+00:00,0.00,قطع غيار وأعمال صيانة للأليات ومعدات تابعة لمديرية الدفاع المدني بمنطقة الرياض الإدارة الشؤون الفنية المركزية,,"التاريخ: 21/02/1448
الموافق: 05/08/2026",05/08/2026,"التاريخ: 22/02/1448
الموافق: 06/08/2026",06/08/2026,,لا يوجد,داخل المملكة,
1092631,2026-08-15T20:02:48.121000+00:00,0.00,قطع غيار وأعمال صيانة للأليات ومعدات تابعة لمديرية الدفاع المدني بمنطقة الرياض الإدارة الشؤون الفنية المركزية,,"التاريخ: 21/02/1448
الموافق: 05/08/2026",05/08/2026,"التاريخ: 22/02/1448
الموافق: 06/08/2026",06/08/2026,,لا يوجد,داخل المملكة,
1092636,2026-08-15T20:52:06.028461+00:00,0.00,كراسة رقم 266287 تامين قطع غيار عدة اليات تابعه عدة ادارات,,"التاريخ: 16/02/1448
الموافق: 31/07/2026",31/07/2026,"التاريخ: 17/02/1448
الموافق: 01/08/2026",01/08/2026,,لا يوجد,داخل المملكة,
1092660,2026-08-15T18:16:42.791875+00:00,500.00,"طلب الخدمات المرجو تقديمها من قبل مكتب محاسبة قانوني
وذلك مقابل اعداد القوائم المالية للعام المالي 2025 م",5,"التاريخ: 03/04/1448
الموافق: 15/09/2026",15/09/2026,"التاريخ: 04/05/1448
الموافق: 15/10/2026",15/10/2026,,المقر الرئيس,داخل المملكة,
1092692,2026-08-15T19:24:22.800745+00:00,0.00,تأهيل مكاتب مبنى قيادة الكتيبة 126 بشرورة,,"التاريخ: 28/02/1448
الموافق: 12/08/2026",12/08/2026,"التاريخ: 02/03/1448
الموافق: 15/08/2026",15/08/2026,,لا يوجد,داخل المملكة,
1092699,2026-08-15T20:02:56.215705+00:00,0.00,"PDLC Switchable Smart Film توريد فيلم ذكي كهربائي قابل للتحول على الزجاج القائم لتوفير الخصوصية للمرضى, شاملا جميع الملحاقت والضمان لمدة 5 سنوات",,"التاريخ: 20/02/1448
الموافق: 04/08/2026",04/08/2026,"التاريخ: 21/02/1448
الموافق: 05/08/2026",05/08/2026,,لا يوجد,داخل المملكة,
1092707,2026-08-15T18:16:48.599791+00:00,0.00,توريد كتب تعليمية لمركز الرعاية وحضانة الأطفال بجامعة الملك سعود بن عبدالعزيز للعلوم الصحية بجدة,,"التاريخ: 06/03/1448
الموافق: 19/08/2026",19/08/2026,"التاريخ: 23/05/1448
الموافق: 03/11/2026",03/11/2026,,لا يوجد,داخل المملكة,
1092714,2026-08-15T20:03:04.265748+00:00,0.00,مكيف صحراوي  5 حصان لمستشفى الحرس الوطني,,"التاريخ: 20/02/1448
الموافق: 04/08/2026",04/08/2026,"التاريخ: 21/02/1448
الموافق: 05/08/2026",05/08/2026,,لا يوجد,داخل المملكة,
1092745,2026-08-15T19:04:08.023867+00:00,0.00,صيانة وتوريد قطع غيار لجهاز HOSPITAL BED - HILLROM,,"التاريخ: 18/03/1448
الموافق: 31/08/2026",31/08/2026,"التاريخ: 05/04/1448
الموافق: 17/09/2026",17/09/2026,,لا يوجد,داخل المملكة,
1092748,2026-08-15T19:04:15.425323+00:00,0.00,"صيانة وتوريد قطع غيار لجهاز CHAIRS, EXAMINATION/TREATMENT في عيادة الاذن والانف والحنجره",,"التاريخ: 18/03/1448
الموافق: 31/08/2026",31/08/2026,"التاريخ: 05/04/1448
الموافق: 17/09/2026",17/09/2026,,لا يوجد,داخل المملكة,
1092752,2026-08-15T18:27:18.713412+00:00,0.00,إقامة نشاط رياضي و ثقافية و ألعاب الكترونية (نسائية) لحاجة إدارة العلاقات العامة و التوجيه المعنوي,,"التاريخ: 26/03/1448
الموافق: 08/09/2026",08/09/2026,"التاريخ: 28/03/1448
الموافق: 10/09/2026",10/09/2026,,لا يوجد,داخل المملكة,
1092755,2026-08-15T19:04:22.535199+00:00,0.00,توريد قطع غيار لجهاز LASERS SURGICAL - ULTRA PULSE - في قسم العمليات الرئيسية,,"التاريخ: 18/03/1448
الموافق: 31/08/2026",31/08/2026,"التاريخ: 05/04/1448
الموافق: 17/09/2026",17/09/2026,,لا يوجد,داخل المملكة,
1092761,2026-08-15T20:20:21.835868+00:00,0.00,إعادة تأهيل مباني بمركز العمليات أدوك بمجموعة الدفاع الجوي الثانية,,"التاريخ: 22/02/1448
الموافق: 06/08/2026",06/08/2026,"التاريخ: 29/02/1448
الموافق: 13/08/2026",13/08/2026,,لا يوجد,داخل المملكة,
1092764,2026-08-15T19:04:30.667156+00:00,0.00,توريد قطع غيار لجهاز 02 SHAVER HANDPIECE - 1898200T M4 1899200 M5 - في قسم عمليات اليوم الواحد,,"التاريخ: 18/03/1448
الموافق: 31/08/2026",31/08/2026,"التاريخ: 05/04/1448
الموافق: 17/09/2026",17/09/2026,,لا يوجد,داخل المملكة,
1092767,2026-08-15T19:04:38.668076+00:00,0.00,صيانة وتوريد قطع غيار لجهاز OPTHAMIC RETINA SURGICAL UNIT - CONSTILLATION - في قسم العمليات - مبنى 4,,"التاريخ: 18/03/1448
الموافق: 31/08/2026",31/08/2026,"التاريخ: 05/04/1448
الموافق: 17/09/2026",17/09/2026,,لا يوجد,داخل المملكة,
1092773,2026-08-15T19:04:45.622701+00:00,0.00,صيانة وتوريد قطع غيار لجهاز ANALYZERS - DIASORIN INC DIV AMERICAN STANDARD COMP - IMMUNOLOGY,,"التاريخ: 18/03/1448
الموافق: 31/08/2026",31/08/2026,"التاريخ: 05/04/1448
الموافق: 17/09/2026",17/09/2026,,لا يوجد,داخل المملكة,
1092779,2026-08-15T19:04:52.610876+00:00,0.00,صيانة وتوريد قطع غيار لجهاز ANALYZERS 9163501735,,"التاريخ: 18/03/1448
الموافق: 31/08/2026",31/08/2026,"التاريخ: 05/04/1448
الموافق: 17/09/2026",17/09/2026,,لا يوجد,داخل المملكة,
1092780,2026-08-15T20:07:13.423604+00:00,0.00,توريد وتركيب أبواب أمنية بمواقع مجموعة الدفاع الجوي الخامسة بالشرقية,,"التاريخ: 28/02/1448
الموافق: 12/08/2026",12/08/2026,"التاريخ: 06/03/1448
الموافق: 19/08/2026",19/08/2026,,لا يوجد,داخل المملكة,
1092783,2026-08-15T19:05:00.527191+00:00,0.00,صيانة وتوريد قطع غيار لجهاز المعايره DIASORIN INC DIV AMERICAN STANDARD COMP - في قسم المختبر,,"التاريخ: 18/03/1448
الموافق: 31/08/2026",31/08/2026,"التاريخ: 05/04/1448
الموافق: 17/09/2026",17/09/2026,,لا يوجد,داخل المملكة,
1092786,2026-08-15T19:05:06.661030+00:00,0.00,صيانة وتوريد قطع غيار لجهاز ANALYZERS - 9163501088 - ETI.MAX3000 - IMMUNOLOGY,,"التاريخ: 18/03/1448
الموافق: 31/08/2026",31/08/2026,"التاريخ: 05/04/1448
الموافق: 17/09/2026",17/09/2026,,لا يوجد,داخل المملكة,
1092798,2026-08-15T20:03:11.661484+00:00,0.00,أستئجار مولد كهرباء احتياطي لعدم وجود مصدر كهرباء احتياطي لجناح د,,"التاريخ: 22/02/1448
الموافق: 06/08/2026",06/08/2026,"التاريخ: 25/02/1448
الموافق: 09/08/2026",09/08/2026,,لا يوجد,داخل المملكة,
1092799,2026-08-15T19:51:23.342992+00:00,0.00,توريد وتسييخ رديترات لمولدات مختلفة القدرات الخاصة بورشة إدارة الشؤون الهندسية بقيادة حرس الحدود بمنطقة نجران,,"التاريخ: 17/03/1448
الموافق: 30/08/2026",30/08/2026,"التاريخ: 18/03/1448
الموافق: 31/08/2026",31/08/2026,,لا يوجد,داخل المملكة,
1092804,2026-08-15T19:33:19.152938+00:00,0.00,تامين كفرات,,"التاريخ: 26/02/1448
الموافق: 10/08/2026",10/08/2026,"التاريخ: 27/02/1448
الموافق: 11/08/2026",11/08/2026,,لا يوجد,داخل المملكة,
1092842,2026-08-15T20:03:18.089712+00:00,0.00,OIL PENETRATING AND LUBRICANTS CLEANS AND PROTECTS ALL MACHINES INSTANT MAINTENANCE 415ML/CO,,"التاريخ: 21/02/1448
الموافق: 05/08/2026",05/08/2026,"التاريخ: 22/02/1448
الموافق: 06/08/2026",06/08/2026,,لا يوجد,داخل المملكة,
1092843,2026-08-15T20:03:24.095895+00:00,0.00,PUMP CIRCULATING 220 VOLTS 50/60 HZ 1/60 HP FOR DESERT COOLERS,,"التاريخ: 21/02/1448
الموافق: 05/08/2026",05/08/2026,"التاريخ: 22/02/1448
الموافق: 06/08/2026",06/08/2026,,لا يوجد,داخل المملكة,
1092845,2026-08-15T20:03:32.405277+00:00,0.00,LAMP TUBE DAYLIGHT 600 MM LENGTH (20W FLUORESCENT OR 8W LED),,"التاريخ: 21/02/1448
الموافق: 05/08/2026",05/08/2026,"التاريخ: 22/02/1448
الموافق: 06/08/2026",06/08/2026,,لا يوجد,داخل المملكة,
1092847,2026-08-15T20:03:40.783410+00:00,0.00,TAPE SAFETY REFLECTIVE RED AND WHITE STRIPES,,"التاريخ: 21/02/1448
الموافق: 05/08/2026",05/08/2026,"التاريخ: 22/02/1448
الموافق: 06/08/2026",06/08/2026,,لا يوجد,داخل المملكة,
1092848,2026-08-15T20:03:48.821937+00:00,0.00,CLAMP HOSE MINI GALVANIZED CLAMP DIA:11MM TO 20MM (1/4 - 25/32 Inch) FOR PLUMBING,,"التاريخ: 21/02/1448
الموافق: 05/08/2026",05/08/2026,"التاريخ: 22/02/1448
الموافق: 06/08/2026",06/08/2026,,لا يوجد,داخل المملكة,
1092852,2026-08-15T20:03:57.621281+00:00,0.00,BREAKER CIRCUIT 230/415V 32AMPS 1POLE FOR LOW VOLTAGE HOUSING,,"التاريخ: 21/02/1448
الموافق: 05/08/2026",05/08/2026,"التاريخ: 22/02/1448
الموافق: 06/08/2026",06/08/2026,,لا يوجد,داخل المملكة,
1092854,2026-08-15T18:47:04.655093+00:00,0.00,LAMP LED E-27 -W7 DAYLIGHT 220V لمستشفى الحرس الوطني,,"التاريخ: 21/02/1448
الموافق: 05/08/2026",05/08/2026,"التاريخ: 22/02/1448
الموافق: 06/08/2026",06/08/2026,,لا يوجد,داخل المملكة,
1092856,2026-08-15T19:33:26.504444+00:00,0.00,CHEMICAL CALCIUM HYDROCHLORITE GRANULES 70% AVAILABLE CHLORINE,,"التاريخ: 21/02/1448
الموافق: 05/08/2026",05/08/2026,"التاريخ: 22/02/1448
الموافق: 06/08/2026",06/08/2026,,لا يوجد,داخل المملكة,
1092858,2026-08-15T19:33:34.661208+00:00,0.00,SCREEN ULTRA COLOR AMBER # 30 (3 ROLL OF 31/8 INCH ULTRA SCREEN X 1800 INCH/ROLL),,"التاريخ: 21/02/1448
الموافق: 05/08/2026",05/08/2026,"التاريخ: 22/02/1448
الموافق: 06/08/2026",06/08/2026,,لا يوجد,داخل المملكة,
1092861,2026-08-15T19:24:29.179744+00:00,0.00,TRAY PAPER LETTER SIZE PLASTIC لمستشفى الحرس الوطني,,"التاريخ: 25/02/1448
الموافق: 09/08/2026",09/08/2026,"التاريخ: 26/02/1448
الموافق: 10/08/2026",10/08/2026,,لا يوجد,داخل المملكة,
1092862,2026-08-15T19:24:36.830913+00:00,0.00,DRESS NIGHT UNISEX BLUE DIAMOND PRINT SIZE (S),,"التاريخ: 25/02/1448
الموافق: 09/08/2026",09/08/2026,"التاريخ: 26/02/1448
الموافق: 10/08/2026",10/08/2026,,لا يوجد,داخل المملكة,
1092864,2026-08-15T19:24:43.579057+00:00,0.00,SHEET DRAW LIGHT BEIGE 186 X 86 CM UNBLEACHED 100% COTTON TWILL WEAVE TWO HEMS AND SELVEDGES,,"التاريخ: 25/02/1448
الموافق: 09/08/2026",09/08/2026,"التاريخ: 26/02/1448
الموافق: 10/08/2026",10/08/2026,,لا يوجد,داخل المملكة,
1092866,2026-08-15T19:24:50.805449+00:00,0.00,TROUSER MALE COLOR WHITE SZ 36 لمستشفى الحرس الوطني,,"التاريخ: 25/02/1448
الموافق: 09/08/2026",09/08/2026,"التاريخ: 26/02/1448
الموافق: 10/08/2026",10/08/2026,,لا يوجد,داخل المملكة,
1092873,2026-08-15T19:33:42.466125+00:00,0.00,HVAC SPARE PART لمستشفى الحرس الوطني في الرياض,,"التاريخ: 21/02/1448
الموافق: 05/08/2026",05/08/2026,"التاريخ: 22/02/1448
الموافق: 06/08/2026",06/08/2026,,لا يوجد,داخل المملكة,
1092874,2026-08-15T20:04:05.541815+00:00,0.00,TO BE USED IN CENTRL LAUNDRY  لمستشفى الحرس الوطني,,"التاريخ: 22/02/1448
الموافق: 06/08/2026",06/08/2026,"التاريخ: 25/02/1448
الموافق: 09/08/2026",09/08/2026,,لا يوجد,داخل المملكة,
1092877,2026-08-15T19:24:56.885463+00:00,0.00,طفايات حريق خاصة بمضخات تعمل بديزل لمشتفى الحرس الوطني,,"التاريخ: 25/02/1448
الموافق: 09/08/2026",09/08/2026,"التاريخ: 26/02/1448
الموافق: 10/08/2026",10/08/2026,,لا يوجد,داخل المملكة,
1092894,2026-08-15T20:13:04.318692+00:00,0.00,طلبات الاعمال لموقع الامن والحماية,,"التاريخ: 20/02/1448
الموافق: 04/08/2026",04/08/2026,"التاريخ: 21/02/1448
الموافق: 05/08/2026",05/08/2026,,لا يوجد,داخل المملكة,
1092919,2026-08-15T18:16:55.724569+00:00,200.00,توريد نجيل صناعي وغراء نجيل لصيانة الجزر الوسطية والمسطحات الخضراء في بداء والقرى التابعة,5,"التاريخ: 05/03/1448
الموافق: 18/08/2026",18/08/2026,"التاريخ: 07/03/1448
الموافق: 20/08/2026",20/08/2026,,بلدية بداء,داخل المملكة,صيــانة الحدائق والمنتزهـات
1092925,2026-08-15T19:13:45.327573+00:00,0.00,تأمين أحبار للقيادة العامة لطيران الأمن,,"التاريخ: 28/02/1448
الموافق: 12/08/2026",12/08/2026,"التاريخ: 29/02/1448
الموافق: 13/08/2026",13/08/2026,,لا يوجد,داخل المملكة,
1092931,2026-08-15T18:27:26.039610+00:00,200.00,صيانة مقابر,6,"التاريخ: 12/03/1448
الموافق: 25/08/2026",25/08/2026,"التاريخ: 13/03/1448
الموافق: 26/08/2026",26/08/2026,,البير,داخل المملكة,
1092938,2026-08-15T19:13:53.593698+00:00,0.00,"توريد قطع غيار ميكانيكية ( BOOM,OIL SPILL CONTROL ) لمنظومة انتاج الجبيل 60020822",,"التاريخ: 18/03/1448
الموافق: 31/08/2026",31/08/2026,"التاريخ: 19/04/1448
الموافق: 01/10/2026",01/10/2026,,لا يوجد,داخل المملكة,
1092946,2026-08-15T19:40:27.705948+00:00,0.00,ترغب دارة الملك عبد العزيز ممثلة بإدارة العلاقات العامة والفعاليات بالاحتفال باليوم الوطني الـ 96 بالقاعة التذكارية.,,"التاريخ: 29/02/1448
الموافق: 13/08/2026",13/08/2026,"التاريخ: 01/03/1448
الموافق: 14/08/2026",14/08/2026,,لا يوجد,داخل المملكة,
1092955,2026-08-15T20:13:09.835191+00:00,0.00,صيانة بعض سيارات الإمارة شاملا توريد وتركيب القطع,,"التاريخ: 20/02/1448
الموافق: 04/08/2026",04/08/2026,"التاريخ: 21/02/1448
الموافق: 05/08/2026",05/08/2026,,لا يوجد,داخل المملكة,
1092962,2026-08-15T18:17:04.051132+00:00,1500.00,صيانة وأنسنة الطرق بمحافظة تنومة,5,"التاريخ: 13/03/1448
الموافق: 26/08/2026",26/08/2026,"التاريخ: 20/03/1448
الموافق: 02/09/2026",02/09/2026,,بلدية تنومة,داخل المملكة,
1092964,2026-08-15T19:22:09.150035+00:00,0.00,تأمين الاحتياج لتوريد ملابس كشفية لجوالة الجامعة لعام 1448,,"التاريخ: 26/02/1448
الموافق: 10/08/2026",10/08/2026,"التاريخ: 28/02/1448
الموافق: 12/08/2026",12/08/2026,,لا يوجد,داخل المملكة,
1092965,2026-08-15T19:33:48.619148+00:00,0.00,تأمين قطع غيار اليات التابعة لمديرية المنطقة الشرقية والإدارات ( الاحساء - بقيق - العديد ) DM 26 62 0106,,"التاريخ: 20/02/1448
الموافق: 04/08/2026",04/08/2026,"التاريخ: 21/02/1448
الموافق: 05/08/2026",05/08/2026,,لا يوجد,داخل المملكة,
1092993,2026-08-15T18:27:30.653668+00:00,0.00,توريد المواد وقطع الغيار (COMPRESSOR AIR )الهيئة السعودية للمياه منظومة انتاج جده - الساحل الغربي. 60020844,5,"التاريخ: 18/03/1448
الموافق: 31/08/2026",31/08/2026,"التاريخ: 10/04/1448
الموافق: 22/09/2026",22/09/2026,,الادارة التنفيذية للإمداد بالمركز الرئيسي بالرياض,داخل المملكة,
1093006,2026-08-15T20:20:28.964299+00:00,0.00,صيانة واصلاح الآلات التصوير والطابعات  التابعة لإدارة الشؤون افنية المركزية بمنطقة نجران,,"التاريخ: 19/02/1448
الموافق: 03/08/2026",03/08/2026,"التاريخ: 20/02/1448
الموافق: 04/08/2026",04/08/2026,,لا يوجد,داخل المملكة,
1093010,2026-08-15T19:25:04.168161+00:00,0.00,تأمين لوحات بشعار هوية الصحة القابضة لزوم مستشفى الامير سلمان بن محمد بالدلم والمراكز التابعة له,,"التاريخ: 10/03/1448
الموافق: 23/08/2026",23/08/2026,"التاريخ: 17/03/1448
الموافق: 30/08/2026",30/08/2026,,لا يوجد,داخل المملكة,
1093023,2026-08-15T20:20:36.337623+00:00,0.00,يهدف المشروع إلى تعزيز الانتماء الوطني لدى منسوبي مجلس الضمان الصحي من خلال تنظيم فعالية داخلية تفاعلية لهذه المناسبة.,,"التاريخ: 03/03/1448
الموافق: 16/08/2026",16/08/2026,"التاريخ: 10/04/1448
الموافق: 22/09/2026",22/09/2026,,لا يوجد,داخل المملكة,
1093050,2026-08-15T19:33:55.400470+00:00,0.00,KR1619 توريد مواد ولوازم بحثية خاصة بالمشروع البحثي HevolutionGrant - NRC23R/467/08/ خاص بمركز الملك عبدالله العالمي للابحاث الطبية بالرياض,,"التاريخ: 01/04/1448
الموافق: 13/09/2026",13/09/2026,"التاريخ: 02/04/1448
الموافق: 14/09/2026",14/09/2026,,لا يوجد,داخل المملكة,
1093054,2026-08-15T19:34:03.043301+00:00,0.00,KR1620 توريد مواد ولوازم بحثية خاصة بالمشروع البحثي HevolutionGrant - NRC23R/467/08/ خاص بمركز الملك عبدالله العالمي للابحاث الطبية بالرياض,,"التاريخ: 01/04/1448
الموافق: 13/09/2026",13/09/2026,"التاريخ: 02/04/1448
الموافق: 14/09/2026",14/09/2026,,لا يوجد,داخل المملكة,
1093062,2026-08-15T19:34:09.920285+00:00,0.00,KR1623 توريد مواد ولوازم بحثية خاصة بالمشروع البحثي HevolutionGrant - NRC23R/467/08/ خاص بمركز الملك عبدالله العالمي للابحاث الطبية بالرياض,,"التاريخ: 01/04/1448
الموافق: 13/09/2026",13/09/2026,"التاريخ: 02/04/1448
الموافق: 14/09/2026",14/09/2026,,لا يوجد,داخل المملكة,
1093063,2026-08-15T19:34:16.131388+00:00,0.00,KR1618 توريد مواد ولوازم بحثية خاصة بالمشروع البحثي Hevolution Project 23R/467/08 خاص بمركز الملك عبدالله العالمي للابحاث الطبية بالرياض,,"التاريخ: 21/03/1448
الموافق: 03/09/2026",03/09/2026,"التاريخ: 24/03/1448
الموافق: 06/09/2026",06/09/2026,,لا يوجد,داخل المملكة,
1093065,2026-08-15T19:25:12.720214+00:00,0.00,SPARE PARTS OF MEDICATION FRIGES IN WOMENs HOSPITAL .,,"التاريخ: 25/02/1448
الموافق: 09/08/2026",09/08/2026,"التاريخ: 26/02/1448
الموافق: 10/08/2026",10/08/2026,,لا يوجد,داخل المملكة,
1093066,2026-08-15T19:25:19.776857+00:00,0.00,"Adhesive sticky mat floor removes dust and dirt (26"" x45"" blue) 30 sheets per case سجاده لاصقه لحماية الارضيات من الغبار والاوساخ",,"التاريخ: 25/02/1448
الموافق: 09/08/2026",09/08/2026,"التاريخ: 26/02/1448
الموافق: 10/08/2026",10/08/2026,,لا يوجد,داخل المملكة,
1093067,2026-08-15T19:34:24.008466+00:00,0.00,KR1621 توريد مواد ولوازم بحثية خاصة بالمشروع البحثي Hevolution Project 23R/467/08 خاص بمركز الملك عبدالله العالمي للابحاث الطبية بالرياض,,"التاريخ: 21/03/1448
الموافق: 03/09/2026",03/09/2026,"التاريخ: 24/03/1448
الموافق: 06/09/2026",06/09/2026,,لا يوجد,داخل المملكة,
1093068,2026-08-15T19:14:01.532254+00:00,0.00,منافسة ترقية رخصة برنامج بعنوان ( ID Upgrade Enterprise To Exchange For Badging System.) لجامعة الملك سعود بن عبدالعزيز للعلوم الصحية في الرياض,,"التاريخ: 14/04/1448
الموافق: 26/09/2026",26/09/2026,"التاريخ: 24/04/1448
الموافق: 06/10/2026",06/10/2026,,لا يوجد,داخل المملكة,
1093069,2026-08-15T19:25:27.898207+00:00,0.00,KR1622 توريد مواد ولوازم بحثية خاصة بالمشروع البحثي Hevolution Project 23R/467/08 خاص بمركز الملك عبدالله العالمي للابحاث الطبية بالرياض,,"التاريخ: 21/03/1448
الموافق: 03/09/2026",03/09/2026,"التاريخ: 24/03/1448
الموافق: 06/09/2026",06/09/2026,,لا يوجد,داخل المملكة,
1093071,2026-08-15T19:25:33.602907+00:00,0.00,KR1624 توريد مواد ولوازم بحثية خاصة بالمشروع البحثي Hevolution Project 23R/467/08 خاص بمركز الملك عبدالله العالمي للابحاث الطبية بالرياض,,"التاريخ: 21/03/1448
الموافق: 03/09/2026",03/09/2026,"التاريخ: 24/03/1448
الموافق: 06/09/2026",06/09/2026,,لا يوجد,داخل المملكة,
1093080,2026-08-15T19:14:07.007535+00:00,0.00,MOBILTY TRANSFER CHAIR WITH INTEGRATED SEATING SYSTEM,,"التاريخ: 26/02/1448
الموافق: 10/08/2026",10/08/2026,"التاريخ: 27/02/1448
الموافق: 11/08/2026",11/08/2026,,لا يوجد,داخل المملكة,
1093108,2026-08-15T18:17:11.733742+00:00,0.00,احتياج القوات البحرية الملكية السعودية,,"التاريخ: 01/04/1448
الموافق: 13/09/2026",13/09/2026,"التاريخ: 15/04/1448
الموافق: 27/09/2026",27/09/2026,,لا يوجد,داخل المملكة,
1093132,2026-08-15T18:53:33.480618+00:00,0.00,بخصوص تأثيث ضيافة مركز المزروعية (المستحدث مؤخرا) التابع لقطاع القطيف,,"التاريخ: 03/03/1448
الموافق: 16/08/2026",16/08/2026,"التاريخ: 04/03/1448
الموافق: 17/08/2026",17/08/2026,,لا يوجد,داخل المملكة,
1093134,2026-08-15T18:53:38.492120+00:00,0.00,بحصوص تامين اثاث لزوم مبنى الضيافه بقاعدة حرس الحدود الساحلية بالخليح العربي بالمنطقة الشرقية,,"التاريخ: 03/03/1448
الموافق: 16/08/2026",16/08/2026,"التاريخ: 04/03/1448
الموافق: 17/08/2026",17/08/2026,,لا يوجد,داخل المملكة,
1093142,2026-08-15T20:04:12.693229+00:00,0.00,صيانة شاملة للمحرك الأيمن نوع VOLVO موديل D13C4 للواسطة البحرية رقم (م462) فئة 15م بعد المعاينة.,,"التاريخ: 22/02/1448
الموافق: 06/08/2026",06/08/2026,"التاريخ: 25/02/1448
الموافق: 09/08/2026",09/08/2026,,لا يوجد,داخل المملكة,الأعمال البحــريـة
1093155,2026-08-15T19:14:15.865584+00:00,0.00,Update current equipment and for new warehouses,,"التاريخ: 19/03/1448
الموافق: 01/09/2026",01/09/2026,"التاريخ: 19/04/1448
الموافق: 01/10/2026",01/10/2026,,لا يوجد,داخل المملكة,
1093158,2026-08-15T20:04:20.828508+00:00,0.00,حاجة بلدية محافظة قرية العليا إلى  أداة قص عشب للإدارة الخدمات,,"التاريخ: 21/02/1448
الموافق: 05/08/2026",05/08/2026,"التاريخ: 22/02/1448
الموافق: 06/08/2026",06/08/2026,,لا يوجد,داخل المملكة,
1093182,2026-08-15T18:47:10.666279+00:00,0.00,اصلاح حادث مركبة من نوع تايوتا كورلا موديل 2024 لمديرية مكافحة المخدرات بمنطقة الحدود الشمالية,,"التاريخ: 25/02/1448
الموافق: 09/08/2026",09/08/2026,"التاريخ: 26/02/1448
الموافق: 10/08/2026",10/08/2026,,لا يوجد,داخل المملكة,
1093186,2026-08-15T18:47:17.781311+00:00,0.00,اصلاح حادث مركبة من نوع تايوتا باص هاي اس موديل 2015 لمديرية مكافحة المخدرات بمنطقة الحدود الشمالية,,"التاريخ: 27/02/1448
الموافق: 11/08/2026",11/08/2026,"التاريخ: 28/02/1448
الموافق: 12/08/2026",12/08/2026,,لا يوجد,داخل المملكة,
1093189,2026-08-15T18:47:24.842290+00:00,0.00,اصلاح حادث مركبة من نوع تايوتا اف جي موديل 2018 لمديرية مكافحة المخدرات بمنطقة الحدود الشمالية,,"التاريخ: 25/02/1448
الموافق: 09/08/2026",09/08/2026,"التاريخ: 26/02/1448
الموافق: 10/08/2026",10/08/2026,,لا يوجد,داخل المملكة,
1093193,2026-08-15T20:20:42.332118+00:00,0.00,تامين وتركيب قطع غيار لأليات الدفاع المدني بمنطقة الجوف,,"التاريخ: 19/02/1448
الموافق: 03/08/2026",03/08/2026,"التاريخ: 20/02/1448
الموافق: 04/08/2026",04/08/2026,,لا يوجد,داخل المملكة,
1093199,2026-08-15T20:33:05.603554+00:00,0.00,تامين وتفصيل بدل لمراقبي الامن والسلامة,,"التاريخ: 20/02/1448
الموافق: 04/08/2026",04/08/2026,"التاريخ: 21/02/1448
الموافق: 05/08/2026",05/08/2026,,لا يوجد,داخل المملكة,
1093201,2026-08-15T18:47:30.321781+00:00,0.00,اصلاح حادث مركبة من نوع تايوتا هايلكس موديل 2018 لمديرية مكافحة المخدرات بمنطقة الحدود الشمالية,,"التاريخ: 26/02/1448
الموافق: 10/08/2026",10/08/2026,"التاريخ: 27/02/1448
الموافق: 11/08/2026",11/08/2026,,لا يوجد,داخل المملكة,
1093204,2026-08-15T19:14:23.040833+00:00,0.00,بشأن تامين (توريد + تركيب ) قطع غيار لسيارة تابعه لوزارة النقل والخدمات اللوجستية بمنطقه جازان,,"التاريخ: 25/02/1448
الموافق: 09/08/2026",09/08/2026,"التاريخ: 27/02/1448
الموافق: 11/08/2026",11/08/2026,,لا يوجد,داخل المملكة,
1093205,2026-08-15T18:47:36.059221+00:00,0.00,توريد وتركيب سارية علم للفروع التابعة لمكافحة المخدرات بمنطقة الحدود الشمالية,,"التاريخ: 27/02/1448
الموافق: 11/08/2026",11/08/2026,"التاريخ: 28/02/1448
الموافق: 12/08/2026",12/08/2026,,لا يوجد,داخل المملكة,
1093208,2026-08-15T20:13:15.221461+00:00,0.00,أعمال وجهات مسجد إدارة التشغيل والصيانة بالمنطقة الغربية,,"التاريخ: 20/02/1448
الموافق: 04/08/2026",04/08/2026,"التاريخ: 21/02/1448
الموافق: 05/08/2026",05/08/2026,,لا يوجد,داخل المملكة,
1093216,2026-08-15T18:17:18.634677+00:00,4000.00,تامين وتوريدمحروقات  لزوم معدات وسيارات بلدية مدينة انبوان,5,"التاريخ: 05/03/1448
الموافق: 18/08/2026",18/08/2026,"التاريخ: 11/03/1448
الموافق: 24/08/2026",24/08/2026,,بلدية انبوان,داخل المملكة,
1093219,2026-08-15T18:47:41.910516+00:00,0.00,توريد وتركيب قطع غيار السيارات لمديرية مكافحة المخدرات بمنطقة الحدود الشمالية,,"التاريخ: 27/02/1448
الموافق: 11/08/2026",11/08/2026,"التاريخ: 28/02/1448
الموافق: 12/08/2026",12/08/2026,,لا يوجد,داخل المملكة,
1093220,2026-08-15T18:27:37.312388+00:00,0.00,توريد مواد نجارة لفرع الإدارة الهندسية والأشغال بالجنوبية,,"التاريخ: 03/03/1448
الموافق: 16/08/2026",16/08/2026,"التاريخ: 10/03/1448
الموافق: 23/08/2026",23/08/2026,,لا يوجد,داخل المملكة,
1093224,2026-08-15T18:38:26.072260+00:00,0.00,تأمين قطع غيار وصيانة عامة لآليات الوقود,,"التاريخ: 07/03/1448
الموافق: 20/08/2026",20/08/2026,"التاريخ: 21/03/1448
الموافق: 03/09/2026",03/09/2026,,لا يوجد,داخل المملكة,
1093226,2026-08-15T19:14:30.089499+00:00,0.00,طلب اصلاح آليات قوة أمن المنشآت بالمنطقة الشرقية رقم 30903,,"التاريخ: 26/02/1448
الموافق: 10/08/2026",10/08/2026,"التاريخ: 27/02/1448
الموافق: 11/08/2026",11/08/2026,,لا يوجد,داخل المملكة,
1093230,2026-08-15T18:17:24.550177+00:00,0.00,60020854 - توريد بنزين 91 لمنظومة انتاج رأس الخير,5,"التاريخ: 19/12/1448
الموافق: 25/05/2027",25/05/2027,"التاريخ: 01/01/1449
الموافق: 05/06/2027",05/06/2027,,الرياض المركز الرئيسي إدارة المشتريات الدور الرابع مكتب رقم 18,داخل المملكة,
1093231,2026-08-15T19:14:38.124766+00:00,0.00,طلب اصلاح آليات قوة أمن المنشآت بالمنطقة الشرقية رقم 28767,,"التاريخ: 26/02/1448
الموافق: 10/08/2026",10/08/2026,"التاريخ: 27/02/1448
الموافق: 11/08/2026",11/08/2026,,لا يوجد,داخل المملكة,
1093233,2026-08-15T18:27:44.451380+00:00,0.00,إعادة تأهيل دورات مياه لموقع للدفاع الجوي بجازان,,"التاريخ: 10/03/1448
الموافق: 23/08/2026",23/08/2026,"التاريخ: 17/03/1448
الموافق: 30/08/2026",30/08/2026,,لا يوجد,داخل المملكة,المبـــاني
1093234,2026-08-15T19:34:30.030833+00:00,0.00,توريد مواد  لصالح مدينة الملك عبدالعزيز الطبية بجدة,,"التاريخ: 26/11/1448
الموافق: 02/05/2027",02/05/2027,"التاريخ: 30/11/1448
الموافق: 06/05/2027",06/05/2027,,لا يوجد,داخل المملكة,
1093236,2026-08-15T19:34:38.429709+00:00,0.00,توريد مواد  لصالح مدينة الملك عبدالعزيز الطبية بجدة,,"التاريخ: 26/11/1448
الموافق: 02/05/2027",02/05/2027,"التاريخ: 30/11/1448
الموافق: 06/05/2027",06/05/2027,,لا يوجد,داخل المملكة,
1093244,2026-08-15T19:51:31.509493+00:00,0.00,أعمال نزح مياه الصرف الصحي بمديرية المنطقة ولإدارات الخارجية بالمنطقة الشرقية,,"التاريخ: 21/02/1448
الموافق: 05/08/2026",05/08/2026,"التاريخ: 22/02/1448
الموافق: 06/08/2026",06/08/2026,,لا يوجد,داخل المملكة,صيانة وتشغيل أعمال المياه والصرف الصحي
1093259,2026-08-15T19:25:41.156495+00:00,0.00,قطع غيار وأعمال صيانة للأليات ومعدات تابعة لمديرية الدفاع المدني بمنطقة الرياض الإدارة الشؤون الفنية المركزية,,"التاريخ: 24/02/1448
الموافق: 08/08/2026",08/08/2026,"التاريخ: 25/02/1448
الموافق: 09/08/2026",09/08/2026,,لا يوجد,داخل المملكة,
1093269,2026-08-15T20:20:49.729087+00:00,0.00,تأمين قطع غيار فورد F550 التابعه لإدارة الشؤون الفنية المركزية بمنطقة نجران,,"التاريخ: 19/02/1448
الموافق: 03/08/2026",03/08/2026,"التاريخ: 20/02/1448
الموافق: 04/08/2026",04/08/2026,,لا يوجد,داخل المملكة,
1093288,2026-08-15T19:14:45.664051+00:00,0.00,تأمين قطع غيار وإصلاح للآليات قوة أمن المنشآت بالمنطقة الشرقية,,"التاريخ: 26/02/1448
الموافق: 10/08/2026",10/08/2026,"التاريخ: 27/02/1448
الموافق: 11/08/2026",11/08/2026,,لا يوجد,داخل المملكة,
1093290,2026-08-15T19:14:51.990303+00:00,0.00,تأمين قطع غيار وإصلاح للآليات قوة أمن المنشآت بالمنطقة الشرقية,,"التاريخ: 26/02/1448
الموافق: 10/08/2026",10/08/2026,"التاريخ: 27/02/1448
الموافق: 11/08/2026",11/08/2026,,لا يوجد,داخل المملكة,
1093326,2026-08-15T20:20:55.249066+00:00,0.00,أعمال صيانة وإصلاح إدارة الدفاع المدني بالرس وبعض مباني الدفاع المدني بمنطقة القصيم,,"التاريخ: 19/02/1448
الموافق: 03/08/2026",03/08/2026,"التاريخ: 20/02/1448
الموافق: 04/08/2026",04/08/2026,,لا يوجد,داخل المملكة,
1093347,2026-08-15T20:21:01.245685+00:00,0.00,تأمين قطع غيار الالات والمعدات  التابعة لإدارة الشؤون الفنية المركزية بمنطقة نجران,,"التاريخ: 19/02/1448
الموافق: 03/08/2026",03/08/2026,"التاريخ: 20/02/1448
الموافق: 04/08/2026",04/08/2026,,لا يوجد,داخل المملكة,
1093351,2026-08-15T18:17:31.447288+00:00,500.00,تهدف هذه المنافسة إلى توريد رخص منصة بيم للتواصل المؤسسي لصالح مركز التأمين الصحي الوطني وذلك لتمكين منسوبي الجهة من استخدام منصة رقمية متكاملة وآمنه بين التواصل المؤسسي والعمل الجماعي لتنظيم وانتاجية وتوحيد الاعمال في منصة واحدة.,5,"التاريخ: 18/03/1448
الموافق: 31/08/2026",31/08/2026,"التاريخ: 01/04/1448
الموافق: 13/09/2026",13/09/2026,,مكتب مركز التأمين الصحي الوطني,داخل المملكة,
1093353,2026-08-15T19:34:45.345195+00:00,0.00,تجهيز مقر لخدمات المرضى (CARELINK) بكامل ملحقاته لتعزيز تجربة المريض وخدمة ذوي الإعاقة في مستشفى الملك خالد بالخرج,,"التاريخ: 25/02/1448
الموافق: 09/08/2026",09/08/2026,"التاريخ: 26/02/1448
الموافق: 10/08/2026",10/08/2026,,لا يوجد,داخل المملكة,
1093356,2026-08-15T19:40:34.036709+00:00,0.00,مشروع استبدال صورة سيدي خادم الحرمين الشريفين الملك سلمان بن عبدالعزيز ال سعود حفظه الله ورعاه بواجه المبنى الرئيسي بمجمع الملك عبدالله الطبي بجدة,,"التاريخ: 25/02/1448
الموافق: 09/08/2026",09/08/2026,"التاريخ: 26/02/1448
الموافق: 10/08/2026",10/08/2026,,لا يوجد,داخل المملكة,
1093366,2026-08-15T18:17:38.202204+00:00,1000.00,مشروع تأمين سيارات بنظام التأجير لبلدية روضة هباس,5,"التاريخ: 07/03/1448
الموافق: 20/08/2026",20/08/2026,"التاريخ: 10/03/1448
الموافق: 23/08/2026",23/08/2026,,بلدية روضة هباس - قسم المشتريات,داخل المملكة,
1093376,2026-08-15T20:13:20.743368+00:00,0.00,تأمين قطع غيار واصلاح اليات المواد الخطرة بالدفاع المدني بمنطقة الجوف,,"التاريخ: 20/02/1448
الموافق: 04/08/2026",04/08/2026,"التاريخ: 21/02/1448
الموافق: 05/08/2026",05/08/2026,,لا يوجد,داخل المملكة,
1093387,2026-08-15T19:27:24.556801+00:00,0.00,صيانة وتشغيل وحدات تكييف مركزية مدمجة مختلفة السعات بقاعدة الصيانة بجدة,,"التاريخ: 22/02/1448
الموافق: 06/08/2026",06/08/2026,"التاريخ: 25/02/1448
الموافق: 09/08/2026",09/08/2026,,لا يوجد,داخل المملكة,
1093395,2026-08-15T19:40:41.233275+00:00,0.00,منافسة تجهيز الاحتفال باليوم الوطني 96 في مستشفى الملك عبدالله التخصصي بالقصيم التابع للشؤون الصحية بوزارة الحرس الوطني بتاريخ 22/09/2026.,,"التاريخ: 29/02/1448
الموافق: 13/08/2026",13/08/2026,"التاريخ: 10/04/1448
الموافق: 22/09/2026",22/09/2026,,لا يوجد,داخل المملكة,
1093397,2026-08-15T19:40:47.901874+00:00,0.00,خدمة المسح الأمني للهيئة العامة للمساحة المعلومات الجيومكانية,,"التاريخ: 14/03/1448
الموافق: 27/08/2026",27/08/2026,"التاريخ: 21/03/1448
الموافق: 03/09/2026",03/09/2026,,لا يوجد,داخل المملكة,
1093399,2026-08-15T19:34:52.024887+00:00,0.00,تأمين رخص لتحرير ملفات PDF مع الدعم الفني بمستشفى الملك سلمان التخصصي بالطائف التابع للشؤون الصحية بوزارة الحرس الوطني,,"التاريخ: 07/03/1448
الموافق: 20/08/2026",20/08/2026,"التاريخ: 08/04/1448
الموافق: 20/09/2026",20/09/2026,,لا يوجد,داخل المملكة,
1093441,2026-08-15T19:52:11.676785+00:00,0.00,ايجار خيمة تفتيش باكاديمية وزارة الداخلية لامن الحدود,,"التاريخ: 01/04/1448
الموافق: 13/09/2026",13/09/2026,"التاريخ: 02/04/1448
الموافق: 14/09/2026",14/09/2026,,لا يوجد,داخل المملكة,
1093470,2026-08-15T19:25:47.179693+00:00,0.00,تأمين دروع وكوينزات لزوم مناطق حرس الحدود,,"التاريخ: 25/02/1448
الموافق: 09/08/2026",09/08/2026,"التاريخ: 26/02/1448
الموافق: 10/08/2026",10/08/2026,,لا يوجد,داخل المملكة,
1093489,2026-08-15T18:17:45.581213+00:00,0.00,تأمين قطع غيار واصلاح اليات الدفاع المدني بمنطقة مكة المكرمة,,"التاريخ: 06/03/1448
الموافق: 19/08/2026",19/08/2026,"التاريخ: 07/03/1448
الموافق: 20/08/2026",20/08/2026,,لا يوجد,داخل المملكة,
1093492,2026-08-15T18:17:51.408131+00:00,0.00,تأمين قطع غيار واصلاح اليات الدفاع المدني بمحافظة رابغ,,"التاريخ: 06/03/1448
الموافق: 19/08/2026",19/08/2026,"التاريخ: 07/03/1448
الموافق: 20/08/2026",20/08/2026,,لا يوجد,داخل المملكة,
1093493,2026-08-15T19:34:58.733924+00:00,0.00,تأمين قطع غيار اليات التابعة لمديرية المنطقة الشرقية والإدارات ( حفر الباطن - الجبيل - قرية العليا - الخفجي - رأس تنورة - النعيرية ) DM 26 62 0107,,"التاريخ: 26/02/1448
الموافق: 10/08/2026",10/08/2026,"التاريخ: 27/02/1448
الموافق: 11/08/2026",11/08/2026,,لا يوجد,داخل المملكة,
1093494,2026-08-15T18:18:00.079918+00:00,0.00,تأمين فلاتر متنوعة للاليات التابعة بمديرية الدفاع المدني بمنطقة مكة المكرمة,,"التاريخ: 06/03/1448
الموافق: 19/08/2026",19/08/2026,"التاريخ: 07/03/1448
الموافق: 20/08/2026",20/08/2026,,لا يوجد,داخل المملكة,
1093497,2026-08-15T18:18:06.331490+00:00,0.00,تأمين قطع غيار واصلاح اليات الدفاع المدني بمحافظة خليص,,"التاريخ: 06/03/1448
الموافق: 19/08/2026",19/08/2026,"التاريخ: 07/03/1448
الموافق: 20/08/2026",20/08/2026,,لا يوجد,داخل المملكة,
1093499,2026-08-15T18:18:12.522528+00:00,0.00,تأمين قطع غيار واصلاح اليات الد\فاع المدني بمنطقة مكة المكرمة,,"التاريخ: 06/03/1448
الموافق: 19/08/2026",19/08/2026,"التاريخ: 07/03/1448
الموافق: 20/08/2026",20/08/2026,,لا يوجد,داخل المملكة,
1093502,2026-08-15T18:18:19.141803+00:00,0.00,تأمين قطع غيار واصلاح اليات الد\فاع المدني بمنطقة مكة المكرمة,,"التاريخ: 06/03/1448
الموافق: 19/08/2026",19/08/2026,"التاريخ: 07/03/1448
الموافق: 20/08/2026",20/08/2026,,لا يوجد,داخل المملكة,
1093504,2026-08-15T18:18:27.209846+00:00,0.00,تأمين قطع غيار واصلاح اليات الدفاع المدني بمنطقة مكة المكرمة,,"التاريخ: 06/03/1448
الموافق: 19/08/2026",19/08/2026,"التاريخ: 07/03/1448
الموافق: 20/08/2026",20/08/2026,,لا يوجد,داخل المملكة,
1093506,2026-08-15T18:18:33.851781+00:00,0.00,تأمين قطع غيار واصلاح اليات الدفاع المدني بمنطقة مكة المكرمة,,"التاريخ: 06/03/1448
الموافق: 19/08/2026",19/08/2026,"التاريخ: 07/03/1448
الموافق: 20/08/2026",20/08/2026,,لا يوجد,داخل المملكة,
1093508,2026-08-15T18:18:40.920802+00:00,0.00,تأمين قطع غيار واصلاح اليات الدفاع المدني بمنطقة مكة المكرمة,,"التاريخ: 06/03/1448
الموافق: 19/08/2026",19/08/2026,"التاريخ: 07/03/1448
الموافق: 20/08/2026",20/08/2026,,لا يوجد,داخل المملكة,
1093509,2026-08-15T19:14:58.326731+00:00,0.00,تأمين قطع غيار واصلاح اليات الدفاع المدني بمنطقة مكة المكرمة,,"التاريخ: 28/02/1448
الموافق: 12/08/2026",12/08/2026,"التاريخ: 29/02/1448
الموافق: 13/08/2026",13/08/2026,,لا يوجد,داخل المملكة,
1093511,2026-08-15T18:18:49.296863+00:00,0.00,تأمين قطع غيار واصلاح اليات الدفاع المدني بمنطقة مكة المكرمة,,"التاريخ: 06/03/1448
الموافق: 19/08/2026",19/08/2026,"التاريخ: 07/03/1448
الموافق: 20/08/2026",20/08/2026,,لا يوجد,داخل المملكة,
1093515,2026-08-15T18:18:56.115998+00:00,0.00,تأمين قطع غيار واصلاح اليات الدفاع المدني بمحافظة القنفذة,,"التاريخ: 06/03/1448
الموافق: 19/08/2026",19/08/2026,"التاريخ: 07/03/1448
الموافق: 20/08/2026",20/08/2026,,لا يوجد,داخل المملكة,
1093517,2026-08-15T19:15:06.851606+00:00,0.00,تأمين قطع غيار واصلاح اليات الدفاع المدني بمحافظة ترية,,"التاريخ: 28/02/1448
الموافق: 12/08/2026",12/08/2026,"التاريخ: 29/02/1448
الموافق: 13/08/2026",13/08/2026,,لا يوجد,داخل المملكة,
1093535,2026-08-15T19:05:13.574959+00:00,0.00,جدول كميات تأمين أدوات كهرباء وسباكة لمديرية الدفاع المدني بمنطقة الباحة والإدارات التابعة لها 1448هـ,,"التاريخ: 28/02/1448
الموافق: 12/08/2026",12/08/2026,"التاريخ: 29/02/1448
الموافق: 13/08/2026",13/08/2026,,لا يوجد,داخل المملكة,
1093550,2026-08-15T19:15:13.888819+00:00,0.00,CR2389 توريد كتب اطفال للعام الاكاديمي الجديد 2026/2027 لمركز الجامعة لرعاية الطفل التابع لجامعة الملك سعود بن عبدالعزيز للعلوم الصحية بالرياض,,"التاريخ: 02/04/1448
الموافق: 14/09/2026",14/09/2026,"التاريخ: 03/04/1448
الموافق: 15/09/2026",15/09/2026,,لا يوجد,داخل المملكة,
1093555,2026-08-15T19:15:21.449712+00:00,0.00,عقد مؤقت مع شركة مكافحة الحشرات,,"التاريخ: 25/02/1448
الموافق: 09/08/2026",09/08/2026,"التاريخ: 26/02/1448
الموافق: 10/08/2026",10/08/2026,,لا يوجد,داخل المملكة,
1093556,2026-08-15T19:15:27.667068+00:00,0.00,CR2193 توريد دراجات اطفال لفترة التربية البدنية والأنشطة اليومية لمركز الجامعة لرعاية الطفل بجامعة الملك سعود بن عبدالعزيز للعلوم الصحية بالرياض,,"التاريخ: 02/04/1448
الموافق: 14/09/2026",14/09/2026,"التاريخ: 03/04/1448
الموافق: 15/09/2026",15/09/2026,,لا يوجد,داخل المملكة,
1093559,2026-08-15T19:05:21.076183+00:00,0.00,تجهيز وتأثيث مقر إدارة التدريب بمستشفى شرق جدة,,"التاريخ: 03/03/1448
الموافق: 16/08/2026",16/08/2026,"التاريخ: 05/03/1448
الموافق: 18/08/2026",18/08/2026,,لا يوجد,داخل المملكة,
1093567,2026-08-15T18:47:48.494078+00:00,0.00,توريد مواد تكييف الهواء - سكن الموظفين  بمستشفى الامام عبدالرحمن بن فيصل بالدمام التابع للشؤون الصحية بوزارة الحرس الوطني DR220061 (حتمي),,"التاريخ: 26/02/1448
الموافق: 10/08/2026",10/08/2026,"التاريخ: 27/02/1448
الموافق: 11/08/2026",11/08/2026,,لا يوجد,داخل المملكة,
1093574,2026-08-15T18:47:55.686766+00:00,0.00,توريد المستلزمات الصحية لدورات مياه المستشفيات بمستشفى الامام عبدالرحمن بن فيصل بالدمام التابع للشؤون الصحية بوزارة الحرس الوطني DR224463 (حتمي),,"التاريخ: 26/02/1448
الموافق: 10/08/2026",10/08/2026,"التاريخ: 27/02/1448
الموافق: 11/08/2026",11/08/2026,,لا يوجد,داخل المملكة,
1093576,2026-08-15T18:48:04.112042+00:00,0.00,توريد بلاط أسقف بنمط رقعة الشطرنج / بلاط أسقف أولمبيا مايكرو بمستشفى الامام عبدالرحمن بن فيصل بالدمام التابع للشؤون الصحية بوزارة الحرس الوطني DR221923 (حتمي),,"التاريخ: 26/02/1448
الموافق: 10/08/2026",10/08/2026,"التاريخ: 27/02/1448
الموافق: 11/08/2026",11/08/2026,,لا يوجد,داخل المملكة,
1093599,2026-08-15T19:25:52.595466+00:00,0.00,تأمين بطاريات متنوعة التابعة أدارة الشؤون الفنية المركزية بمنطقة نجران,,"التاريخ: 25/02/1448
الموافق: 09/08/2026",09/08/2026,"التاريخ: 26/02/1448
الموافق: 10/08/2026",10/08/2026,,لا يوجد,داخل المملكة,
1093602,2026-08-15T19:25:58.960255+00:00,0.00,خدمة الاحتفال باليوم الوطني من خلال العرضة السعودية والأركان التي ترمز لليوم الوطني 96 بمستوى يليق بالشؤون الصحية وذلك بتجهيز مكان الحفل وجميع المتطلبات الأخرى كما هو موضح في جدول الكميات، جميع البنود المراد تقديمها هي فقط لمدة الحفل وعروض الأسعار المقدمة من المتنافسين تمثل تكلفة استئجار هذه البنود خلال مدة الحفل.,,"التاريخ: 03/03/1448
الموافق: 16/08/2026",16/08/2026,"التاريخ: 17/03/1448
الموافق: 30/08/2026",30/08/2026,,لا يوجد,داخل المملكة,
1093702,2026-08-15T18:27:50.406898+00:00,0.00,لقاء تركيب وإزالة ملصق للاحتفال باليوم الوطني لفرع الوزارة بالمنطقة الشرقية ومبنى إدارة المساجد والدعوة والإرشاد بمحافظة الاحساء ومبنى إدارة المساجد والدعوة والإرشاد بالدمام,,"التاريخ: 05/03/1448
الموافق: 18/08/2026",18/08/2026,"التاريخ: 11/04/1448
الموافق: 23/09/2026",23/09/2026,,لا يوجد,داخل المملكة,
1093711,2026-08-15T19:40:54.120103+00:00,0.00,توريد كتب دراسية للروضة بمستشفى الهدا العسكري,,"التاريخ: 26/02/1448
الموافق: 10/08/2026",10/08/2026,"التاريخ: 27/02/1448
الموافق: 11/08/2026",11/08/2026,,لا يوجد,داخل المملكة,
1093721,2026-08-15T18:59:30.513202+00:00,0.00,مشروع إيصال مستودعات الجامعة بشبكة كيابل ضوئية,,"التاريخ: 25/02/1448
الموافق: 09/08/2026",09/08/2026,"التاريخ: 26/02/1448
الموافق: 10/08/2026",10/08/2026,,لا يوجد,داخل المملكة,
1093726,2026-08-15T18:19:01.940837+00:00,0.00,تأمين قطع غيار واصلاح اليات الدفاع المدني بمنطقة مكة المكرمة,,"التاريخ: 06/03/1448
الموافق: 19/08/2026",19/08/2026,"التاريخ: 07/03/1448
الموافق: 20/08/2026",20/08/2026,,لا يوجد,داخل المملكة,
1093727,2026-08-15T18:19:08.117042+00:00,0.00,تأمين قطع غيار واصلاح اليات الدفاع المدني بمنطقة مكة المكرمة,,"التاريخ: 06/03/1448
الموافق: 19/08/2026",19/08/2026,"التاريخ: 07/03/1448
الموافق: 20/08/2026",20/08/2026,,لا يوجد,داخل المملكة,
1093743,2026-08-15T18:53:46.912595+00:00,0.00,بشأن (توريد وتركيب)  قطع غيار السيارات التابعة لوزراة النقل والخدمات اللوجستية بمنطقه جازان,,"التاريخ: 28/02/1448
الموافق: 12/08/2026",12/08/2026,"التاريخ: 29/02/1448
الموافق: 13/08/2026",13/08/2026,,لا يوجد,داخل المملكة,
1093771,2026-08-15T18:38:33.023294+00:00,0.00,تأمين قطع غيار بلدزور كوماتسو رقم 13357 تابعة لقيادة حرس الحدود بمنطقة نجران,,"التاريخ: 03/03/1448
الموافق: 16/08/2026",16/08/2026,"التاريخ: 04/03/1448
الموافق: 17/08/2026",17/08/2026,,لا يوجد,داخل المملكة,
1093775,2026-08-15T19:05:28.728572+00:00,0.00,60020879 - توريد قطع غيار ميكانيكية لمنظومة انتاج رأس الخير بالساحل الشرقي,,"التاريخ: 12/12/1448
الموافق: 18/05/2027",18/05/2027,"التاريخ: 01/01/1449
الموافق: 05/06/2027",05/06/2027,,لا يوجد,داخل المملكة,
1093784,2026-08-15T19:11:10.799913+00:00,0.00,توريد و تركيب نظام كاميرات مراقبة امنية CCTV داخلي و خارجي لزوم مستشفى الولادة والاطفال بالخرج,,"التاريخ: 26/02/1448
الموافق: 10/08/2026",10/08/2026,"التاريخ: 27/02/1448
الموافق: 11/08/2026",11/08/2026,,لا يوجد,داخل المملكة,
1093795,2026-08-15T18:53:54.276306+00:00,0.00,تأمين وتوريد قطع غيار إستهلاكية للآليات التابعة لقوة أمن المنشآت بمنطقة مكة المكرمة طلب رقم (12),,"التاريخ: 03/03/1448
الموافق: 16/08/2026",16/08/2026,"التاريخ: 05/03/1448
الموافق: 18/08/2026",18/08/2026,,لا يوجد,داخل المملكة,"صيانة وتشغيل الأعمال الميكانيكيـة, الأعمال الميكانيكية"
1093802,2026-08-15T18:54:01.143980+00:00,0.00,بشأن (توريد وتركيب ) قطع غيار للسيارات التابعة لوزارة النقل والخدمات اللوجستية بمنطقه جازان,,"التاريخ: 28/02/1448
الموافق: 12/08/2026",12/08/2026,"التاريخ: 29/02/1448
الموافق: 13/08/2026",13/08/2026,,لا يوجد,داخل المملكة,
1093803,2026-08-15T18:38:40.202216+00:00,0.00,تأمين احتياجات ملتقى ومعرض استقبال طلبة الجامعة للعام الدراسي 1448ه,,"التاريخ: 29/02/1448
الموافق: 13/08/2026",13/08/2026,"التاريخ: 03/03/1448
الموافق: 16/08/2026",16/08/2026,,لا يوجد,داخل المملكة,
1093806,2026-08-15T19:26:04.669527+00:00,0.00,تامين قطع غيار الآلات و المعدات وصيانتها (دهان الرجيع )28-2026,,"التاريخ: 25/02/1448
الموافق: 09/08/2026",09/08/2026,"التاريخ: 26/02/1448
الموافق: 10/08/2026",10/08/2026,,لا يوجد,داخل المملكة,
1093829,2026-08-15T18:19:14.084007+00:00,0.00,تأمين وتوريد وتركيب لزوم بعض سيارات الإمارة,,"التاريخ: 26/02/1448
الموافق: 10/08/2026",10/08/2026,"التاريخ: 27/02/1448
الموافق: 11/08/2026",11/08/2026,,لا يوجد,داخل المملكة,
1093831,2026-08-15T19:26:11.533897+00:00,0.00,تأمين قطع غيار الاّليات التابعة للإدارة العامة للدفاع المدني بحفر الباطن,,"التاريخ: 25/02/1448
الموافق: 09/08/2026",09/08/2026,"التاريخ: 26/02/1448
الموافق: 10/08/2026",10/08/2026,,لا يوجد,داخل المملكة,
1093838,2026-08-15T18:38:46.584886+00:00,0.00,معايرة العدد والأجهزة الالكترونية الخاصة بصيانة الطائرات لهيئة المساحة الجيولوجية السعودية,,"التاريخ: 27/02/1448
الموافق: 11/08/2026",11/08/2026,"التاريخ: 28/02/1448
الموافق: 12/08/2026",12/08/2026,,لا يوجد,داخل المملكة,
1093854,2026-08-15T19:05:37.312691+00:00,0.00,حاجة بلدية محافظة قرية العليا إلى توريد معدات  حفر زراعية,,"التاريخ: 29/02/1448
الموافق: 13/08/2026",13/08/2026,"التاريخ: 03/03/1448
الموافق: 16/08/2026",16/08/2026,,لا يوجد,داخل المملكة,
1093859,2026-08-15T19:35:06.203658+00:00,0.00,عملية توريد زيوت وفلاتر سيارات ديوان الامارة,,"التاريخ: 03/03/1448
الموافق: 16/08/2026",16/08/2026,"التاريخ: 07/03/1448
الموافق: 20/08/2026",20/08/2026,,لا يوجد,داخل المملكة,
1093865,2026-08-15T19:26:19.629568+00:00,0.00,"Supply Spare parts for computers, mobile devices, printers and scanners in MNGHA Riyadh and PHCs توريد قطع غيار أجهزة الكمبيوتر والأجهزة المحمولة والطابعات والماسحات الضوئية بمستشفى الحرس الوطني بالرياض",,"التاريخ: 25/02/1448
الموافق: 09/08/2026",09/08/2026,"التاريخ: 26/02/1448
الموافق: 10/08/2026",10/08/2026,,لا يوجد,داخل المملكة,
1093869,2026-08-15T19:15:34.184960+00:00,0.00,"DANFOSS COMPRESSOR,BRISTOLCOMPRESSOR, PRESSURE WASHER",,"التاريخ: 25/02/1448
الموافق: 09/08/2026",09/08/2026,"التاريخ: 26/02/1448
الموافق: 10/08/2026",10/08/2026,,لا يوجد,داخل المملكة,
1093874,2026-08-15T19:05:42.445275+00:00,0.00,MiniMuffs for neonatal patients MR7400 (MRI-compatible); CAT#040216 or 040341,,"التاريخ: 26/02/1448
الموافق: 10/08/2026",10/08/2026,"التاريخ: 27/02/1448
الموافق: 11/08/2026",11/08/2026,,لا يوجد,داخل المملكة,
1093885,2026-08-15T18:19:19.458492+00:00,0.00,تأمين قطع غيار واصلاح اليات الدفاع المدني بمنطقة مكة المكرمة,,"التاريخ: 06/03/1448
الموافق: 19/08/2026",19/08/2026,"التاريخ: 07/03/1448
الموافق: 20/08/2026",20/08/2026,,لا يوجد,داخل المملكة,
1093904,2026-08-15T19:05:49.246209+00:00,0.00,قطع غيار وأعمال صيانة للأليات ومعدات تابعة لمديرية الدفاع المدني بمنطقة الرياض الإدارة الشؤون الفنية المركزية,,"التاريخ: 26/02/1448
الموافق: 10/08/2026",10/08/2026,"التاريخ: 27/02/1448
الموافق: 11/08/2026",11/08/2026,,لا يوجد,داخل المملكة,
1093909,2026-08-15T18:27:56.197495+00:00,0.00,تأمين وتركيب سجاد موكيت لجناح سعادة المدير العام لضيافة المنطقة,,"التاريخ: 28/03/1448
الموافق: 10/09/2026",10/09/2026,"التاريخ: 29/03/1448
الموافق: 11/09/2026",11/09/2026,,لا يوجد,داخل المملكة,
1093920,2026-08-15T19:35:13.668587+00:00,0.00,صيانة ملفات ضواغط فريون للورشة المركزية بالمجموعة الخامسة بالشرقية,,"التاريخ: 04/03/1448
الموافق: 17/08/2026",17/08/2026,"التاريخ: 11/03/1448
الموافق: 24/08/2026",24/08/2026,,لا يوجد,داخل المملكة,
1093949,2026-08-15T19:35:21.270356+00:00,0.00,تجهيز وتركيب غرفة عزل بضغط سلبي لحماية المرضى والمراجعين من العدوى بقسم الطوارىء بمستشفى وادي الدواسر العام,,"التاريخ: 25/02/1448
الموافق: 09/08/2026",09/08/2026,"التاريخ: 26/02/1448
الموافق: 10/08/2026",10/08/2026,,لا يوجد,داخل المملكة,
1093966,2026-08-15T18:19:26.828185+00:00,0.00,توريد UPS 10KVA/ 10KW/230V/1Phase /CB63/60HZ بمستشفى الامام عبدالرحمن بن فيصل بالدمام التابع للشؤون الصحية بوزارة الحرس الوطني DR223787 (حتمي),,"التاريخ: 03/03/1448
الموافق: 16/08/2026",16/08/2026,"التاريخ: 04/03/1448
الموافق: 17/08/2026",17/08/2026,,لا يوجد,داخل المملكة,
1093970,2026-08-15T19:05:56.826607+00:00,0.00,توريد مواد صناعية لمستشفى الملك سلمان التخصصي بالحرس الوطني بالطائف,,"التاريخ: 27/02/1448
الموافق: 11/08/2026",11/08/2026,"التاريخ: 28/02/1448
الموافق: 12/08/2026",12/08/2026,,لا يوجد,داخل المملكة,
1093973,2026-08-15T19:06:03.589927+00:00,0.00,توريد مواد صناعية لمستشفى الملك سلمان التخصصي بالحرس الوطني بالطائف,,"التاريخ: 27/02/1448
الموافق: 11/08/2026",11/08/2026,"التاريخ: 28/02/1448
الموافق: 12/08/2026",12/08/2026,,لا يوجد,داخل المملكة,
1093974,2026-08-15T19:06:08.612660+00:00,0.00,توريد مواد صناعية لمستشفى الملك سلمان التخصصي بالحرس الوطني بالطائف,,"التاريخ: 27/02/1448
الموافق: 11/08/2026",11/08/2026,"التاريخ: 28/02/1448
الموافق: 12/08/2026",12/08/2026,,لا يوجد,داخل المملكة,
1093980,2026-08-15T19:06:14.871521+00:00,0.00,توريد مواد صناعية لمستشفى الملك سلمان التخصصي بالحرس الوطني بالطائف,,"التاريخ: 27/02/1448
الموافق: 11/08/2026",11/08/2026,"التاريخ: 28/02/1448
الموافق: 12/08/2026",12/08/2026,,لا يوجد,داخل المملكة,
1094005,2026-08-15T18:54:08.912788+00:00,0.00,عملية تجهيز مختبر النوم بمستشفى عسير المركزي,,"التاريخ: 05/03/1448
الموافق: 18/08/2026",18/08/2026,"التاريخ: 13/03/1448
الموافق: 26/08/2026",26/08/2026,,لا يوجد,داخل المملكة,
1094009,2026-08-15T18:19:33.071484+00:00,0.00,تسعى دارة الملك عبد العزيز ممثلة بالإدارة التنفيذية للبحوث والنشر من خلال هذه المنافسة لإبرام اتفاقية إطارية مع عدة موردين لمشروع إعداد ومراجعة الأبحاث العلمية الخاصة بمشروع تاريخ الدولة السعودية.,5,"التاريخ: 22/03/1448
الموافق: 04/09/2026",04/09/2026,"التاريخ: 23/03/1448
الموافق: 05/09/2026",05/09/2026,,منصه اعتماد,داخل المملكة,
1094051,2026-08-15T18:54:14.703093+00:00,0.00,توريد مستلزمات صناعية لمستشفى الملك سلمان التخصصي للشؤون الصحية بوزارة الحرس الوطني بالطائف,,"التاريخ: 26/02/1448
الموافق: 10/08/2026",10/08/2026,"التاريخ: 27/02/1448
الموافق: 11/08/2026",11/08/2026,,لا يوجد,داخل المملكة,
1094066,2026-08-15T19:06:22.990980+00:00,0.00,عقد رفع النفايات الغير طبية عدد 10 حاويات مقاس 6 ياردة,,"التاريخ: 27/02/1448
الموافق: 11/08/2026",11/08/2026,"التاريخ: 28/02/1448
الموافق: 12/08/2026",12/08/2026,,لا يوجد,داخل المملكة,
1094069,2026-08-15T19:26:27.977572+00:00,0.00,حاجة فرع الوزارة لضيافة لمكتب المدير العام,,"التاريخ: 27/02/1448
الموافق: 11/08/2026",11/08/2026,"التاريخ: 03/03/1448
الموافق: 16/08/2026",16/08/2026,,لا يوجد,داخل المملكة,
1094071,2026-08-15T19:41:03.095086+00:00,0.00,توريد وتامين بطاريات للزوارق ( منظومة اللوقير ),,"التاريخ: 26/02/1448
الموافق: 10/08/2026",10/08/2026,"التاريخ: 27/02/1448
الموافق: 11/08/2026",11/08/2026,,لا يوجد,داخل المملكة,
1094078,2026-08-15T18:57:22.613493+00:00,0.00,توريد مواد  لصالح مدينة الملك عبدالعزيز الطبية بجدة,,"التاريخ: 26/11/1448
الموافق: 02/05/2027",02/05/2027,"التاريخ: 30/11/1448
الموافق: 06/05/2027",06/05/2027,,لا يوجد,داخل المملكة,
1094094,2026-08-15T18:38:53.135034+00:00,0.00,بشأن ( توريد وتركيب ) قطع غيار للسيارات التابعة لوزارة النقل والخدمات اللوجستية بمنطقه جازان,,"التاريخ: 29/02/1448
الموافق: 13/08/2026",13/08/2026,"التاريخ: 03/03/1448
الموافق: 16/08/2026",16/08/2026,,لا يوجد,داخل المملكة,
1094096,2026-08-15T18:57:04.535174+00:00,0.00,لضمان استمرارية تقديم الرعاية الصحية للمرضى دون انقطاع يتحتم توفير هذا البند(حتمي),,"التاريخ: 28/02/1448
الموافق: 12/08/2026",12/08/2026,"التاريخ: 03/03/1448
الموافق: 16/08/2026",16/08/2026,,لا يوجد,داخل المملكة,
1094102,2026-08-15T18:54:22.068395+00:00,0.00,توريد مواد  لصالح مدينة الملك عبدالعزيز الطبية بجدة,,"التاريخ: 26/11/1448
الموافق: 02/05/2027",02/05/2027,"التاريخ: 30/11/1448
الموافق: 06/05/2027",06/05/2027,,لا يوجد,داخل المملكة,
1094124,2026-08-15T19:15:38.941769+00:00,0.00,تنفيذ أعمال تأمين وتوريد عدد ( 30 ) لوحة رول أب مقاس 1م * 2م  للفرع والإدارات والمكاتب التابعة + تركيب إضاءة لد على كامل مبنى الفرع بطول 200 م بقوة 400 واط + استئجار 20 كشاف للفرع والإدارات والمكاتب التابعة + علم مقاس 3م* 4م عدد ( 3 ) حسب جدول الكميات المرفق وتوجيه الجهه المشرفة,,"التاريخ: 29/02/1448
الموافق: 13/08/2026",13/08/2026,"التاريخ: 09/04/1448
الموافق: 21/09/2026",21/09/2026,,لا يوجد,داخل المملكة,
1094129,2026-08-15T19:15:46.432738+00:00,0.00,اقامة معرض اليوم الوطني بالمديرية العامة لحرس الحدود,,"التاريخ: 26/02/1448
الموافق: 10/08/2026",10/08/2026,"التاريخ: 27/02/1448
الموافق: 11/08/2026",11/08/2026,,لا يوجد,داخل المملكة,
1094134,2026-08-15T19:26:33.822471+00:00,0.00,زيوت وفلاتر اجهزة تنفس التابعة ادارة الشؤون الفنية المركزية بمنطقة نجران,,"التاريخ: 25/02/1448
الموافق: 09/08/2026",09/08/2026,"التاريخ: 26/02/1448
الموافق: 10/08/2026",10/08/2026,,لا يوجد,داخل المملكة,
1094137,2026-08-15T18:28:02.054240+00:00,0.00,تأمين ستر عاكسة للمديرية العامة لحرس الحدود,,"التاريخ: 10/03/1448
الموافق: 23/08/2026",23/08/2026,"التاريخ: 24/03/1448
الموافق: 06/09/2026",06/09/2026,,لا يوجد,داخل المملكة,
1094152,2026-08-15T18:19:38.097093+00:00,0.00,تأمين قطع غيار سيارات وآليات ومعدات لزوم غرفة الإمداد إدارة الشؤون الفنية المركزية بمنطقة الرياض,,"التاريخ: 02/03/1448
الموافق: 15/08/2026",15/08/2026,"التاريخ: 03/03/1448
الموافق: 16/08/2026",16/08/2026,,لا يوجد,داخل المملكة,
1094182,2026-08-15T18:19:42.696092+00:00,0.00,تأمين وتوريد وتركيب قطع غيار مع اصلاح لزوم سيارت الإمارة,,"التاريخ: 27/02/1448
الموافق: 11/08/2026",11/08/2026,"التاريخ: 28/02/1448
الموافق: 12/08/2026",12/08/2026,,لا يوجد,داخل المملكة,
1094195,2026-08-15T19:35:27.645933+00:00,0.00,توريد وتركيب ابواب سحب كهربائية شتر بقسم الإدارة الهندسية والأشغال بجدة,,"التاريخ: 29/02/1448
الموافق: 13/08/2026",13/08/2026,"التاريخ: 07/03/1448
الموافق: 20/08/2026",20/08/2026,,لا يوجد,داخل المملكة,
1094202,2026-08-15T19:35:32.307417+00:00,0.00,إصلاح قطع كيبل مع أعمال التوصيل بمجموعة الدفاع الجوي الثانية,,"التاريخ: 29/02/1448
الموافق: 13/08/2026",13/08/2026,"التاريخ: 07/03/1448
الموافق: 20/08/2026",20/08/2026,,لا يوجد,داخل المملكة,
1094227,2026-08-15T18:54:29.336845+00:00,0.00,تجديد تراخيص مكافح الفيروسات لمجمع الملك عبدالعزيز للمكتبات الوقفية,,"التاريخ: 29/02/1448
الموافق: 13/08/2026",13/08/2026,"التاريخ: 03/03/1448
الموافق: 16/08/2026",16/08/2026,,لا يوجد,داخل المملكة,
1094230,2026-08-15T18:54:35.965083+00:00,0.00,تجديد و تفعيل اشتراكات برامج تقنية لمجمع الملك عبد العزيز للمكتبات الوقفية,,"التاريخ: 03/03/1448
الموافق: 16/08/2026",16/08/2026,"التاريخ: 04/03/1448
الموافق: 17/08/2026",17/08/2026,,لا يوجد,داخل المملكة,
1094242,2026-08-15T18:54:43.390052+00:00,0.00,توريد مواد  لصالح مدينة الملك عبدالعزيز الطبية بجدة,,"التاريخ: 26/11/1448
الموافق: 02/05/2027",02/05/2027,"التاريخ: 30/11/1448
الموافق: 06/05/2027",06/05/2027,,لا يوجد,داخل المملكة,
1094252,2026-08-15T18:54:51.328722+00:00,0.00,توريد مواد  لصالح مدينة الملك عبدالعزيز الطبية بجدة,,"التاريخ: 26/11/1448
الموافق: 02/05/2027",02/05/2027,"التاريخ: 30/11/1448
الموافق: 06/05/2027",06/05/2027,,لا يوجد,داخل المملكة,
1094255,2026-08-15T18:54:59.582054+00:00,0.00,توريد مواد  لصالح مدينة الملك عبدالعزيز الطبية بجدة,,"التاريخ: 26/11/1448
الموافق: 02/05/2027",02/05/2027,"التاريخ: 30/11/1448
الموافق: 06/05/2027",06/05/2027,,لا يوجد,داخل المملكة,
1094261,2026-08-15T18:55:05.672617+00:00,0.00,توريد مواد  لصالح مدينة الملك عبدالعزيز الطبية بجدة,,"التاريخ: 26/11/1448
الموافق: 02/05/2027",02/05/2027,"التاريخ: 30/11/1448
الموافق: 06/05/2027",06/05/2027,,لا يوجد,داخل المملكة,
1094269,2026-08-15T19:06:29.444642+00:00,0.00,توريد مواد  لصالح مدينة الملك عبدالعزيز الطبية بجدة,,"التاريخ: 26/11/1448
الموافق: 02/05/2027",02/05/2027,"التاريخ: 30/11/1448
الموافق: 06/05/2027",06/05/2027,,لا يوجد,داخل المملكة,
1094291,2026-08-15T19:06:36.438767+00:00,0.00,تسعى إدارة الإخلاء الطبي الجوي لصيانة لفك وتركيب محركين بالإضافة إلى فحص (12 سنة) لهوائي الطائرة (Antenna)، لطائرةSN. 4324  Gulfstream GIV-X G450 HZ-MS4B,,"التاريخ: 03/03/1448
الموافق: 16/08/2026",16/08/2026,"التاريخ: 10/03/1448
الموافق: 23/08/2026",23/08/2026,,لا يوجد,داخل المملكة,
1094356,2026-08-15T19:06:45.528667+00:00,0.00,فلتر أولي   (Pre-Filter) لمستشفى الحرس الوطني,,"التاريخ: 27/02/1448
الموافق: 11/08/2026",11/08/2026,"التاريخ: 28/02/1448
الموافق: 12/08/2026",12/08/2026,,لا يوجد,داخل المملكة,
1094361,2026-08-15T19:06:53.152122+00:00,0.00,FireFlow Particile Filter (P3 Filter) لمستشفى الحرس الوطني,,"التاريخ: 27/02/1448
الموافق: 11/08/2026",11/08/2026,"التاريخ: 28/02/1448
الموافق: 12/08/2026",12/08/2026,,لا يوجد,داخل المملكة,
1094371,2026-08-15T19:07:00.177675+00:00,0.00,صندوق تخزين بلاستيك مقاس 9 قابلة للتكديس,,"التاريخ: 27/02/1448
الموافق: 11/08/2026",11/08/2026,"التاريخ: 28/02/1448
الموافق: 12/08/2026",12/08/2026,,لا يوجد,داخل المملكة,
1094373,2026-08-15T19:07:07.087544+00:00,0.00,SPARE FOR MEDICAL AIR PLANT- GA22   SER NO.ITJ757431,,"التاريخ: 27/02/1448
الموافق: 11/08/2026",11/08/2026,"التاريخ: 28/02/1448
الموافق: 12/08/2026",12/08/2026,,لا يوجد,داخل المملكة,
1094374,2026-08-15T19:07:14.234398+00:00,0.00,"Johnson Controls Field Equipment programmable controller,    model : FEC2621-0",,"التاريخ: 27/02/1448
الموافق: 11/08/2026",11/08/2026,"التاريخ: 28/02/1448
الموافق: 12/08/2026",12/08/2026,,لا يوجد,داخل المملكة,
1094375,2026-08-15T19:07:20.467158+00:00,0.00,Schneider Electric Harmony P6 power unit for the Women's Health Hospital  وحدة الطاقة Schneider Electric Harmony P6 لمستشفى صحة المرأة,,"التاريخ: 27/02/1448
الموافق: 11/08/2026",11/08/2026,"التاريخ: 28/02/1448
الموافق: 12/08/2026",12/08/2026,,لا يوجد,داخل المملكة,
1094376,2026-08-15T19:07:27.462566+00:00,0.00,SUM-26-244 Dell-Certified Hard Disk Drives (HDDs) وحدات تخزين صلبة معتمده من ديل توريد فقط,,"التاريخ: 27/02/1448
الموافق: 11/08/2026",11/08/2026,"التاريخ: 28/02/1448
الموافق: 12/08/2026",12/08/2026,,لا يوجد,داخل المملكة,
1094378,2026-08-15T18:55:13.587206+00:00,0.00,"SPARE PART OF PHYSIOLOGIC PORTABLE MONITOR, MODEL: INFINITY DELTA, MANUF: DRAEGER, SN: 6005892965, WO 845288 قطع غيار لـ PHYSIOLOGIC PORTABLE MONITOR,",,"التاريخ: 27/02/1448
الموافق: 11/08/2026",11/08/2026,"التاريخ: 28/02/1448
الموافق: 12/08/2026",12/08/2026,,لا يوجد,داخل المملكة,
1094379,2026-08-15T18:55:18.510491+00:00,0.00,"SPARE PARTS OF CENTRIFUGES, TABLETOP, LOW-SPEED, NON-REFRIGERATED, MODEL: Z206 A, MANUF: HERMLE, WO 825668 & 825667 قطع غيار لجهاز الطرد المركزي",,"التاريخ: 27/02/1448
الموافق: 11/08/2026",11/08/2026,"التاريخ: 28/02/1448
الموافق: 12/08/2026",12/08/2026,,لا يوجد,داخل المملكة,
1094380,2026-08-15T18:55:24.382375+00:00,0.00,مضخة ماء للمولد الكهربائي نوع دوسان G-0021-400921,,"التاريخ: 27/02/1448
الموافق: 11/08/2026",11/08/2026,"التاريخ: 28/02/1448
الموافق: 12/08/2026",12/08/2026,,لا يوجد,داخل المملكة,
1094381,2026-08-15T18:55:30.708103+00:00,0.00,Cement board size: 100mm thickness x 240cm x 120cm لوح اسمنتي,,"التاريخ: 27/02/1448
الموافق: 11/08/2026",11/08/2026,"التاريخ: 28/02/1448
الموافق: 12/08/2026",12/08/2026,,لا يوجد,داخل المملكة,
1094399,2026-08-15T18:48:11.486660+00:00,0.00,وريد كابل كهرباء للغلاية المركزية  supply of power cable for hospital central boiler بمستشفى الامام عبدالرحمن بن فيصل بالدمام التابع للشؤون الصحية بوزارة الحرس الوطني DR223471 (حتمي),,"التاريخ: 26/02/1448
الموافق: 10/08/2026",10/08/2026,"التاريخ: 27/02/1448
الموافق: 11/08/2026",11/08/2026,,لا يوجد,داخل المملكة,
1094404,2026-08-15T18:19:48.599162+00:00,0.00,تأمين بطاريات لصيانة الميادين المغلقة والمفتوحة بالمنطقة الشمالية الغربية,,"التاريخ: 04/03/1448
الموافق: 17/08/2026",17/08/2026,"التاريخ: 05/03/1448
الموافق: 18/08/2026",18/08/2026,,لا يوجد,داخل المملكة,
1094436,2026-08-15T18:56:45.130299+00:00,0.00,توريد وتركيب عدد 22 برادة ماء بكامل ملحقاتها بأكاديمية وزارة الداخلية لأمن الحدود,,"التاريخ: 10/03/1448
الموافق: 23/08/2026",23/08/2026,"التاريخ: 11/03/1448
الموافق: 24/08/2026",24/08/2026,,لا يوجد,داخل المملكة,
1094438,2026-08-15T19:15:51.826078+00:00,0.00,تأمين قطع غيار واصلاح وصيانة لآلات التصوير والطابعات بالدفاع المدني بالجوف,,"التاريخ: 26/02/1448
الموافق: 10/08/2026",10/08/2026,"التاريخ: 27/02/1448
الموافق: 11/08/2026",11/08/2026,,لا يوجد,داخل المملكة,
1094439,2026-08-15T19:15:59.365995+00:00,0.00,تأمين فلاتر ( متنوعه ) لآليات ومركبات الدفاع المدني بمنطقة الجوف,,"التاريخ: 26/02/1448
الموافق: 10/08/2026",10/08/2026,"التاريخ: 27/02/1448
الموافق: 11/08/2026",11/08/2026,,لا يوجد,داخل المملكة,
1094442,2026-08-15T19:07:34.410865+00:00,0.00,تأمين الاحتياجات لادارة البنية التحتية بالادارة العامة لتقنية المعلومات,,"التاريخ: 28/02/1448
الموافق: 12/08/2026",12/08/2026,"التاريخ: 29/02/1448
الموافق: 13/08/2026",13/08/2026,,لا يوجد,داخل المملكة,
1094444,2026-08-15T19:26:39.397691+00:00,0.00,توريد وتركيب مضخات صرف غاطسة,,"التاريخ: 25/02/1448
الموافق: 09/08/2026",09/08/2026,"التاريخ: 26/02/1448
الموافق: 10/08/2026",10/08/2026,,لا يوجد,داخل المملكة,
1094470,2026-08-15T19:09:50.499540+00:00,0.00,تأمين مستلزمات وأجهزة طبية وقطع غيار لمركز الأمير سلطان لمعالجة أمراض وجراحة القلب,,"التاريخ: 28/02/1448
الموافق: 12/08/2026",12/08/2026,"التاريخ: 29/02/1448
الموافق: 13/08/2026",13/08/2026,,لا يوجد,داخل المملكة,
1094476,2026-08-15T18:38:59.748298+00:00,0.00,أعمال توريد مياه صالحة للشرب لمبنى المديرية العامة للدفاع المدني (طريق الدمام),,"التاريخ: 03/03/1448
الموافق: 16/08/2026",16/08/2026,"التاريخ: 04/03/1448
الموافق: 17/08/2026",17/08/2026,,لا يوجد,داخل المملكة,
1094493,2026-08-15T19:07:42.892511+00:00,0.00,توريد مواد  لصالح مدينة الملك عبدالعزيز الطبية بجدة,,"التاريخ: 26/11/1448
الموافق: 02/05/2027",02/05/2027,"التاريخ: 30/11/1448
الموافق: 06/05/2027",06/05/2027,,لا يوجد,داخل المملكة,
1094520,2026-08-15T19:26:47.648503+00:00,0.00,تأمين كفرات للناقلة مرسيدس 2005 أ ر ن 1086 وبطاريه للدقاق دايو 2002  10/509 مع التركيب فرع وزارة النقل والخدمات اللوجستية بمنطقة مكة المكرمة,,"التاريخ: 27/02/1448
الموافق: 11/08/2026",11/08/2026,"التاريخ: 28/02/1448
الموافق: 12/08/2026",12/08/2026,,لا يوجد,داخل المملكة,
1094531,2026-08-15T19:07:51.911334+00:00,0.00,حاجة  بلدية محافظة قرية العليا إلى اغراض  ضيافة,,"التاريخ: 27/02/1448
الموافق: 11/08/2026",11/08/2026,"التاريخ: 28/02/1448
الموافق: 12/08/2026",12/08/2026,,لا يوجد,داخل المملكة,
1094540,2026-08-15T18:59:35.915367+00:00,0.00,تأمين مستلزمات وأجهزة طبية وقطع غيار لمركز الأمير سلطان لمعالجة أمراض وجراحة القلب,,"التاريخ: 28/02/1448
الموافق: 12/08/2026",12/08/2026,"التاريخ: 29/02/1448
الموافق: 13/08/2026",13/08/2026,,لا يوجد,داخل المملكة,
1094577,2026-08-15T19:07:57.923382+00:00,0.00,توريد أدوات سباكة لبلدية الخبراء,,"التاريخ: 29/02/1448
الموافق: 13/08/2026",13/08/2026,"التاريخ: 03/03/1448
الموافق: 16/08/2026",16/08/2026,,لا يوجد,داخل المملكة,
1094579,2026-08-15T19:08:04.648635+00:00,0.00,صيانة المكيفات المركزية لبلدية الخبراء,,"التاريخ: 28/02/1448
الموافق: 12/08/2026",12/08/2026,"التاريخ: 29/02/1448
الموافق: 13/08/2026",13/08/2026,,لا يوجد,داخل المملكة,صيانة وتشغيل الأعمال الكهربائية
1094595,2026-08-15T19:08:10.651006+00:00,0.00,توريد وتركيب لوحات إرشادية في طريق الملك فهد  السريع مخرج المجمعة والزلفي,,"التاريخ: 29/02/1448
الموافق: 13/08/2026",13/08/2026,"التاريخ: 04/03/1448
الموافق: 17/08/2026",17/08/2026,,لا يوجد,داخل المملكة,
1094639,2026-08-15T18:57:52.446839+00:00,0.00,تأمين قطع غيار (اصلية) لعدد من سيارات فرع الوزارة بالمنطقة الشرقية,,"التاريخ: 27/02/1448
الموافق: 11/08/2026",11/08/2026,"التاريخ: 28/02/1448
الموافق: 12/08/2026",12/08/2026,,لا يوجد,داخل المملكة,
1094664,2026-08-15T18:39:07.145316+00:00,0.00,تشغيل صالة السفر الخاصة بإدارة الاخلاء الطبي الجوي لتسيير الرحلات الدولية والداخلية,,"التاريخ: 29/02/1448
الموافق: 13/08/2026",13/08/2026,"التاريخ: 03/03/1448
الموافق: 16/08/2026",16/08/2026,,لا يوجد,داخل المملكة,
1094676,2026-08-15T19:26:53.631610+00:00,0.00,فك وتركيب صاري ارتفاع (100) قدم الخاص بمبنى مركز الدفاع المدني بالقوارة بمحافظة عيون الجواء (القديم) وتركيبه بالمبنى الجديد,,"التاريخ: 29/02/1448
الموافق: 13/08/2026",13/08/2026,"التاريخ: 03/03/1448
الموافق: 16/08/2026",16/08/2026,,لا يوجد,داخل المملكة,
1094706,2026-08-15T19:16:07.121676+00:00,0.00,يهدف المشروع إلى نقل المعاملات العادية والعاجلة داخل مدينة الرياض والى جميع مناطق المملكة.,,"التاريخ: 24/03/1448
الموافق: 06/09/2026",06/09/2026,"التاريخ: 01/04/1448
الموافق: 13/09/2026",13/09/2026,,لا يوجد,داخل المملكة,
1094709,2026-08-15T18:59:42.898235+00:00,0.00,Modular Decon Kit (MDK) - Mass Casualty Decontamination System,,"التاريخ: 26/02/1448
الموافق: 10/08/2026",10/08/2026,"التاريخ: 27/02/1448
الموافق: 11/08/2026",11/08/2026,,لا يوجد,داخل المملكة,
1094716,2026-08-15T19:08:18.769807+00:00,0.00,مشروع أعمال ترميم المضمار لأحد المواقع التابعة لكلية نايف للأمن الوطني مع تقديم واعتماد العينات قبل البدء بالعمل وتوريد المواد والمعدات والعمال وجميع العناصر اللازمة لتنفيذ وإتمام الأعمال المبينة في العقد.,,"التاريخ: 28/02/1448
الموافق: 12/08/2026",12/08/2026,"التاريخ: 29/02/1448
الموافق: 13/08/2026",13/08/2026,,لا يوجد,داخل المملكة,
1094717,2026-08-15T19:08:26.762952+00:00,0.00,توريد حمض الهيدروكلوريك لمنظومة إنتاج الخبر الساحل الشرقي 60020914,,"التاريخ: 24/03/1448
الموافق: 06/09/2026",06/09/2026,"التاريخ: 24/04/1448
الموافق: 06/10/2026",06/10/2026,,لا يوجد,داخل المملكة,
1094759,2026-08-15T18:56:51.810905+00:00,0.00,توريد أدوات رياضية لأكاديمية وزارة الداخلية لأمن الحدود,,"التاريخ: 17/03/1448
الموافق: 30/08/2026",30/08/2026,"التاريخ: 18/03/1448
الموافق: 31/08/2026",31/08/2026,,لا يوجد,داخل المملكة,
1094762,2026-08-15T18:56:57.973468+00:00,0.00,توريد ملبوسات رياضية لأكاديمية وزارة الداخلية لأمن الحدود,,"التاريخ: 17/03/1448
الموافق: 30/08/2026",30/08/2026,"التاريخ: 18/03/1448
الموافق: 31/08/2026",31/08/2026,,لا يوجد,داخل المملكة,
1094772,2026-08-15T19:08:33.908113+00:00,0.00,توريد مواد كيماوية (حمض الهايدروليك) لمنظومة انتاج الخفجي الساحل الشرقي 60020916,,"التاريخ: 22/04/1448
الموافق: 04/10/2026",04/10/2026,"التاريخ: 23/05/1448
الموافق: 03/11/2026",03/11/2026,,لا يوجد,داخل المملكة,
1094774,2026-08-15T19:16:14.309278+00:00,0.00,توريد وتركيب محابس وطقم اصلاح,,"التاريخ: 18/03/1448
الموافق: 31/08/2026",31/08/2026,"التاريخ: 19/03/1448
الموافق: 01/09/2026",01/09/2026,,لا يوجد,داخل المملكة,
1094775,2026-08-15T18:19:54.654210+00:00,0.00,احلال وتوريد وتركيب غرفة تبريد بقسم الصيدلية بمستشفى أضم العام,,"التاريخ: 10/03/1448
الموافق: 23/08/2026",23/08/2026,"التاريخ: 11/03/1448
الموافق: 24/08/2026",24/08/2026,,لا يوجد,داخل المملكة,المعدات الإلكترونية الطبية / المختبرية
1094776,2026-08-15T18:39:15.432017+00:00,0.00,توريد المواد وقطع الغيار (CHMCL HYDROCHL ACD )الهيئة السعودية للمياه منظومة انتاج الشعيبة- الساحل الغربي. 60020917,,"التاريخ: 29/02/1448
الموافق: 13/08/2026",13/08/2026,"التاريخ: 18/03/1448
الموافق: 31/08/2026",31/08/2026,,لا يوجد,داخل المملكة,
1094777,2026-08-15T18:39:23.083096+00:00,0.00,توريد المواد وقطع الغيار (CHMCL HYDROCHL ACD )الهيئة السعودية للمياه منظومة انتاج الشقيق - الساحل الغربي. 60020918,,"التاريخ: 29/02/1448
الموافق: 13/08/2026",13/08/2026,"التاريخ: 17/03/1448
الموافق: 30/08/2026",30/08/2026,,لا يوجد,داخل المملكة,
1094778,2026-08-15T18:39:30.490525+00:00,0.00,توريد المواد وقطع الغيار (CHMCL HYDROCHL ACD )الهيئة السعودية للمياه منظومة انتاج ينبع- الساحل الغربي. 60020919,,"التاريخ: 29/02/1448
الموافق: 13/08/2026",13/08/2026,"التاريخ: 18/03/1448
الموافق: 31/08/2026",31/08/2026,,لا يوجد,داخل المملكة,
1094825,2026-08-15T18:39:38.122998+00:00,0.00,إصدار تقرير رفع مساحي لغرض نقل ملكية الصك لمعهد تدريب قوات أمن وحماية المنشآت بالمنطقة الشرقية,,"التاريخ: 03/03/1448
الموافق: 16/08/2026",16/08/2026,"التاريخ: 04/03/1448
الموافق: 17/08/2026",17/08/2026,,لا يوجد,داخل المملكة,"تنظيــم المواقــع, الطــــرق, إنشاء الطرق وتشمل (الأعمال الترابية الردم والتسوية والدك), المباني الفولاذية (الحديدية), المبـــاني, إدارة الشوارع"
1094842,2026-08-15T19:08:40.580554+00:00,0.00,60020924 - توريد مواد كيميائية لمنظومة انتاج رأس الخير بالساحل الشرقي,,"التاريخ: 20/11/1448
الموافق: 26/04/2027",26/04/2027,"التاريخ: 19/12/1448
الموافق: 25/05/2027",25/05/2027,,لا يوجد,داخل المملكة,
1094858,2026-08-15T18:39:46.533888+00:00,0.00,اصلاح الابواب الاوتوماتيكية لقسم الأشعة,,"التاريخ: 29/02/1448
الموافق: 13/08/2026",13/08/2026,"التاريخ: 03/03/1448
الموافق: 16/08/2026",16/08/2026,,لا يوجد,داخل المملكة,
1094906,2026-08-15T18:20:02.648893+00:00,0.00,توريد وتركيب قطع غيار لسيارات الامارة (9) 2026م,,"التاريخ: 03/03/1448
الموافق: 16/08/2026",16/08/2026,"التاريخ: 04/03/1448
الموافق: 17/08/2026",17/08/2026,,لا يوجد,داخل المملكة,
1094913,2026-08-15T19:27:01.022094+00:00,0.00,كراسة رقم 266286 تامين قطع غيار عدة اليات تابعه عدة ادارات,,"التاريخ: 25/02/1448
الموافق: 09/08/2026",09/08/2026,"التاريخ: 26/02/1448
الموافق: 10/08/2026",10/08/2026,,لا يوجد,داخل المملكة,
1094914,2026-08-15T19:27:10.132070+00:00,0.00,كراسة رقم 266289 تامين قطع غيار عدة اليات تابعه عدة ادارات,,"التاريخ: 25/02/1448
الموافق: 09/08/2026",09/08/2026,"التاريخ: 26/02/1448
الموافق: 10/08/2026",10/08/2026,,لا يوجد,داخل المملكة,
1094947,2026-08-15T18:55:39.412925+00:00,0.00,تامين فلاتر ومساحات سيارات واليات الدفاع المدني لغرفة الامداد,,"التاريخ: 28/02/1448
الموافق: 12/08/2026",12/08/2026,"التاريخ: 29/02/1448
الموافق: 13/08/2026",13/08/2026,,لا يوجد,داخل المملكة,
1094954,2026-08-15T18:28:08.800572+00:00,0.00,مضخة  وقود  بنزين  بعداد  مع  مسدس  و هوز,,"التاريخ: 04/03/1448
الموافق: 17/08/2026",17/08/2026,"التاريخ: 07/03/1448
الموافق: 20/08/2026",20/08/2026,,لا يوجد,داخل المملكة,
1094981,2026-08-15T19:16:23.397245+00:00,0.00,كراسة رقم 266188 تامين قطع غيار عدة اليات ومعدات,,"التاريخ: 25/02/1448
الموافق: 09/08/2026",09/08/2026,"التاريخ: 26/02/1448
الموافق: 10/08/2026",10/08/2026,,لا يوجد,داخل المملكة,
1095001,2026-08-15T18:39:54.127556+00:00,0.00,تأمين قطع غيار وإصﻼح لبعض آليات الدفاع المدني بمحافظة القريات,,"التاريخ: 28/02/1448
الموافق: 12/08/2026",12/08/2026,"التاريخ: 29/02/1448
الموافق: 13/08/2026",13/08/2026,,لا يوجد,داخل المملكة,
1095005,2026-08-15T18:39:59.999787+00:00,0.00,توريد مواد كيماوية (  SULPHURIC ACID ) لمنظومة الشعيبة بالساحل الغربي 60020933,,"التاريخ: 27/03/1448
الموافق: 09/09/2026",09/09/2026,"التاريخ: 25/04/1448
الموافق: 07/10/2026",07/10/2026,,لا يوجد,داخل المملكة,
1095031,2026-08-15T18:28:16.194913+00:00,0.00,توريد وتركيب عدد (37) بند لزوم غرفة زجاجية لزوم سلاح الإشارة بالرياض,,"التاريخ: 06/03/1448
الموافق: 19/08/2026",19/08/2026,"التاريخ: 05/04/1448
الموافق: 17/09/2026",17/09/2026,,لا يوجد,داخل المملكة,
1095059,2026-08-15T19:27:15.193710+00:00,0.00,كراسة رقم 266290 تامين قطع غيار عدة اليات تابعه عدة ادارات,,"التاريخ: 25/02/1448
الموافق: 09/08/2026",09/08/2026,"التاريخ: 26/02/1448
الموافق: 10/08/2026",10/08/2026,,لا يوجد,داخل المملكة,
1095077,2026-08-15T18:28:21.730452+00:00,0.00,توريد وتركيب قطع غيار واصلاحات شيفروليه كابرس موديل 1992,,"التاريخ: 03/03/1448
الموافق: 16/08/2026",16/08/2026,"التاريخ: 05/03/1448
الموافق: 18/08/2026",18/08/2026,,لا يوجد,داخل المملكة,
1095078,2026-08-15T18:28:28.502307+00:00,0.00,توريد و تركيب قطع غيار للورشة المركزية بقيادة القوات 2,,"التاريخ: 03/03/1448
الموافق: 16/08/2026",16/08/2026,"التاريخ: 05/03/1448
الموافق: 18/08/2026",18/08/2026,,لا يوجد,داخل المملكة,
1095085,2026-08-15T18:55:46.082795+00:00,0.00,تأمين كراسي انتظار للمراكز الصحية  بوادي الدواسر حسب معايير الزائر السري وسلامة المرضى,,"التاريخ: 28/02/1448
الموافق: 12/08/2026",12/08/2026,"التاريخ: 29/02/1448
الموافق: 13/08/2026",13/08/2026,,لا يوجد,داخل المملكة,
1095098,2026-08-15T18:20:10.267725+00:00,0.00,لحاجة العمل الضروري بورشة  المنازل المرجوعه,,"التاريخ: 27/03/1448
الموافق: 09/09/2026",09/09/2026,"التاريخ: 09/04/1448
الموافق: 21/09/2026",21/09/2026,,لا يوجد,داخل المملكة,
1095116,2026-08-15T18:28:35.622221+00:00,0.00,تأمين احبار طابعات الباركود والبطاقات لزوم مستودع الادارة العامة لتقنية وامن المعلومات,,"التاريخ: 14/03/1448
الموافق: 27/08/2026",27/08/2026,"التاريخ: 21/03/1448
الموافق: 03/09/2026",03/09/2026,,لا يوجد,داخل المملكة,
1095128,2026-08-15T18:28:42.324342+00:00,0.00,تأمين رخص برامج لزوم مركز التميز العسكري,,"التاريخ: 14/03/1448
الموافق: 27/08/2026",27/08/2026,"التاريخ: 21/03/1448
الموافق: 03/09/2026",03/09/2026,,لا يوجد,داخل المملكة,
1095133,2026-08-15T18:28:49.483970+00:00,0.00,قدر كهربائي تسخين غير مباشر سعة ٢٠٠ لتر الوعاءالطهي والجدران والغطاء مصنوعه من الفولاذ المقاوم للصدا ارجل قابلة للتعديل للتسويه الطاقة 32 كيلو واط الجدد 380 / 3 فاز / 60 هرتز الابعاد 1000*1150*900مم,,"التاريخ: 05/03/1448
الموافق: 18/08/2026",18/08/2026,"التاريخ: 06/03/1448
الموافق: 19/08/2026",19/08/2026,,لا يوجد,داخل المملكة,
1095142,2026-08-15T18:40:06.738778+00:00,0.00,توريد مواد كيميائية لمحطة المعالجة (STP) بالمديرية العامة لحرس الحدود بالبرشاعة,,"التاريخ: 02/03/1448
الموافق: 15/08/2026",15/08/2026,"التاريخ: 03/03/1448
الموافق: 16/08/2026",16/08/2026,,لا يوجد,داخل المملكة,
1095249,2026-08-15T18:28:57.426928+00:00,0.00,توريد وتركيب قطع غيار سيارات تابعة للمحكمة العمالية بمنطقة القصيم,,"التاريخ: 06/03/1448
الموافق: 19/08/2026",19/08/2026,"التاريخ: 07/03/1448
الموافق: 20/08/2026",20/08/2026,,لا يوجد,داخل المملكة,
1095251,2026-08-15T18:29:05.308752+00:00,0.00,إحلال عدد خمسة خزانات مياه في مجمع المحاكم في بريدة,,"التاريخ: 06/03/1448
الموافق: 19/08/2026",19/08/2026,"التاريخ: 07/03/1448
الموافق: 20/08/2026",20/08/2026,,لا يوجد,داخل المملكة,"صيانة المباني, المبـــاني"
1095267,2026-08-15T18:29:12.827280+00:00,0.00,قطع غيار وأعمال صيانة لاليات ومعدات تابعة لمديرية الدفاع المدني بمنطقة الرياض الادارة الشئون الفنية المركزية,,"التاريخ: 03/03/1448
الموافق: 16/08/2026",16/08/2026,"التاريخ: 04/03/1448
الموافق: 17/08/2026",17/08/2026,,لا يوجد,داخل المملكة,
1095306,2026-08-15T18:55:52.265651+00:00,0.00,AR26610032 توريد وإصلاح قطع غيار للكاميرات الخاصة بحاوية الزلازل بالدفاع المدني بمنطقة الحدود الشمالية,,"التاريخ: 28/02/1448
الموافق: 12/08/2026",12/08/2026,"التاريخ: 29/02/1448
الموافق: 13/08/2026",13/08/2026,,لا يوجد,داخل المملكة,
1095348,2026-08-15T18:29:19.484140+00:00,0.00,"تقديم خدمة دورات تدريبية مقدمة لموظفي مدينة الملك عبد العزيز الطبية 
بالرياض التابع للشئون الصحية بوزارة الحرس الوطني.",,"التاريخ: 01/03/1448
الموافق: 14/08/2026",14/08/2026,"التاريخ: 03/03/1448
الموافق: 16/08/2026",16/08/2026,,لا يوجد,داخل المملكة,
1095416,2026-08-15T18:29:26.131796+00:00,0.00,توريد وتامين بطاريات للعربات البرمائة,,"التاريخ: 04/03/1448
الموافق: 17/08/2026",17/08/2026,"التاريخ: 05/03/1448
الموافق: 18/08/2026",18/08/2026,,لا يوجد,داخل المملكة,
1095418,2026-08-15T18:29:31.645415+00:00,0.00,توريد وتامين كفرات للعربات البرمائية,,"التاريخ: 04/03/1448
الموافق: 17/08/2026",17/08/2026,"التاريخ: 05/03/1448
الموافق: 18/08/2026",18/08/2026,,لا يوجد,داخل المملكة,
1095422,2026-08-15T18:20:16.978462+00:00,0.00,قطع غيار وأعمال صيانة للأليات ومعدات تابعة لمديرية الدفاع المدني بمنطقة الرياض الإدارة الشؤون الفنية المركزية,,"التاريخ: 02/03/1448
الموافق: 15/08/2026",15/08/2026,"التاريخ: 03/03/1448
الموافق: 16/08/2026",16/08/2026,,لا يوجد,داخل المملكة,
1095483,2026-08-15T18:20:22.999659+00:00,0.00,تأمين قطع غيار لزوم غرفة مناولة الكهرباء بديوان الامارة,,"التاريخ: 06/03/1448
الموافق: 19/08/2026",19/08/2026,"التاريخ: 07/03/1448
الموافق: 20/08/2026",20/08/2026,,لا يوجد,داخل المملكة,
1095579,2026-08-15T18:29:39.162784+00:00,0.00,توريد محروقات ( ديزل ) لبلدية العرضية الشماليه,,"التاريخ: 03/03/1448
الموافق: 16/08/2026",16/08/2026,"التاريخ: 04/03/1448
الموافق: 17/08/2026",17/08/2026,,لا يوجد,داخل المملكة,
1095676,2026-08-15T18:40:13.023128+00:00,0.00,توريد وتركيب وتشغيل مكيف مخفي بسعة 5 طن,,"التاريخ: 29/02/1448
الموافق: 13/08/2026",13/08/2026,"التاريخ: 03/03/1448
الموافق: 16/08/2026",16/08/2026,,لا يوجد,داخل المملكة,
1095679,2026-08-15T18:40:19.847634+00:00,0.00,تأمين وتركيب قطع غيار واصلاح مركبات الدفاع المدني بمنطقة الجوف,,"التاريخ: 29/02/1448
الموافق: 13/08/2026",13/08/2026,"التاريخ: 03/03/1448
الموافق: 16/08/2026",16/08/2026,,لا يوجد,داخل المملكة,
1095681,2026-08-15T18:20:29.334217+00:00,0.00,توريد وتركيب إطارات لعدد سيارة لقاضي الاستئناف التابعة لفرع الوزارة بمنطقة القصيم,,"التاريخ: 03/03/1448
الموافق: 16/08/2026",16/08/2026,"التاريخ: 04/03/1448
الموافق: 17/08/2026",17/08/2026,,لا يوجد,داخل المملكة,
1095855,2026-08-15T18:29:45.952138+00:00,0.00,توريد عدد 2 كمبروسر تكييف مركزي لموقع رماح,,"التاريخ: 03/03/1448
الموافق: 16/08/2026",16/08/2026,"التاريخ: 04/03/1448
الموافق: 17/08/2026",17/08/2026,,لا يوجد,داخل المملكة,
1095864,2026-08-15T18:20:36.974486+00:00,0.00,توريد وتركيب بطارية تخزين الطاقة لحاجة أعمدة الإنارة التي تعمل بالطاقة الشمسية بالمديرية,,"التاريخ: 16/03/1448
الموافق: 29/08/2026",29/08/2026,"التاريخ: 17/03/1448
الموافق: 30/08/2026",30/08/2026,,لا يوجد,داخل المملكة,
1095926,2026-08-15T18:29:54.973276+00:00,0.00,اعمال تأمين وتوريد مواد سباكة وكهرباء لمباني ادارة الدفاع المدني ببريدة بمنطقة القصيم والإدارات الخارجية,,"التاريخ: 01/03/1448
الموافق: 14/08/2026",14/08/2026,"التاريخ: 03/03/1448
الموافق: 16/08/2026",16/08/2026,,لا يوجد,داخل المملكة,
1095982,2026-08-15T18:20:44.659158+00:00,0.00,تأمين اصناف تموينيه لزوم المبنى الرئيسي بالمديرية العامة لحرس الحدود,,"التاريخ: 03/03/1448
الموافق: 16/08/2026",16/08/2026,"التاريخ: 04/03/1448
الموافق: 17/08/2026",17/08/2026,,لا يوجد,داخل المملكة,
1095983,2026-08-15T18:20:50.473376+00:00,0.00,توريد أطقم كنب وكراسي لزوم البهو بالمديرية العامة لحرس الحدود,,"التاريخ: 03/03/1448
الموافق: 16/08/2026",16/08/2026,"التاريخ: 04/03/1448
الموافق: 17/08/2026",17/08/2026,,لا يوجد,داخل المملكة,
1096002,2026-08-15T18:20:56.360333+00:00,0.00,توريد و تركيب اقفال إلكترونية لزوم مستشفى الولادة والأطفال بالخرج,,"التاريخ: 02/03/1448
الموافق: 15/08/2026",15/08/2026,"التاريخ: 03/03/1448
الموافق: 16/08/2026",16/08/2026,,لا يوجد,داخل المملكة,
1096003,2026-08-15T18:21:02.535224+00:00,0.00,توريد و تركيب افران لسكن الممرضات وذلك  لعدم توفرها,,"التاريخ: 02/03/1448
الموافق: 15/08/2026",15/08/2026,"التاريخ: 03/03/1448
الموافق: 16/08/2026",16/08/2026,,لا يوجد,داخل المملكة,
1096004,2026-08-15T18:21:07.988123+00:00,0.00,توريد مكيفات سبليت لزوم مستشفى الولادة والأطفال بالخرج,,"التاريخ: 02/03/1448
الموافق: 15/08/2026",15/08/2026,"التاريخ: 03/03/1448
الموافق: 16/08/2026",16/08/2026,,لا يوجد,داخل المملكة,
1096034,2026-08-15T18:21:14.311125+00:00,0.00,توريد مستلزمات صناعيه لمستشفى الملك سلمان التخصصي للشؤون الصحية بوزارة الحرس الوطني بالطائف,,"التاريخ: 05/03/1448
الموافق: 18/08/2026",18/08/2026,"التاريخ: 06/03/1448
الموافق: 19/08/2026",19/08/2026,,لا يوجد,داخل المملكة,
1096062,2026-08-15T18:21:22.996416+00:00,0.00,توريد مستلزمات طبيه لمستشفى الملك سلمان التخصصي للشؤون الصحية بوزارة الحرس الوطني بالطائف,,"التاريخ: 05/03/1448
الموافق: 18/08/2026",18/08/2026,"التاريخ: 06/03/1448
الموافق: 19/08/2026",19/08/2026,,لا يوجد,داخل المملكة,
1096319,2026-08-15T18:21:27.935939+00:00,0.00,كراسة رقم 266296 تامين قطع غيار عدة اليات تابعة عدة ادارات,,"التاريخ: 02/03/1448
الموافق: 15/08/2026",15/08/2026,"التاريخ: 03/03/1448
الموافق: 16/08/2026",16/08/2026,,لا يوجد,داخل المملكة,
1096320,2026-08-15T18:21:33.511603+00:00,0.00,كراسة رقم 266297 تامين قطع غيار عدة اليات تابعة عدة ادارات,,"التاريخ: 02/03/1448
الموافق: 15/08/2026",15/08/2026,"التاريخ: 03/03/1448
الموافق: 16/08/2026",16/08/2026,,لا يوجد,داخل المملكة,
